Dataset: Eastern and Northern Bering Sea ,,,,,,,,,
,,,,,,,,,
Species Scientific Name,Common Name,Avg Cog Lat Start,Avg Cog Lat End,Diff in COG Lat,%Change in COG Lat,Avg Cog Depth Start,Avg Cog Depth End,Diff in COG Depth,%Change in COG Depth 
Acantholumpenus mackayi,Pighead prickleback,63.76677112976781,63.87680063203535,0.11002950226753683,0.17254990384195962,-16.947474333333332,-18.50028766666667,-1.5528133333333365,9.162505886078659
Aspidophoroides olrikii,Arctic alligatorfish,64.5417065655455,64.56477270525971,0.023066139714217115,0.03573834802584936,-43.33482133333333,-43.64229266666666,-0.3074713333333321,0.7095248667768795
Asterias amurensis,North pacific seastar,59.31375213837796,59.20898710680853,-0.1047650315694284,-0.1766285689109895,-45.644725666666666,-44.836401333333335,0.8083243333333314,-1.77090413301275
Atheresthes stomias and A. evermanni,Arrowtooth and kamchatka flounders,57.33125801546487,56.884358228803386,-0.4468997866614828,-0.77950458812701,-114.51116999999999,-110.54335666666667,3.967813333333325,-3.465001129001935
Bathymaster signatus,Searcher,57.55761809040852,58.0246453895053,0.46702729909678453,0.8114083149917745,-128.75090666666668,-136.13880333333333,-7.387896666666649,5.738131759952381
Bathyraja spp.,Skate complex,58.82943925668311,58.61110498418372,-0.21833427249939064,-0.3711309766981801,-77.92159833333334,-80.58963299999999,-2.6680346666666566,3.423998895984303
Boltenia ovifera,Stalked sea squirt,58.11618351168034,58.60082410366846,0.4846405919881178,0.8339167555466086,-60.854040999999995,-65.13916666666665,-4.285125666666659,7.041645215749368
Boreogadus saida,Arctic cod,62.846815357580596,63.37836220954143,0.5315468519608331,0.845781681914162,-54.05267666666666,-49.846223333333334,4.206453333333329,-7.782136968486844
Buccinum angulosum,Angular whelk,59.95835505482225,60.40215913571263,0.4438040808903807,0.7401872190866368,-111.72011200000001,-115.81119866666667,-4.091086666666655,3.6619070581191813
Buccinum polare,Polar whelk,60.215212855570485,61.169523046972394,0.954310191401909,1.5848323806325733,-66.50001666666667,-59.374295999999994,7.125720666666673,-10.715366738003333
Buccinum scalariforme,Ladder whelk,59.74889374810427,59.78010162603783,0.031207877933560724,0.05223172510127168,-107.06841166666668,-102.01154833333332,5.056863333333354,-4.723020781401667
Chionoecetes bairdi,Tanner crab,56.60163936507656,56.79277644549151,0.19113708041495414,0.3376882411163633,-99.34379833333334,-99.49852500000001,-0.15472666666667578,0.15574869218057624
Chionoecetes opilio,Snow crab,60.93142018283754,61.35380675507986,0.422386572242317,0.6932163586124487,-72.23430833333333,-67.83231533333333,4.4019930000000045,-6.094047415372918
Chrysaora melanaster,,62.57718254408925,62.75086503218555,0.17368248809630416,0.2775492296635995,-42.205306666666665,-42.955518000000005,-0.7502113333333398,1.7775284498189639
Clinopegma magnum,Helmet whelk,59.638188344864915,59.69710482246194,0.05891647759702323,0.0987898513219947,-100.94938366666668,-98.55365366666666,2.3957300000000146,-2.373199234094067
Clupea pallasii,Pacific herring,60.545413551029235,59.52220481722144,-1.0232087338077918,-1.689985539442067,-40.72696199999999,-47.18375566666666,-6.45679366666667,15.853855405828382
Crossaster papposus,Common sunstar,62.78613770060398,63.09536015177816,0.309222451174179,0.492501151526007,-51.20541866666667,-52.30470966666667,-1.099291000000001,2.146825528673217
Ctenodiscus crispatus,Mud star,60.066772447168546,60.14131361333307,0.07454116616452211,0.12409717240939565,-137.49793000000003,-135.38691666666668,2.1110133333333465,-1.5353055375694356
Dasycottus setiger,Spinyhead sculpin,57.78526314361099,57.31022006960157,-0.47504307400942025,-0.8220834312527366,-129.47358666666665,-125.86191000000001,3.6116766666666393,-2.789508470144572
Eleginus gracilis,Saffron cod,63.382737777968565,63.70583116699975,0.323093389031186,0.5097498157353045,-23.643438000000003,-22.757262,0.8861760000000025,-3.748084352199551
Enophrys diceraus,Antlered sculpin,64.10912625600425,64.29483423082485,0.18570797482060186,0.28967478682991576,-28.48215233333333,-23.519835333333333,4.962316999999999,-17.422549187732848
Erimacrus isenbeckii,Hair crab,59.07065208151113,59.3579823853556,0.28733030384447034,0.4864180328464726,-46.53867266666666,-45.85631266666667,0.6823599999999956,-1.4662214474559696
Eunoe depressa,Depressed scale worm,63.842541992386565,63.357962784704824,-0.48457920768174034,-0.759022420723047,-35.77783933333333,-33.93978333333333,1.8380560000000017,-5.137414763578331
Eunoe nodosa,Giant scale worm,58.66866833912315,58.56229121902118,-0.10637712010196765,-0.18131845005766078,-83.54352466666666,-80.84719000000001,2.696334666666644,-3.2274609880596343
Evasterias echinosoma,,64.51179392029816,64.49215050602531,-0.019643414272849213,-0.03044933814291058,-26.129572666666665,-25.46805466666667,0.6615179999999938,-2.531683194512738
Fusitriton oregonensis,Oregon triton,56.254815185835376,56.41960115654475,0.1647859707093744,0.29292776123254693,-103.49726666666668,-107.18902866666667,-3.691761999999997,3.5670140080994055
Gadus chalcogrammus,Walleye pollock,59.14065879929317,59.08225900601324,-0.058399793279932055,-0.09874728226840453,-93.8974,-90.55897666666668,3.338423333333324,-3.555394860063563
Gadus macrocephalus,Pacific cod,59.41312365175843,59.67418473803543,0.261061086276996,0.4393996986375744,-71.36230533333332,-69.02341533333333,2.338889999999992,-3.2774866073552933
Glyptocephalus zachirus,Rex sole,55.99351153165973,56.17454364749603,0.1810321158363024,0.3233090957939718,-127.76525666666664,-126.68443333333333,1.0808233333333135,-0.8459446343485453
Gorgonocephalus eucnemis,Basket star,58.137475332063865,58.27906790579376,0.14159257372989487,0.24354785432487472,-98.98707666666667,-98.41006,0.5770166666666654,-0.5829212116342581
Gymnocanthus pistilliger,Threaded sculpin,63.97324120002306,63.27642038122972,-0.6968208187933413,-1.0892379465573963,-23.630267,-23.340531666666664,0.28973533333333634,-1.2261195920187289
Hemilepidotus jordani,Yellow irish lord,57.029371706685076,57.13097147925032,0.101599772565244,0.17815341380191693,-74.07669866666667,-77.37635,-3.2996513333333297,4.454371472709974
Hemitripterus bolini,Bigmouth sculpin,58.55943544483976,58.65502534509102,0.09558990025126235,0.1632356929760765,-110.52177666666667,-112.76155833333333,-2.2397816666666586,2.0265523539508714
Hexagrammos stelleri,Whitespotted greenling,63.04313779773923,62.457557618747614,-0.5855801789916129,-0.9288563346423602,-21.69795166666667,-22.596362,-0.8984103333333309,4.1405306230518875
Hippoglossoides elassodon and H. robustus,Flathead sole-bering flounder,57.833889106235226,58.03258439487862,0.1986952886433926,0.34356203899483345,-103.57096333333334,-106.15334366666667,-2.582380333333333,2.493343935618506
Hippoglossus stenolepis,Pacific halibut,58.21158628198821,58.443751396526885,0.23216511453867383,0.3988297336788264,-59.22620633333333,-54.30759733333334,4.918608999999989,-8.304784831764124
Hyas coarctatus,Arctic lyre crab,61.82227683682671,63.32037949780247,1.4981026609757606,2.4232408407245214,-47.31511066666667,-42.52643233333333,4.788678333333337,-10.120822430426955
Hyas lyratus,Pacific lyre crab,57.01848161141039,57.06073446136538,0.042252849954991234,0.07410377961824874,-75.41190966666666,-77.68962,-2.2777103333333457,3.020358910682953
Icelus spiniger,Thorny sculpin,60.00683676669041,59.949393921559555,-0.057442845130857734,-0.09572716747959635,-139.31014666666667,-141.0114,-1.7012533333333408,1.2211984367542175
Labidochirus splendescens,Splendid hermit,59.77267835489608,59.720399475234764,-0.052278879661315614,-0.08746283603172915,-55.01118666666667,-56.635019,-1.6238323333333327,2.9518220415290064
Lepidopsetta sp.,Rock soles,57.9235121684712,58.02960417944936,0.10609201097815912,0.18315880202427867,-49.33303166666667,-50.42497133333333,-1.0919396666666614,2.213404750887148
Leptasterias (Hexasterias) polaris,Polar six-rayed star,61.81058128814391,61.61936505089972,-0.19121623724419123,-0.30935841931787345,-57.034856,-57.40573366666666,-0.3708776666666651,0.6502649303904005
Leptasterias arctica,Arctic star,61.91701154587849,61.73800331513841,-0.17900823074008088,-0.2891099332328751,-44.76371,-44.190219000000006,0.5734909999999971,-1.2811516292997096
Leptasterias groenlandica,Greenland star,62.644629209975186,62.34174185083578,-0.30288735913940457,-0.48350092092360003,-49.046007333333336,-49.625447666666666,-0.5794403333333307,1.1814220256406545
Lethasterias nanimensis,Black spined sea star,61.05696161395205,60.64065251474742,-0.416309099204625,-0.6818372355913216,-56.511057666666666,-60.78114166666666,-4.270083999999997,7.556191967220475
Limanda aspera,Yellowfin sole,58.66936194234782,58.923956491528095,0.25459454918027546,0.43394804502979933,-46.652425,-46.003715666666665,0.6487093333333362,-1.3905157841920033
Limanda proboscidea,Longhead dab,59.40833077576843,59.26477407768828,-0.14355669808014682,-0.2416440526194703,-25.940473666666666,-27.363481333333336,-1.4230076666666704,5.485665701221276
Limanda sakhalinensis,Sakhalin sole,62.745440859808106,62.90223171058735,0.15679085077924526,0.24988405313712347,-51.944728999999995,-52.920940333333334,-0.9762113333333389,1.8793270311090446
Liparis gibbus,Variegated snailfish,63.516009478932176,63.845529811552495,0.3295203326203193,0.5187988592539318,-52.378995,-52.514225,-0.13522999999999996,0.25817601120449135
Lumpenus fabricii,Slender eelblenny,64.06145107726843,64.12528905393498,0.063837976666548,0.09965115618369169,-22.276388999999998,-22.248320666666668,0.02806833333333003,-0.12600037345967532
Lycodes brevipes,Shortfin eelpout,60.16170939769839,60.0775998430689,-0.08410955462948522,-0.13980579254070033,-133.35784333333334,-134.1007533333333,-0.7429099999999664,0.5570800947515571
Lycodes palearis,Wattled eelpout,59.671170400709364,59.197817899345715,-0.4733525013636495,-0.7932683374315418,-90.15125733333333,-88.893662,1.2575953333333274,-1.3949836868978784
Lycodes turneri,Polar eelpout,64.26871510583346,64.44406420625599,0.1753491004225225,0.2728374141816422,-31.766806666666668,-33.938609,-2.171802333333332,6.836703342965326
Mactromeris polynyma,Arctic surfclam,57.3758716628134,57.359040317110065,-0.016831345703337774,-0.02933523311375947,-52.04069233333333,-53.27927,-1.2385776666666644,2.3800176575923935
Mallotus villosus,Capelin,60.54258372123217,60.61212733211772,0.06954361088555316,0.1148672663290456,-38.91002333333333,-37.35171866666666,1.5583046666666647,-4.004892655337219
Myoxocephalus jaok,Plain sculpin,60.57875845236521,60.25902255884909,-0.31973589351611764,-0.5278019914646073,-34.280118666666674,-34.244329666666665,0.035789000000008286,-0.10440162225811903
Myoxocephalus polyacanthocephalus,Great sculpin,58.30816375016331,59.110760425612966,0.8025966754496565,1.376473934059377,-79.38610666666666,-90.82436333333334,-11.438256666666675,14.40838598458371
Myoxocephalus scorpius,Shorthorn sculpin,64.51788796483835,64.50909950075973,-0.008788464078619995,-0.013621747945948923,-43.02132533333333,-43.02749466666666,-0.006169333333332361,0.014340174984224168
Neptunea borealis,,61.57802994361412,61.12378919318285,-0.45424075043126777,-0.7376669095247246,-51.06584,-58.214526666666664,-7.148686666666663,13.99896029648521
Neptunea heros,Northern neptune whelk,61.72661166232381,61.586637419908016,-0.13997424241579637,-0.22676482419207974,-45.573319,-45.305049,0.2682700000000011,-0.5886558317159238
Neptunea lyrata,Lyre whelk,57.06092220289975,56.98495388680533,-0.07596831609441779,-0.1331354509558859,-85.90598133333333,-84.80462,1.1013613333333296,-1.2820543066260024
Neptunea pribiloffensis,Pribilof whelk,58.6199825837543,58.59231806742218,-0.027664516332123412,-0.04719297944621062,-109.42680200000001,-107.62682333333333,1.799978666666675,-1.6449157187895107
Neptunea ventricosa,Fat whelk,60.56128486475024,60.49954696380818,-0.061737900942063106,-0.10194285190603299,-52.409195000000004,-59.790993333333326,-7.381798333333322,14.084929816863855
Occella dodecaedron,Bering poacher,60.180847315120765,60.68867512673891,0.5078278116181423,0.8438362606612018,-24.685190666666667,-24.640979333333334,0.04421133333333316,-0.17910063539850785
Ophiura sarsii,Notched brittle star,62.61367656096524,62.83752925596918,0.22385269500394145,0.3575140565112514,-50.931218333333334,-47.34999266666667,3.5812256666666613,-7.031494207007473
Oregonia gracilis,Graceful decorator crab,57.053117893603996,57.14106699309722,0.0879490994932226,0.15415301168506731,-62.995767666666666,-61.96799000000001,1.0277776666666583,-1.6315027258735868
Osmerus mordax,Rainbow smelt,62.7145566195623,62.81905332220069,0.10449670263838584,0.16662272408666062,-21.74293833333333,-21.918233999999998,-0.17529566666666696,0.8062188466860863
Pagurus aleuticus,Aleutian hermit,57.37847475344744,57.10796807126735,-0.2705066821800912,-0.47144278990064736,-102.33374500000001,-94.93235833333331,7.401386666666696,-7.232596311868285
Pagurus capillatus,Hairy hermit crab,63.10615935375102,63.235417179624996,0.12925782587397805,0.20482600620551789,-26.514295,-26.885551333333336,-0.37125633333333496,1.4002119737045051
Pagurus ochotensis,Alaskan hermit crab,59.17858097683142,59.643881557536155,0.465300580704735,0.786265187546321,-38.09108966666667,-37.58149233333333,0.509597333333339,-1.3378386856159834
Pagurus rathbuni,Longfinger hermit,62.60600794852991,63.226563928593656,0.6205559800637488,0.9912083526774693,-52.33388566666667,-48.60697666666667,3.726908999999999,-7.121407005277656
Pagurus trigonocheirus,Fuzzy hermit,63.35269880064015,63.129423280403756,-0.22327552023639186,-0.35243253162584415,-36.76803933333333,-37.218599000000005,-0.45055966666667757,1.2254111854645653
Pallasina barbata,Tubenose poacher,62.15639477243614,62.58292602736841,0.4265312549322715,0.686222642889547,-20.638486333333333,-21.871417666666662,-1.2329313333333296,5.973942630385715
Pandalus eous,Northern shrimp,59.50883444555793,59.52849302073604,0.01965857517811287,0.033034717216815356,-133.47375133333333,-138.72246333333334,-5.248712000000012,3.932392659656382
Pandalus goniurus,Humpy shrimp,63.9279703524388,64.33860642652259,0.41063607408379,0.6423417978389244,-35.66505266666667,-28.334049333333336,7.3310033333333315,-20.555145121613815
Paralithodes camtschaticus,Red king crab,57.458888893667506,57.74347831523471,0.2845894215672047,0.49529224641614855,-55.64069033333333,-54.42208733333334,1.2186029999999946,-2.190129189087274
Paralithodes platypus,Blue king crab,61.770196709217,61.285041024847594,-0.4851556843694027,-0.7854203324837568,-53.79420666666667,-47.33558733333333,6.458619333333338,-12.006161506115104
Platichthys stellatus,Starry flounder,59.16788102370867,59.61619057897456,0.4483095552658938,0.7576907394845784,-35.47586733333333,-36.38072,-0.9048526666666632,2.5506146422428926
Pleuronectes quadrituberculatus,Alaska plaice,60.15392464794806,60.470113293987254,0.31618864603919405,0.5256326131498383,-51.57901666666666,-49.117549999999994,2.4614666666666665,-4.772224880854327
Plicifusus kroyeri,Arctic whelk,58.586628811960935,58.4755179235187,-0.1111108884422336,-0.18965229898933766,-102.88632166666666,-99.72222833333332,3.1640933333333408,-3.0753294335708095
Podothecus accipenserinus,Sturgeon poacher,58.19379843389533,57.92231648312934,-0.27148195076598824,-0.46651354280366397,-52.89454733333333,-54.92129,-2.026742666666671,3.831666530567791
Podothecus veternus,,64.03202393679047,64.30689959550165,0.27487565871118136,0.42927841697230473,-35.63089166666666,-34.27085133333333,1.3600403333333304,-3.817025815847523
Pteraster obscurus,Obscure cushion star,59.438212691966946,59.08147439482991,-0.356738297137035,-0.600183419016649,-125.95949200000001,-111.47033866666668,14.489153333333334,-11.503026173949108
Reinhardtius hippoglossoides,Greenland halibut,60.55739469857921,60.46527417392977,-0.0921205246494381,-0.1521210169426252,-116.41670666666668,-120.938625,-4.521918333333318,3.88425206553972
Sarritor frenatus,Sawback poacher,56.612510109400915,56.56770693531596,-0.04480317408495438,-0.07914005932323867,-123.99178666666667,-124.09856633333334,-0.10677966666666805,0.08611833859103037
Sclerocrangon boreas,Sculptured shrimp,64.37357476875805,64.40507922060753,0.031504451849485804,0.04894003783797265,-26.389933666666668,-28.201641,-1.811707333333331,6.865145461209372
Serripes notabilis,Oblique smoothcockle,63.47347505120345,64.09768899181232,0.6242139406088683,0.9834248717362973,-34.090729333333336,-23.741630666666666,10.34909866666667,-30.357516160698555
Strongylocentrotus droebachiensis,Green sea urchin,61.5096146011044,63.486063008632804,1.9764484075284017,3.213234907007391,-50.124958,-41.97590266666666,8.149055333333337,-16.2574806213969
Styela rustica,Sea potato,59.27644130376325,59.78833133479836,0.511890031035108,0.8635640395682964,-63.76239933333333,-62.52877133333333,1.233627999999996,-1.9347264420695776
Telmessus cheiragonus,Helmet crab,63.58429609090289,63.937750162867815,0.35345407196492573,0.5558826529425007,-21.987043333333332,-21.317504333333336,0.6695389999999968,-3.045152501177573
Thaleichthys pacificus,Eulachon,56.0666234646017,56.19883597709648,0.13221251249478172,0.23581322420504883,-113.92049633333333,-106.441658,7.478838333333329,-6.56496291189789
Triglops pingelii,Ribbed sculpin,63.70327772388765,62.512992760155534,-1.1902849637321182,-1.868483076948145,-36.33092833333333,-24.417888666666666,11.913039666666666,-32.79035304951607
