Dataset: Northern Bering Sea ,,,,,,,,,
,,,,,,,,,
Species Scientific Name,Common Name,Avg Cog Lat Start,Avg Cog Lat End,Diff in COG Lat,%Change in COG Lat,Avg Cog Depth Start,Avg Cog Depth End,Diff in COG Depth,%Change in COG Depth 
Acantholumpenus mackayi,Pighead prickleback,63.76373591284503,63.876367367561436,0.11263145471640712,0.17663873219467027,-16.991794333333335,-18.521417666666668,-1.5296233333333333,9.00212951808523
Aspidophoroides olrikii,Arctic alligatorfish,64.54214322384921,64.56505109706335,0.022907873214137453,0.035492892039061814,-43.40314033333334,-43.69817,-0.2950296666666574,0.6797426739190954
Asterias amurensis,North pacific seastar,63.11062459073381,63.016217726850506,-0.09440686388330732,-0.1495894938380448,-25.255216333333333,-25.898024666666668,-0.6428083333333348,2.545249760877788
Bathyraja spp.,Skate complex,62.16556421613635,62.166276532717085,0.0007123165807314535,0.001145837876183157,-36.090120000000006,-39.013179,-2.923058999999995,8.099333003049018
Boltenia ovifera,Stalked sea squirt,64.01117724905897,63.8946597592832,-0.1165174897757737,-0.18202678779429354,-41.859716999999996,-38.10929599999999,3.750421000000003,-8.959499176738351
Boreogadus saida,Arctic cod,62.79820454767435,63.324332172987134,0.5261276253127818,0.8378067957553831,-54.97197,-50.85392466666667,4.118045333333328,-7.491172925644338
Buccinum angulosum,Angular whelk,62.722918597596795,62.513388848265144,-0.2095297493316508,-0.3340561217756835,-42.605267999999995,-39.45024133333333,3.1550266666666644,-7.4052501363602845
Buccinum polare,Polar whelk,62.69199092240303,62.729353665970535,0.03736274356750613,0.05959731541107354,-46.968989,-47.119255,-0.150266000000002,0.31992598350371565
Buccinum scalariforme,Ladder whelk,62.82632842893903,62.42194350687222,-0.40438492206681076,-0.643655187528901,-48.354636,-44.67626066666667,3.678375333333328,-7.607078943440558
Chionoecetes opilio,Snow crab,62.34274213383761,62.722628930482635,0.37988679664502456,0.6093520811604377,-52.34439833333334,-50.86352333333334,1.4808749999999975,-2.8290992869373843
Chrysaora melanaster,,62.51914747913276,62.69840931239994,0.17926183326717648,0.2867310903863642,-43.41621733333333,-44.02667399999999,-0.6104566666666642,1.4060567782306053
Clupea pallasii,Pacific herring,62.361333120612294,62.11442956926998,-0.24690355134231368,-0.3959241071142282,-42.64371566666667,-37.251132000000005,5.392583666666667,-12.645670252608616
Crossaster papposus,Common sunstar,64.86995804975147,65.03588009302139,0.16592204326991578,0.255776399828505,-37.41284533333333,-39.15828066666666,-1.745435333333333,4.665337046092618
Eleginus gracilis,Saffron cod,63.365200535192834,63.70063798293137,0.3354374477385349,0.5293717133464038,-23.592654333333332,-22.71432366666666,0.8783306666666704,-3.722898891566025
Enophrys diceraus,Antlered sculpin,64.10898439496698,64.29464547794686,0.18566108297987682,0.2896022838796563,-28.540942,-23.507834333333335,5.033107666666666,-17.63469358042445
Erimacrus isenbeckii,Hair crab,60.99897107234106,60.99427581723956,-0.004695255101495377,-0.00769726934562075,-34.53208066666667,-35.23153766666667,-0.6994569999999953,2.0255281074770894
Eunoe depressa,Depressed scale worm,63.83890932374552,63.35071001623311,-0.48819930751241003,-0.7647362912116975,-35.80494233333334,-33.98183433333333,1.8231080000000048,-5.09177750665652
Eunoe nodosa,Giant scale worm,63.102453532942576,62.90004674245762,-0.20240679048495736,-0.3207589866205299,-50.032557,-50.998611333333336,-0.9660543333333393,1.930851412078218
Evasterias echinosoma,,64.51154042867714,64.49175596129994,-0.019784467377192527,-0.030668105653229437,-26.001734666666664,-25.343491333333333,0.6582433333333313,-2.5315362293007966
Gadus chalcogrammus,Walleye pollock,63.02504969530569,62.7877826058477,-0.2372670894579869,-0.3764647399804579,-41.92277833333333,-46.1153,-4.192521666666664,10.000581624937622
Gadus macrocephalus,Pacific cod,63.53079900130831,62.777344671978916,-0.7534543293293936,-1.1859670288640278,-40.728351333333336,-41.24418633333334,-0.5158350000000027,1.2665256095888846
Gorgonocephalus eucnemis,Basket star,62.94832244660947,63.704702218665155,0.7563797720556877,1.2015884501087732,-41.822705000000006,-37.84999166666666,3.9727133333333455,-9.498939232489494
Gymnocanthus pistilliger,Threaded sculpin,63.9699156023165,63.26462980413718,-0.7052857981793181,-1.102527323255962,-23.541406666666663,-23.293779,0.2476276666666628,-1.05188135175155
Hexagrammos stelleri,Whitespotted greenling,63.01473926348294,62.4262978334777,-0.5884414300052399,-0.9338155436060684,-21.730825333333332,-22.567543,-0.8367176666666687,3.850372242342822
Hippoglossoides elassodon and H. robustus,Flathead sole-bering flounder,62.74164053232585,62.60492845358262,-0.13671207874322988,-0.2178968824903341,-56.683484666666665,-56.432549,0.25093566666666334,-0.44269626001703594
Hippoglossus stenolepis,Pacific halibut,61.886989961229055,61.85086939096404,-0.036120570265012475,-0.05836536934118347,-27.750041333333332,-30.945841666666666,-3.1958003333333345,11.516380444069974
Hyas coarctatus,Arctic lyre crab,63.95475715614098,64.17229315895266,0.21753600281167706,0.3401404562925295,-37.90454333333333,-39.757335000000005,-1.8527916666666755,4.8880464021771415
Labidochirus splendescens,Splendid hermit,63.109300177980685,63.246436926797365,0.1371367488166797,0.21730037954774808,-31.572319000000004,-31.05577866666667,0.5165403333333352,-1.6360544606600962
Lepidopsetta sp.,Rock soles,62.146737857006634,61.895243760093514,-0.2514940969131203,-0.404677873023332,-34.38536366666667,-41.135975,-6.750611333333332,19.632223171387906
Leptasterias (Hexasterias) polaris,Polar six-rayed star,63.72079986602713,63.67284531739989,-0.04795454862723858,-0.07525729232536776,-41.529777333333335,-41.095397,0.4343803333333369,-1.045949102608569
Leptasterias arctica,Arctic star,63.95022822120935,63.785641352688685,-0.16458686852066506,-0.2573671323757359,-33.88941833333333,-34.44644433333333,-0.5570260000000005,1.6436575999066783
Leptasterias groenlandica,Greenland star,62.63369601318353,62.329915388896325,-0.30378062428720654,-0.485011493211681,-50.14221966666667,-50.004888666666666,0.1373310000000032,-0.27388296910856047
Lethasterias nanimensis,Black spined sea star,64.28403157088319,64.31453367964917,0.03050210876598669,0.04744896675055819,-29.36591266666667,-31.165494,-1.7995813333333288,6.128130100230253
Limanda aspera,Yellowfin sole,61.944058372514824,62.10335928042095,0.15930090790612894,0.25716898777948377,-32.71241666666666,-34.648662333333334,-1.9362456666666716,5.918993042906761
Limanda proboscidea,Longhead dab,62.1955731862368,61.77731294693158,-0.4182602393052193,-0.6724919763224816,-25.234818333333333,-23.640637666666663,1.59418066666667,-6.317385152564681
Limanda sakhalinensis,Sakhalin sole,62.72217231069768,62.884359406650056,0.16218709595237613,0.25858016388363203,-52.23135366666667,-53.007128333333334,-0.7757746666666634,1.485266247582919
Liparis gibbus,Variegated snailfish,63.45336849942846,63.80086132287283,0.3474928234443695,0.5476349509285696,-53.387374666666666,-53.046752,0.3406226666666683,-0.6380210092618432
Lumpenus fabricii,Slender eelblenny,64.06117540546718,64.12467237565687,0.06349697018968925,0.09911927120879868,-22.277607333333332,-22.231755000000003,0.04585233333332894,-0.2058225223528446
Lycodes palearis,Wattled eelpout,62.30069128330921,62.28237090298172,-0.018320380327494945,-0.029406383701561113,-58.161915666666665,-49.88553666666667,8.276378999999999,-14.229894089859382
Lycodes turneri,Polar eelpout,64.26899470415731,64.44324877340996,0.17425406925265463,0.27113240226454455,-31.839403000000004,-33.967837,-2.1284339999999986,6.684905492731752
Mallotus villosus,Capelin,62.891940872916315,62.97597148960648,0.0840306166901641,0.13361110425890974,-42.54394266666667,-39.52051266666667,3.0234300000000047,-7.106605101667911
Myoxocephalus jaok,Plain sculpin,62.860363803874094,62.77681495781176,-0.08354884606233526,-0.1329118080242261,-27.782555333333335,-29.404682999999995,-1.6221276666666604,5.838655397980768
Myoxocephalus polyacanthocephalus,Great sculpin,63.642167111214356,63.208716808051605,-0.43345030316275057,-0.681074078456974,-42.176782,-48.21081433333334,-6.034032333333336,14.306526119829
Myoxocephalus scorpius,Shorthorn sculpin,64.51641776206402,64.5032796691588,-0.01313809290522272,-0.020363952868052735,-43.086275666666666,-43.12022933333333,-0.033953666666661775,0.07880390249865514
Neptunea borealis,,62.97107172713109,62.38018726354301,-0.5908844635880826,-0.9383427141728318,-41.660530666666666,-44.419831666666674,-2.7593010000000078,6.623297773323309
Neptunea heros,Northern neptune whelk,62.83983829914671,62.91115882973022,0.07132053058350607,0.11349572582282491,-38.53665166666667,-37.74460466666667,0.7920470000000037,-2.055308299358832
Neptunea ventricosa,Fat whelk,63.78054544153169,63.6695957814409,-0.11094966009079599,-0.17395533280991574,-35.623011999999996,-34.64293166666667,0.9800803333333263,-2.751256219809056
Occella dodecaedron,Bering poacher,61.68497817290555,61.75202474826724,0.06704657536168668,0.10869190092562302,-20.813086333333334,-21.484320333333333,-0.6712339999999983,3.225057491473425
Ophiura sarsii,Notched brittle star,62.59613504484764,62.82365572389929,0.22752067905165063,0.36347400504622385,-51.28834533333333,-47.56123633333333,3.7271089999999987,-7.266970645624777
Osmerus mordax,Rainbow smelt,62.678595457330424,62.80016354843175,0.12156809110132372,0.19395471486607158,-21.72631266666667,-21.911756333333333,-0.18544366666666434,0.8535441310811063
Pagurus capillatus,Hairy hermit crab,63.091753081444125,63.22699310536836,0.13524002392423284,0.21435451912336892,-26.552595999999998,-26.876393000000004,-0.3237970000000061,1.2194551523323978
Pagurus ochotensis,Alaskan hermit crab,62.081744508689354,62.435407454598455,0.3536629459091003,0.5696730153251403,-25.879994666666665,-25.355193333333332,0.5248013333333326,-2.0278262808503382
Pagurus rathbuni,Longfinger hermit,62.524979410276664,63.094321946921276,0.5693425366446121,0.9105841249601987,-52.92382033333333,-49.802118,3.1217023333333316,-5.898482599464141
Pagurus trigonocheirus,Fuzzy hermit,63.33487256265991,63.10478215109284,-0.230090411567069,-0.3632918205360415,-36.85800333333333,-37.351455333333334,-0.4934520000000049,1.3387920000369118
Pallasina barbata,Tubenose poacher,62.100148212793705,62.56086510470223,0.4607168919085254,0.7418933853906805,-20.61473433333333,-21.816581000000003,-1.2018466666666718,5.830037133795734
Pandalus goniurus,Humpy shrimp,63.8904601682238,64.33512610980549,0.4446659415816896,0.695981748152827,-35.966975,-28.342797666666666,7.624177333333332,-21.19771633097677
Paralithodes camtschaticus,Red king crab,63.96103302927651,64.04268084945527,0.08164782017875893,0.1276524413565784,-23.686542000000003,-23.006902333333333,0.6796396666666702,-2.869307249098117
Paralithodes platypus,Blue king crab,64.2740144350479,64.25731482348907,-0.016699611558834704,-0.025981902181807074,-37.44722333333333,-37.54826366666667,-0.10104033333333717,0.26982062844535915
Platichthys stellatus,Starry flounder,63.77607738906968,63.596206764074736,-0.17987062499494044,-0.282034631728178,-23.016650666666667,-24.409048333333335,-1.3923976666666675,6.049523394310256
Pleuronectes quadrituberculatus,Alaska plaice,62.481993156772035,62.62856970543274,0.14657654866070402,0.23459006548163788,-39.14690733333334,-39.589891,-0.4429836666666631,1.131593009109727
Podothecus accipenserinus,Sturgeon poacher,61.1028976463169,61.194470321891636,0.09157267557473858,0.1498663387533444,-35.19047733333334,-37.877428333333334,-2.6869509999999934,7.635449143097707
Podothecus veternus,,64.03073345024946,64.30668497734716,0.2759515270977033,0.43096730621102736,-35.54019366666667,-34.165577666666664,1.3746160000000032,-3.867778585824823
Sclerocrangon boreas,Sculptured shrimp,64.37367258731712,64.40482771281596,0.031155125498841585,0.04839730940716867,-26.246062666666663,-28.069187,-1.823124333333336,6.946277453070178
Serripes notabilis,Oblique smoothcockle,63.472015143999045,64.09773572773018,0.6257205837311375,0.9858212037408366,-34.375244333333335,-23.628032666666666,10.747211666666669,-31.264393534056147
Strongylocentrotus droebachiensis,Green sea urchin,63.75218818971464,64.0663902770684,0.3142020873537561,0.4928491025574671,-39.73472999999999,-36.15826333333333,3.5764666666666614,-9.000858107420541
Styela rustica,Sea potato,62.7108514407949,63.302663082861436,0.5918116420665385,0.9437148890017318,-36.07855366666667,-35.34479033333333,0.7337633333333429,-2.0337936495810083
Telmessus cheiragonus,Helmet crab,64.01678939427681,64.18206618925508,0.16527679497826853,0.2581772634055973,-20.99377966666667,-20.763399,0.2303806666666688,-1.0973758433430676
Triglops pingelii,Ribbed sculpin,63.6900844607047,62.49588685429266,-1.1941976064120468,-1.8750133816337438,-36.20831033333334,-24.32488766666667,11.883422666666668,-32.819600133969246
