Dataset: West Coast Triennial,,,,,,,,,
,,,,,,,,,
Species Scientific Name,Common Name,Avg Cog Lat Start,Avg Cog Lat End,Diff in COG Lat,%Change in COG Lat,Avg Cog Depth Start,Avg Cog Depth End,Diff in COG Depth,%Change in COG Depth 
Alosa sapidissima,American shad,42.08850362276555,46.817030971586725,4.728527348821174,11.234724311423435,-129.90269666666669,-143.15589666666668,-13.253199999999993,10.202405600561173
Anoplopoma fimbria,Sablefish,44.76805300922715,45.75101488736404,0.9829618781368907,2.1956770778802737,-237.14142,-220.19185333333334,16.94956666666667,-7.1474509457970985
Atheresthes stomias,Arrowtooth flounder,47.46815897436243,47.74441138749962,0.2762524131371862,0.5819741466830222,-221.7873066666667,-234.40696333333332,-12.619656666666629,5.689981476547362
Bathyraja spp.,Skate complex,44.84234076238303,45.23319791916092,0.3908571567778907,0.8716252321639947,-291.39474666666666,-255.53915333333336,35.8555933333333,-12.304818032409267
Beringraja binoculata,Big skate,46.137219339834054,42.21976423914962,-3.9174551006844354,-8.490878203624582,-131.416112,-103.22486166666665,28.191250333333343,-21.451898023990655
Beringraja rhina,Longnose skate,44.329902620810145,44.387950182584966,0.05804756177482062,0.13094448294044048,-210.27680666666666,-199.7849,10.491906666666665,-4.989569146015501
Citharichthys sordidus,Pacific sanddab,40.434740901682694,42.294720225138576,1.8599793234558817,4.599953609146235,-102.354738,-93.19522333333333,9.159514666666666,-8.948794013489309
Clupea pallasii,Pacific herring,44.34036280531865,42.477477215953975,-1.862885589364673,-4.201331408910391,-116.12558,-106.18684999999999,9.938730000000007,-8.558605261648646
Doryteuthis opalescens,California market squid,40.161917758272274,38.90816254731356,-1.2537552109587153,-3.121751352873271,-107.52345666666668,-107.53414500000001,-0.010688333333334299,0.009940466633684579
Eopsetta jordani,Petrale sole,44.615157328156236,43.49344416036968,-1.1217131677865595,-2.514197494667706,-155.49284,-134.19657000000004,21.296269999999964,-13.695981113985676
Gadus chalcogrammus,Walleye pollock,48.32709951088032,48.57013876460892,0.2430392537285968,0.5029046977542676,-145.3213066666667,-110.67565666666667,34.64565000000002,-23.84072287449843
Gadus macrocephalus,Pacific cod,47.936120568252456,47.9884919869811,0.05237141872864726,0.10925251795059163,-193.41413333333335,-187.60080666666667,5.813326666666683,-3.0056369544866155
Glyptocephalus zachirus,Rex sole,44.00955443391748,44.26679374159283,0.2572393076753485,0.5845078664943224,-207.26490333333334,-207.2433133333333,0.02159000000003175,-0.010416621267185636
Gorgonocephalus eucnemis,Basket star,44.217586189196226,44.26517904322782,0.04759285403159197,0.10763331545949568,-96.80793833333333,-145.41549,-48.60755166666668,50.210295254196026
Hippoglossoides elassodon,Flathead sole,47.51817263482324,47.93673917738305,0.41856654255981596,0.8808557218235145,-134.73732166666665,-145.87002333333334,-11.13270166666669,8.26252260988862
Hippoglossus stenolepis,Pacific halibut,45.71769271218303,47.134074554971164,1.4163818427881338,3.0981043853306507,-174.0902266666667,-188.25136666666663,-14.161139999999932,8.134368178585056
Hydrolagus colliei,Spotted ratfish,47.07109478290647,45.53533411148194,-1.5357606714245335,-3.2626406471052247,-196.75922333333332,-192.65742,4.101803333333322,-2.0846816041677414
Icelinus filamentosus,Threadfin sculpin,44.25359691386394,45.52961951849164,1.2760226046277054,2.8834325198726347,-238.79728,-254.02830333333335,-15.231023333333354,6.378223124372838
Lepidopsetta sp.,Rock soles,45.676067746998136,43.09665081441031,-2.579416932587826,-5.6471956974828394,-88.97774633333334,-97.03911866666665,-8.06137233333331,9.05998709287753
Lycodes cortezianus,Bigfin eelpout,43.067004969122884,42.895552412022134,-0.1714525571007499,-0.3981065254564921,-296.9393733333333,-313.45480000000003,-16.515426666666713,5.561885068076538
Lyopsetta exilis,Slender sole,43.88803712904164,44.71093563324559,0.8228985042039483,1.8749950055511118,-225.6107833333333,-212.36779,13.242993333333288,-5.869840589032109
Merluccius productus,Pacific hake,41.771168193294436,43.79264234007881,2.021474146784371,4.839400558370977,-129.83840999999998,-171.03576666666666,-41.19735666666668,31.729714393966074
Metacarcinus magister,Dungeness crab,44.39882464576985,43.541627652475064,-0.8571969932947852,-1.9306749674880317,-101.88972966666665,-126.71519,-24.825460333333353,24.365027186302402
Microgadus proximus,Pacific tomcod,44.4112737295012,44.48114038472804,0.06986665522684632,0.15731738668966797,-72.70551666666667,-68.80072833333334,3.904788333333329,-5.370690578041871
Microstomus pacificus,Dover sole,43.89869976770979,44.89180379316576,0.9931040254559633,2.2622629615705674,-243.22124,-223.0534266666667,20.1678133333333,-8.291962220624029
Oncorhynchus tshawytscha,Chinook salmon,43.69672051817437,40.244689674715254,-3.452030843459113,-7.899976937681953,-137.5027716666667,-103.80436333333334,33.69840833333335,-24.50743932276857
Ophiodon elongatus,Lingcod,45.32135206422053,45.33075570709625,0.009403642875724927,0.020748813632920592,-208.27486666666664,-207.38223333333335,0.8926333333332934,-0.4285842778917285
Pandalus jordani,Ocean shrimp,45.54868090905359,45.280642867446204,-0.2680380416073831,-0.5884649923069581,-186.28892333333332,-193.73128,-7.442356666666683,3.9950612916205506
Parophrys vetulus,English sole,41.626505234502964,42.97167286553289,1.3451676310299234,3.2315170909782602,-142.94706499999998,-128.48672333333334,14.460341666666636,-10.115871680657898
Porichthys notatus,Plainfin midshipman,37.70563082041702,37.633831853399464,-0.07179896701755695,-0.19041974754253124,-104.57017,-116.24175733333334,-11.671587333333335,11.161488341592381
Sebastes alutus,Pacific ocean perch,46.82896810289617,46.67971894150735,-0.14924916138881628,-0.3187111897509137,-328.20931666666667,-343.7687166666667,-15.55940000000004,4.740694188094103
Sebastes babcocki,Redbanded rockfish,45.76065656425411,45.13836246038745,-0.6222941038666647,-1.35988893208488,-266.9826233333333,-298.6783433333333,-31.695719999999994,11.871828812029925
Sebastes crameri,Darkblotched rockfish,43.10560470060715,43.88473004226856,0.7791253416614055,1.8074803661214647,-298.6368933333333,-275.9838466666667,22.653046666666626,-7.585481624127962
Sebastes diploproa,Splitnose rockfish,41.94471577290528,41.49684610444508,-0.44786966846019993,-1.0677618389048829,-380.36014,-371.06755333333336,9.292586666666637,-2.4431021259658374
Sebastes elongatus,Greenstriped rockfish,43.70970149651735,44.972746390206446,1.2630448936890986,2.8896214122847166,-220.54114,-231.0864633333333,-10.5453233333333,4.7815674360499365
Sebastes entomelas,Widow rockfish,44.677826496943815,43.04454621278563,-1.6332802841581824,-3.6556842895432857,-199.99103666666667,-274.60205666666667,-74.61102,37.30718198353923
Sebastes flavidus,Yellowtail rockfish,46.409388128791754,48.05303609288662,1.6436479640948676,3.5416281712948736,-158.01217666666665,-239.84991000000002,-81.83773333333338,51.792042271510205
Sebastes goodei,Chilipepper rockfish,38.507837151479926,38.88511203393389,0.37727488245396756,0.9797353223705223,-244.01668333333336,-279.63306000000006,-35.616376666666696,14.59587769989225
Sebastes helvomaculatus,Rosethorn rockfish,45.76076269464138,45.80325294443586,0.04249024979448279,0.09285301925148733,-280.00039999999996,-339.96896333333336,-59.96856333333341,21.417313451457005
Sebastes jordani,Shortbelly rockfish,39.467175215780905,38.684294951102494,-0.7828802646784112,-1.98362375923316,-203.60279666666668,-216.39706333333334,-12.794266666666658,6.283934639470157
Sebastes melanostictus and S. aleutianus,Blackspotted and rougheye rockfish,46.30017106889602,45.90502270123087,-0.3951483676651506,-0.8534490446636973,-256.75029,-292.7199533333333,-35.9696633333333,14.009590148207154
Sebastes paucispinis,Bocaccio,40.37960624679799,42.045259195468724,1.6656529486707328,4.124985614001165,-224.72394999999997,-310.6465333333333,-85.92258333333334,38.23472457356385
Sebastes pinniger,Canary rockfish,44.81224968183957,45.91096421715102,1.0987145353114514,2.4518174006263114,-201.48615333333336,-193.27006666666668,8.216086666666683,-4.077742579696882
Sebastes proriger,Redstripe rockfish,47.71354116021832,47.07936890118097,-0.6341722590373493,-1.3291242771267986,-243.63693666666666,-225.61713,18.019806666666653,-7.396171907759849
Sebastes saxicola,Stripetail rockfish,39.40860128272116,40.19269478086084,0.7840934981396828,1.9896506666514737,-251.20344999999998,-273.35492999999997,-22.151479999999992,8.818143222157177
Sebastes zacentrus,Sharpchin rockfish,46.74444344154901,45.333698819205004,-1.410744622344005,-3.0179942651537877,-300.8182033333333,-305.69617666666664,-4.87797333333333,1.6215685351754132
Sebastolobus alascanus,Shortspine thornyhead,45.179807984259746,44.81164926213629,-0.3681587221234537,-0.8148744727992581,-309.39034999999996,-362.1213266666667,-52.73097666666672,17.04351046070659
Squalus suckleyi,Pacific spiny dogfish,46.43436800536535,47.13838099956619,0.7040129942008377,1.5161463899314644,-156.8098,-135.11288333333331,21.69691666666668,-13.836454524313327
Thaleichthys pacificus,Eulachon,46.23015716900493,47.636740894620665,1.4065837256157323,3.042567474892294,-143.96874000000003,-122.15050666666667,21.818233333333353,-15.15484078928061
Zalembius rosaceus,Pink seaperch,37.247091202227644,37.301463886083894,0.0543726838562506,0.14597833576061567,-120.39430333333333,-120.13287666666666,0.26142666666666514,-0.21714205691515015
