Project Request,Scientific Name,Point of Contact for Submission,Email,ITIS TSN,ITIS accepted Taxon
CalCOFI Ichthyoplankton,Ablennes hians,Ed Weber,ed.weber@noaa.gov,165548,Ablennes hians
CalCOFI Ichthyoplankton,Abralia,Ed Weber,ed.weber@noaa.gov,82406,Abralia
CalCOFI Ichthyoplankton,Abraliopsis felis,Ed Weber,ed.weber@noaa.gov,82401,Abraliopsis felis
CalCOFI Ichthyoplankton,Agonidae,Ed Weber,ed.weber@noaa.gov,167426,Agonidae
CalCOFI Ichthyoplankton,Agonopsis sterletus,Ed Weber,ed.weber@noaa.gov,167431,Agonopsis sterletus
CalCOFI Ichthyoplankton,Albatrossia pectoralis,Ed Weber,ed.weber@noaa.gov,165427,Albatrossia pectoralis
CalCOFI Ichthyoplankton,Alloclinus holderi,Ed Weber,ed.weber@noaa.gov,171465,Alloclinus holderi
CalCOFI Ichthyoplankton,Ammodytes hexapterus,Ed Weber,ed.weber@noaa.gov,171672,Ammodytes hexapterus
CalCOFI Ichthyoplankton,Anarrhichthys ocellatus,Ed Weber,ed.weber@noaa.gov,171345,Anarrhichthys ocellatus
CalCOFI Ichthyoplankton,Anguilliformes,Ed Weber,ed.weber@noaa.gov,161123,Anguilliformes
CalCOFI Ichthyoplankton,Anisotremus davidsonii,Ed Weber,ed.weber@noaa.gov,553364,Anisotremus davidsonii
CalCOFI Ichthyoplankton,Anoplarchus purpurescens,Ed Weber,ed.weber@noaa.gov,171564,Anoplarchus purpurescens
CalCOFI Ichthyoplankton,Anoplopoma fimbria,Ed Weber,ed.weber@noaa.gov,167123,Anoplopoma fimbria
CalCOFI Ichthyoplankton,Anotopterus pharao,Ed Weber,ed.weber@noaa.gov,162534,Anotopterus pharao
CalCOFI Ichthyoplankton,Antennarius avalonis,Ed Weber,ed.weber@noaa.gov,164529,Antennarius avalonis
CalCOFI Ichthyoplankton,Apodichthys sanctaerosae,Ed Weber,ed.weber@noaa.gov,630995,Apodichthys sanctaerosae
CalCOFI Ichthyoplankton,Arctozenus risso,Ed Weber,ed.weber@noaa.gov,644687,Arctozenus risso
CalCOFI Ichthyoplankton,Argentina sialis,Ed Weber,ed.weber@noaa.gov,162068,Argentina sialis
CalCOFI Ichthyoplankton,Argonauta argo,Ed Weber,ed.weber@noaa.gov,82683,Argonauta argo
CalCOFI Ichthyoplankton,Argyropelecus,Ed Weber,ed.weber@noaa.gov,162213,Argyropelecus
CalCOFI Ichthyoplankton,Argyropelecus affinis,Ed Weber,ed.weber@noaa.gov,162216,Argyropelecus affinis
CalCOFI Ichthyoplankton,Argyropelecus hemigymnus,Ed Weber,ed.weber@noaa.gov,162219,Argyropelecus hemigymnus
CalCOFI Ichthyoplankton,Argyropelecus lychnus,Ed Weber,ed.weber@noaa.gov,162214,Argyropelecus lychnus
CalCOFI Ichthyoplankton,Argyropelecus sladeni,Ed Weber,ed.weber@noaa.gov,162221,Argyropelecus sladeni
CalCOFI Ichthyoplankton,Aristostomias scintillans,Ed Weber,ed.weber@noaa.gov,162274,Aristostomias scintillans
CalCOFI Ichthyoplankton,Artedius,Ed Weber,ed.weber@noaa.gov,167211,Artedius
CalCOFI Ichthyoplankton,Artedius fenestralis,Ed Weber,ed.weber@noaa.gov,167212,Artedius fenestralis
CalCOFI Ichthyoplankton,Artedius harringtoni,Ed Weber,ed.weber@noaa.gov,167213,Artedius harringtoni
CalCOFI Ichthyoplankton,Artedius lateralis,Ed Weber,ed.weber@noaa.gov,167214,Artedius lateralis
CalCOFI Ichthyoplankton,Ascelichthys rhodorus,Ed Weber,ed.weber@noaa.gov,167218,Ascelichthys rhodorus
CalCOFI Ichthyoplankton,Astronesthinae,Ed Weber,ed.weber@noaa.gov,622316,Astronesthinae
CalCOFI Ichthyoplankton,Atherinops affinis,Ed Weber,ed.weber@noaa.gov,165986,Atherinops affinis
CalCOFI Ichthyoplankton,Atherinopsidae,Ed Weber,ed.weber@noaa.gov,630579,Atherinopsidae
CalCOFI Ichthyoplankton,Atherinopsis californiensis,Ed Weber,ed.weber@noaa.gov,166012,Atherinopsis californiensis
CalCOFI Ichthyoplankton,Atractoscion nobilis,Ed Weber,ed.weber@noaa.gov,169387,Atractoscion nobilis
CalCOFI Ichthyoplankton,Aulorhynchus flavidus,Ed Weber,ed.weber@noaa.gov,166404,Aulorhynchus flavidus
CalCOFI Ichthyoplankton,Auxis,Ed Weber,ed.weber@noaa.gov,172454,Auxis
CalCOFI Ichthyoplankton,Bathophilus,Ed Weber,ed.weber@noaa.gov,162243,Bathophilus
CalCOFI Ichthyoplankton,Bathophilus filifer,Ed Weber,ed.weber@noaa.gov,622559,Bathophilus filifer
CalCOFI Ichthyoplankton,Bathophilus flemingi,Ed Weber,ed.weber@noaa.gov,162244,Bathophilus flemingi
CalCOFI Ichthyoplankton,Bathyagonus,Ed Weber,ed.weber@noaa.gov,167444,Bathyagonus
CalCOFI Ichthyoplankton,Bathyagonus pentacanthus,Ed Weber,ed.weber@noaa.gov,167450,Bathyagonus pentacanthus
CalCOFI Ichthyoplankton,Bathylagidae,Ed Weber,ed.weber@noaa.gov,162080,Bathylagidae
CalCOFI Ichthyoplankton,Bathylagoides wesethi,Ed Weber,ed.weber@noaa.gov,623380,Bathylagoides wesethi
CalCOFI Ichthyoplankton,Bathylagus,Ed Weber,ed.weber@noaa.gov,162081,Bathylagus
CalCOFI Ichthyoplankton,Bathylagus pacificus,Ed Weber,ed.weber@noaa.gov,162086,Bathylagus pacificus
CalCOFI Ichthyoplankton,Bathylychnops exilis,Ed Weber,ed.weber@noaa.gov,162109,Bathylychnops exilis
CalCOFI Ichthyoplankton,Bathymasteridae,Ed Weber,ed.weber@noaa.gov,170945,Bathymasteridae
CalCOFI Ichthyoplankton,Bathypterois,Ed Weber,ed.weber@noaa.gov,162439,Bathypterois
CalCOFI Ichthyoplankton,Benthalbella,Ed Weber,ed.weber@noaa.gov,162549,Benthalbella
CalCOFI Ichthyoplankton,Benthalbella dentata,Ed Weber,ed.weber@noaa.gov,162550,Benthalbella dentata
CalCOFI Ichthyoplankton,Benthosema,Ed Weber,ed.weber@noaa.gov,162679,Benthosema
CalCOFI Ichthyoplankton,Benthosema panamense,Ed Weber,ed.weber@noaa.gov,623748,Benthosema panamense
CalCOFI Ichthyoplankton,Berryteuthis,Ed Weber,ed.weber@noaa.gov,82429,Berryteuthis
CalCOFI Ichthyoplankton,Blennioidei,Ed Weber,ed.weber@noaa.gov,171123,Blennioidei
CalCOFI Ichthyoplankton,Bolinichthys longipes,Ed Weber,ed.weber@noaa.gov,623750,Bolinichthys longipes
CalCOFI Ichthyoplankton,Bothragonus swanii,Ed Weber,ed.weber@noaa.gov,643659,Bothragonus swanii
CalCOFI Ichthyoplankton,Brama,Ed Weber,ed.weber@noaa.gov,170288,Brama
CalCOFI Ichthyoplankton,Brama japonica,Ed Weber,ed.weber@noaa.gov,170289,Brama japonica
CalCOFI Ichthyoplankton,Bramidae,Ed Weber,ed.weber@noaa.gov,170287,Bramidae
CalCOFI Ichthyoplankton,Brosmophycis marginata,Ed Weber,ed.weber@noaa.gov,164809,Brosmophycis marginata
CalCOFI Ichthyoplankton,Bythitidae,Ed Weber,ed.weber@noaa.gov,165140,Bythitidae
CalCOFI Ichthyoplankton,Carangidae,Ed Weber,ed.weber@noaa.gov,168584,Carangidae
CalCOFI Ichthyoplankton,Caranx caballus,Ed Weber,ed.weber@noaa.gov,168611,Caranx caballus
CalCOFI Ichthyoplankton,Caristiidae,Ed Weber,ed.weber@noaa.gov,168820,Caristiidae
CalCOFI Ichthyoplankton,Caristius maderensis,Ed Weber,ed.weber@noaa.gov,645450,Caristius maderensis
CalCOFI Ichthyoplankton,Cataetyx rubrirostris,Ed Weber,ed.weber@noaa.gov,164905,Cataetyx rubrirostris
CalCOFI Ichthyoplankton,Caulolatilus princeps,Ed Weber,ed.weber@noaa.gov,168540,Caulolatilus princeps
CalCOFI Ichthyoplankton,Caulophryne,Ed Weber,ed.weber@noaa.gov,164660,Caulophryne
CalCOFI Ichthyoplankton,Caulophryne pelagica,Ed Weber,ed.weber@noaa.gov,649743,Caulophryne pelagica
CalCOFI Ichthyoplankton,Cebidichthys violaceus,Ed Weber,ed.weber@noaa.gov,171618,Cebidichthys violaceus
CalCOFI Ichthyoplankton,Centrobranchus nigroocellatus,Ed Weber,ed.weber@noaa.gov,162732,Centrobranchus nigroocellatus
CalCOFI Ichthyoplankton,Ceratoscopelus,Ed Weber,ed.weber@noaa.gov,162576,Ceratoscopelus
CalCOFI Ichthyoplankton,Ceratoscopelus townsendi,Ed Weber,ed.weber@noaa.gov,162577,Ceratoscopelus townsendi
CalCOFI Ichthyoplankton,Chaenopsis alepidota,Ed Weber,ed.weber@noaa.gov,171467,Chaenopsis alepidota
CalCOFI Ichthyoplankton,Chauliodus,Ed Weber,ed.weber@noaa.gov,162278,Chauliodus
CalCOFI Ichthyoplankton,Chauliodus macouni,Ed Weber,ed.weber@noaa.gov,162279,Chauliodus macouni
CalCOFI Ichthyoplankton,Cheilopogon,Ed Weber,ed.weber@noaa.gov,165433,Cheilopogon
CalCOFI Ichthyoplankton,Cheilopogon heterurus,Ed Weber,ed.weber@noaa.gov,616688,Cheilopogon heterurus
CalCOFI Ichthyoplankton,Cheilopogon pinnatibarbatus,Ed Weber,ed.weber@noaa.gov,616685,Cheilopogon pinnatibarbatus
CalCOFI Ichthyoplankton,Cheilotrema saturnum,Ed Weber,ed.weber@noaa.gov,169358,Cheilotrema saturnum
CalCOFI Ichthyoplankton,Chiasmodon,Ed Weber,ed.weber@noaa.gov,171085,Chiasmodon
CalCOFI Ichthyoplankton,Chiasmodon subniger,Ed Weber,ed.weber@noaa.gov,630466,Chiasmodon subniger
CalCOFI Ichthyoplankton,Chilara taylori,Ed Weber,ed.weber@noaa.gov,165006,Chilara taylori
CalCOFI Ichthyoplankton,Chiroteuthidae,Ed Weber,ed.weber@noaa.gov,82547,Chiroteuthidae
CalCOFI Ichthyoplankton,Chiroteuthis,Ed Weber,ed.weber@noaa.gov,82548,Chiroteuthis
CalCOFI Ichthyoplankton,Chiroteuthis calyx,Ed Weber,ed.weber@noaa.gov,82551,Chiroteuthis calyx
CalCOFI Ichthyoplankton,Chitonotus pugetensis,Ed Weber,ed.weber@noaa.gov,167380,Chitonotus pugetensis
CalCOFI Ichthyoplankton,Chromis punctipinnis,Ed Weber,ed.weber@noaa.gov,170085,Chromis punctipinnis
CalCOFI Ichthyoplankton,Chtenopteryx sicula,Ed Weber,ed.weber@noaa.gov,82469,Chtenopteryx sicula
CalCOFI Ichthyoplankton,Citharichthys,Ed Weber,ed.weber@noaa.gov,172715,Citharichthys
CalCOFI Ichthyoplankton,Citharichthys fragilis,Ed Weber,ed.weber@noaa.gov,172727,Citharichthys fragilis
CalCOFI Ichthyoplankton,Citharichthys sordidus,Ed Weber,ed.weber@noaa.gov,172716,Citharichthys sordidus
CalCOFI Ichthyoplankton,Citharichthys stigmaeus,Ed Weber,ed.weber@noaa.gov,172717,Citharichthys stigmaeus
CalCOFI Ichthyoplankton,Citharichthys xanthostigma,Ed Weber,ed.weber@noaa.gov,172726,Citharichthys xanthostigma
CalCOFI Ichthyoplankton,Clevelandia ios,Ed Weber,ed.weber@noaa.gov,171748,Clevelandia ios
CalCOFI Ichthyoplankton,Clinidae,Ed Weber,ed.weber@noaa.gov,171396,Clinidae
CalCOFI Ichthyoplankton,Clinocottus analis,Ed Weber,ed.weber@noaa.gov,167227,Clinocottus analis
CalCOFI Ichthyoplankton,Clupeidae,Ed Weber,ed.weber@noaa.gov,161700,Clupeidae
CalCOFI Ichthyoplankton,Clupeiformes,Ed Weber,ed.weber@noaa.gov,161694,Clupeiformes
CalCOFI Ichthyoplankton,Cololabis saira,Ed Weber,ed.weber@noaa.gov,165609,Cololabis saira
CalCOFI Ichthyoplankton,Congridae,Ed Weber,ed.weber@noaa.gov,161324,Congridae
CalCOFI Ichthyoplankton,Coryphaena equiselis,Ed Weber,ed.weber@noaa.gov,168792,Coryphaena equiselis
CalCOFI Ichthyoplankton,Coryphaena hippurus,Ed Weber,ed.weber@noaa.gov,168791,Coryphaena hippurus
CalCOFI Ichthyoplankton,Coryphaenoides,Ed Weber,ed.weber@noaa.gov,165333,Coryphaenoides
CalCOFI Ichthyoplankton,Coryphaenoides acrolepis,Ed Weber,ed.weber@noaa.gov,165334,Coryphaenoides acrolepis
CalCOFI Ichthyoplankton,Coryphaenoides leptolepis,Ed Weber,ed.weber@noaa.gov,622867,Coryphaenoides leptolepis
CalCOFI Ichthyoplankton,Cottidae,Ed Weber,ed.weber@noaa.gov,167196,Cottidae
CalCOFI Ichthyoplankton,Cranchia scabra,Ed Weber,ed.weber@noaa.gov,82578,Cranchia scabra
CalCOFI Ichthyoplankton,Cranchiidae,Ed Weber,ed.weber@noaa.gov,82575,Cranchiidae
CalCOFI Ichthyoplankton,Crustacea,Ed Weber,ed.weber@noaa.gov,83677,Crustacea
CalCOFI Ichthyoplankton,Cryptacanthodes aleutensis,Ed Weber,ed.weber@noaa.gov,171610,Cryptacanthodes aleutensis
CalCOFI Ichthyoplankton,Cryptopsaras couesii,Ed Weber,ed.weber@noaa.gov,623188,Cryptopsaras couesii
CalCOFI Ichthyoplankton,Cryptotrema corallinum,Ed Weber,ed.weber@noaa.gov,171472,Cryptotrema corallinum
CalCOFI Ichthyoplankton,Cubiceps baxteri,Ed Weber,ed.weber@noaa.gov,642573,Cubiceps baxteri
CalCOFI Ichthyoplankton,Cyclopteridae,Ed Weber,ed.weber@noaa.gov,167483,Cyclopteridae
CalCOFI Ichthyoplankton,Cyclothone,Ed Weber,ed.weber@noaa.gov,162164,Cyclothone
CalCOFI Ichthyoplankton,Cyclothone acclinidens,Ed Weber,ed.weber@noaa.gov,162172,Cyclothone acclinidens
CalCOFI Ichthyoplankton,Cyclothone pseudopallida,Ed Weber,ed.weber@noaa.gov,162175,Cyclothone pseudopallida
CalCOFI Ichthyoplankton,Cyclothone signata,Ed Weber,ed.weber@noaa.gov,162168,Cyclothone signata
CalCOFI Ichthyoplankton,Cyema atrum,Ed Weber,ed.weber@noaa.gov,161632,Cyema atrum
CalCOFI Ichthyoplankton,Cyematidae,Ed Weber,ed.weber@noaa.gov,161630,Cyematidae
CalCOFI Ichthyoplankton,Danaphos oculatus,Ed Weber,ed.weber@noaa.gov,162232,Danaphos oculatus
CalCOFI Ichthyoplankton,Desmodema lorum,Ed Weber,ed.weber@noaa.gov,166351,Desmodema lorum
CalCOFI Ichthyoplankton,Diaphus,Ed Weber,ed.weber@noaa.gov,162583,Diaphus
CalCOFI Ichthyoplankton,Diaphus anderseni,Ed Weber,ed.weber@noaa.gov,162586,Diaphus anderseni
CalCOFI Ichthyoplankton,Diaphus pacificus,Ed Weber,ed.weber@noaa.gov,623790,Diaphus pacificus
CalCOFI Ichthyoplankton,Diaphus theta,Ed Weber,ed.weber@noaa.gov,162584,Diaphus theta
CalCOFI Ichthyoplankton,Diogenichthys,Ed Weber,ed.weber@noaa.gov,162675,Diogenichthys
CalCOFI Ichthyoplankton,Diogenichthys atlanticus,Ed Weber,ed.weber@noaa.gov,162676,Diogenichthys atlanticus
CalCOFI Ichthyoplankton,Diogenichthys laternatus,Ed Weber,ed.weber@noaa.gov,162677,Diogenichthys laternatus
CalCOFI Ichthyoplankton,Diplophos taenia,Ed Weber,ed.weber@noaa.gov,162181,Diplophos taenia
CalCOFI Ichthyoplankton,Diplospinus multistriatus,Ed Weber,ed.weber@noaa.gov,172376,Diplospinus multistriatus
CalCOFI Ichthyoplankton,Dolichopteryx longipes,Ed Weber,ed.weber@noaa.gov,162103,Dolichopteryx longipes
CalCOFI Ichthyoplankton,Dolopichthys,Ed Weber,ed.weber@noaa.gov,164635,Dolopichthys
CalCOFI Ichthyoplankton,Doryteuthis opalescens,Ed Weber,ed.weber@noaa.gov,82371,Loligo opalescens
CalCOFI Ichthyoplankton,Electrona risso,Ed Weber,ed.weber@noaa.gov,623732,Electrona risso
CalCOFI Ichthyoplankton,Embassichthys bathybius,Ed Weber,ed.weber@noaa.gov,172866,Embassichthys bathybius
CalCOFI Ichthyoplankton,Engraulis mordax,Ed Weber,ed.weber@noaa.gov,161828,Engraulis mordax
CalCOFI Ichthyoplankton,Engyophrys sanctilaurentii,Ed Weber,ed.weber@noaa.gov,616354,Engyophrys sanctilaurentii
CalCOFI Ichthyoplankton,Enophrys bison,Ed Weber,ed.weber@noaa.gov,167267,Enophrys bison
CalCOFI Ichthyoplankton,Enoploteuthidae,Ed Weber,ed.weber@noaa.gov,82397,Enoploteuthidae
CalCOFI Ichthyoplankton,Eopsetta jordani,Ed Weber,ed.weber@noaa.gov,172868,Eopsetta jordani
CalCOFI Ichthyoplankton,Etrumeus teres,Ed Weber,ed.weber@noaa.gov,161743,Etrumeus teres
CalCOFI Ichthyoplankton,Eucinostomus,Ed Weber,ed.weber@noaa.gov,169014,Eucinostomus
CalCOFI Ichthyoplankton,Eucleoteuthis luminosa,Ed Weber,ed.weber@noaa.gov,556451,Eucleoteuthis luminosa
CalCOFI Ichthyoplankton,Eurypharynx pelecanoides,Ed Weber,ed.weber@noaa.gov,161653,Eurypharynx pelecanoides
CalCOFI Ichthyoplankton,Eustomias,Ed Weber,ed.weber@noaa.gov,162248,Eustomias
CalCOFI Ichthyoplankton,Eutaeniophorus,Ed Weber,ed.weber@noaa.gov,162814,Eutaeniophorus
CalCOFI Ichthyoplankton,Eutaeniophorus festivus,Ed Weber,ed.weber@noaa.gov,162815,Eutaeniophorus festivus
CalCOFI Ichthyoplankton,Exocoetidae,Ed Weber,ed.weber@noaa.gov,165431,Exocoetidae
CalCOFI Ichthyoplankton,Fodiator acutus,Ed Weber,ed.weber@noaa.gov,165511,Fodiator acutus
CalCOFI Ichthyoplankton,Gadidae,Ed Weber,ed.weber@noaa.gov,164701,Gadidae
CalCOFI Ichthyoplankton,Galiteuthis,Ed Weber,ed.weber@noaa.gov,205734,Galiteuthis
CalCOFI Ichthyoplankton,Galiteuthis pacifica,Ed Weber,ed.weber@noaa.gov,556426,Galiteuthis pacifica
CalCOFI Ichthyoplankton,Galiteuthis phyllura,Ed Weber,ed.weber@noaa.gov,556714,Galiteuthis phyllura
CalCOFI Ichthyoplankton,Gempylidae,Ed Weber,ed.weber@noaa.gov,172354,Gempylidae
CalCOFI Ichthyoplankton,Gempylus serpens,Ed Weber,ed.weber@noaa.gov,172360,Gempylus serpens
CalCOFI Ichthyoplankton,Genyonemus lineatus,Ed Weber,ed.weber@noaa.gov,169257,Genyonemus lineatus
CalCOFI Ichthyoplankton,Gibbonsia,Ed Weber,ed.weber@noaa.gov,171397,Gibbonsia
CalCOFI Ichthyoplankton,Gigantactinidae,Ed Weber,ed.weber@noaa.gov,164642,Gigantactinidae
CalCOFI Ichthyoplankton,Gigantactis,Ed Weber,ed.weber@noaa.gov,164643,Gigantactis
CalCOFI Ichthyoplankton,Gillichthys mirabilis,Ed Weber,ed.weber@noaa.gov,171967,Gillichthys mirabilis
CalCOFI Ichthyoplankton,Girella nigricans,Ed Weber,ed.weber@noaa.gov,169515,Girella nigricans
CalCOFI Ichthyoplankton,Glyptocephalus zachirus,Ed Weber,ed.weber@noaa.gov,172978,Glyptocephalus zachirus
CalCOFI Ichthyoplankton,Gnathophis cinctus,Ed Weber,ed.weber@noaa.gov,635714,Gnathophis cinctus
CalCOFI Ichthyoplankton,Gobiesox maeandricus,Ed Weber,ed.weber@noaa.gov,164459,Gobiesox maeandricus
CalCOFI Ichthyoplankton,Gobiesox rhessodon,Ed Weber,ed.weber@noaa.gov,164464,Gobiesox rhessodon
CalCOFI Ichthyoplankton,Gobiidae,Ed Weber,ed.weber@noaa.gov,171746,Gobiidae
CalCOFI Ichthyoplankton,Gonatidae,Ed Weber,ed.weber@noaa.gov,82414,Gonatidae
CalCOFI Ichthyoplankton,Gonatopsis borealis,Ed Weber,ed.weber@noaa.gov,82417,Gonatopsis borealis
CalCOFI Ichthyoplankton,Gonatus,Ed Weber,ed.weber@noaa.gov,82418,Gonatus
CalCOFI Ichthyoplankton,Gonatus onyx,Ed Weber,ed.weber@noaa.gov,82425,Gonatus onyx
CalCOFI Ichthyoplankton,Gonatus pyros,Ed Weber,ed.weber@noaa.gov,82423,Gonatus pyros
CalCOFI Ichthyoplankton,Gonichthys tenuiculus,Ed Weber,ed.weber@noaa.gov,623813,Gonichthys tenuiculus
CalCOFI Ichthyoplankton,Gonostoma,Ed Weber,ed.weber@noaa.gov,162182,Gonostoma
CalCOFI Ichthyoplankton,Gonostoma atlanticum,Ed Weber,ed.weber@noaa.gov,162183,Gonostoma atlanticum
CalCOFI Ichthyoplankton,Gonostoma elongatum,Ed Weber,ed.weber@noaa.gov,162185,Gonostoma elongatum
CalCOFI Ichthyoplankton,Gonostomatidae,Ed Weber,ed.weber@noaa.gov,162163,Gonostomatidae
CalCOFI Ichthyoplankton,Grimothea planipes,Ed Weber,ed.weber@noaa.gov,1202386,Grimothea planipes
CalCOFI Ichthyoplankton,Haemulidae,Ed Weber,ed.weber@noaa.gov,169055,Haemulidae
CalCOFI Ichthyoplankton,Halichoeres semicinctus,Ed Weber,ed.weber@noaa.gov,170511,Halichoeres semicinctus
CalCOFI Ichthyoplankton,Haliphron atlanticus,Ed Weber,ed.weber@noaa.gov,205738,Haliphron atlanticus
CalCOFI Ichthyoplankton,Halobates,Ed Weber,ed.weber@noaa.gov,103825,Halobates
CalCOFI Ichthyoplankton,Harengula thrissina,Ed Weber,ed.weber@noaa.gov,161757,Harengula thrissina
CalCOFI Ichthyoplankton,Hemilepidotus spinosus,Ed Weber,ed.weber@noaa.gov,167283,Hemilepidotus spinosus
CalCOFI Ichthyoplankton,Heterostichus rostratus,Ed Weber,ed.weber@noaa.gov,171476,Heterostichus rostratus
CalCOFI Ichthyoplankton,Hexagrammidae,Ed Weber,ed.weber@noaa.gov,167108,Hexagrammidae
CalCOFI Ichthyoplankton,Hexagrammos,Ed Weber,ed.weber@noaa.gov,167109,Hexagrammos
CalCOFI Ichthyoplankton,Hexagrammos decagrammus,Ed Weber,ed.weber@noaa.gov,167110,Hexagrammos decagrammus
CalCOFI Ichthyoplankton,Hexagrammos lagocephalus,Ed Weber,ed.weber@noaa.gov,167111,Hexagrammos lagocephalus
CalCOFI Ichthyoplankton,Hippoglossina stomata,Ed Weber,ed.weber@noaa.gov,172784,Hippoglossina stomata
CalCOFI Ichthyoplankton,Hippoglossus stenolepis,Ed Weber,ed.weber@noaa.gov,172932,Hippoglossus stenolepis
CalCOFI Ichthyoplankton,Hirundichthys,Ed Weber,ed.weber@noaa.gov,165515,Hirundichthys
CalCOFI Ichthyoplankton,Hirundichthys marginatus,Ed Weber,ed.weber@noaa.gov,645257,Hirundichthys marginatus
CalCOFI Ichthyoplankton,Histioteuthis,Ed Weber,ed.weber@noaa.gov,82485,Histioteuthis
CalCOFI Ichthyoplankton,Histioteuthis heteropsis,Ed Weber,ed.weber@noaa.gov,82499,Histioteuthis heteropsis
CalCOFI Ichthyoplankton,Howella,Ed Weber,ed.weber@noaa.gov,168331,Howella
CalCOFI Ichthyoplankton,Howella pammelas,Ed Weber,ed.weber@noaa.gov,641889,Howella pammelas
CalCOFI Ichthyoplankton,Hygophum,Ed Weber,ed.weber@noaa.gov,162692,Hygophum
CalCOFI Ichthyoplankton,Hygophum atratum,Ed Weber,ed.weber@noaa.gov,162695,Hygophum atratum
CalCOFI Ichthyoplankton,Hygophum reinhardtii,Ed Weber,ed.weber@noaa.gov,623875,Hygophum reinhardtii
CalCOFI Ichthyoplankton,Hypsoblennius,Ed Weber,ed.weber@noaa.gov,171155,Hypsoblennius
CalCOFI Ichthyoplankton,Hypsoblennius gentilis,Ed Weber,ed.weber@noaa.gov,171158,Hypsoblennius gentilis
CalCOFI Ichthyoplankton,Hypsoblennius gilberti,Ed Weber,ed.weber@noaa.gov,171159,Hypsoblennius gilberti
CalCOFI Ichthyoplankton,Hypsoblennius jenkinsi,Ed Weber,ed.weber@noaa.gov,171160,Hypsoblennius jenkinsi
CalCOFI Ichthyoplankton,Hypsopsetta guttulata,Ed Weber,ed.weber@noaa.gov,172945,Hypsopsetta guttulata
CalCOFI Ichthyoplankton,Hypsypops rubicundus,Ed Weber,ed.weber@noaa.gov,170120,Hypsypops rubicundus
CalCOFI Ichthyoplankton,Icelinus,Ed Weber,ed.weber@noaa.gov,167290,Icelinus
CalCOFI Ichthyoplankton,Icelinus quadriseriatus,Ed Weber,ed.weber@noaa.gov,167298,Icelinus quadriseriatus
CalCOFI Ichthyoplankton,Ichthyococcus irregularis,Ed Weber,ed.weber@noaa.gov,622698,Ichthyococcus irregularis
CalCOFI Ichthyoplankton,Icichthys lockingtoni,Ed Weber,ed.weber@noaa.gov,172510,Icichthys lockingtoni
CalCOFI Ichthyoplankton,Icosteus aenigmaticus,Ed Weber,ed.weber@noaa.gov,171663,Icosteus aenigmaticus
CalCOFI Ichthyoplankton,Idiacanthus antrostomus,Ed Weber,ed.weber@noaa.gov,162301,Idiacanthus antrostomus
CalCOFI Ichthyoplankton,Ilypnus gilberti,Ed Weber,ed.weber@noaa.gov,171892,Ilypnus gilberti
CalCOFI Ichthyoplankton,Isopsetta isolepis,Ed Weber,ed.weber@noaa.gov,172919,Isopsetta isolepis
CalCOFI Ichthyoplankton,Japetella diaphana,Ed Weber,ed.weber@noaa.gov,82655,Japetella diaphana
CalCOFI Ichthyoplankton,Kali,Ed Weber,ed.weber@noaa.gov,171087,Kali
CalCOFI Ichthyoplankton,Kyphosidae,Ed Weber,ed.weber@noaa.gov,169503,Kyphosidae
CalCOFI Ichthyoplankton,Kyphosus azureus,Ed Weber,ed.weber@noaa.gov,169520,Hermosilla azurea
CalCOFI Ichthyoplankton,Labridae,Ed Weber,ed.weber@noaa.gov,170477,Labridae
CalCOFI Ichthyoplankton,Labrisomidae,Ed Weber,ed.weber@noaa.gov,553227,Labrisomidae
CalCOFI Ichthyoplankton,Labrisomus xanti,Ed Weber,ed.weber@noaa.gov,171418,Labrisomus xanti
CalCOFI Ichthyoplankton,Lampadena urophaos,Ed Weber,ed.weber@noaa.gov,162703,Lampadena urophaos
CalCOFI Ichthyoplankton,Lampanyctus,Ed Weber,ed.weber@noaa.gov,162632,Lampanyctus
CalCOFI Ichthyoplankton,Lampanyctus acanthurus,Ed Weber,ed.weber@noaa.gov,623827,Lampanyctus acanthurus
CalCOFI Ichthyoplankton,Lampanyctus omostigma,Ed Weber,ed.weber@noaa.gov,182885,Lampanyctus omostigma
CalCOFI Ichthyoplankton,Lampanyctus steinbecki,Ed Weber,ed.weber@noaa.gov,623836,Lampanyctus steinbecki
CalCOFI Ichthyoplankton,Lampanyctus tenuiformis,Ed Weber,ed.weber@noaa.gov,623716,Lampanyctus tenuiformis
CalCOFI Ichthyoplankton,Leachia pacifica,Ed Weber,ed.weber@noaa.gov,556231,Leachia pacifica
CalCOFI Ichthyoplankton,Lepidocybium flavobrunneum,Ed Weber,ed.weber@noaa.gov,172362,Lepidocybium flavobrunneum
CalCOFI Ichthyoplankton,Lepidogobius lepidus,Ed Weber,ed.weber@noaa.gov,171762,Lepidogobius lepidus
CalCOFI Ichthyoplankton,Lepidopsetta bilineata,Ed Weber,ed.weber@noaa.gov,172917,Lepidopsetta bilineata
CalCOFI Ichthyoplankton,Lepidopus fitchi,Ed Weber,ed.weber@noaa.gov,172393,Lepidopus fitchi
CalCOFI Ichthyoplankton,Leptocephalus giganteus,Ed Weber,ed.weber@noaa.gov,635825,Leptocephalus giganteus
CalCOFI Ichthyoplankton,Leptocephalus holti,Ed Weber,ed.weber@noaa.gov,635826,Leptocephalus holti
CalCOFI Ichthyoplankton,Leptocottus armatus,Ed Weber,ed.weber@noaa.gov,167302,Leptocottus armatus
CalCOFI Ichthyoplankton,Lestidiops,Ed Weber,ed.weber@noaa.gov,162476,Lestidiops
CalCOFI Ichthyoplankton,Lestidiops ringens,Ed Weber,ed.weber@noaa.gov,644717,Lestidiops ringens
CalCOFI Ichthyoplankton,Leuresthes tenuis,Ed Weber,ed.weber@noaa.gov,166014,Leuresthes tenuis
CalCOFI Ichthyoplankton,Leuroglossus stilbius,Ed Weber,ed.weber@noaa.gov,162096,Leuroglossus stilbius
CalCOFI Ichthyoplankton,Liparis,Ed Weber,ed.weber@noaa.gov,167550,Liparis
CalCOFI Ichthyoplankton,Liparis florae,Ed Weber,ed.weber@noaa.gov,167559,Liparis florae
CalCOFI Ichthyoplankton,Liparis fucensis,Ed Weber,ed.weber@noaa.gov,167560,Liparis fucensis
CalCOFI Ichthyoplankton,Liparis mucosus,Ed Weber,ed.weber@noaa.gov,167570,Liparis mucosus
CalCOFI Ichthyoplankton,Lipolagus ochotensis,Ed Weber,ed.weber@noaa.gov,623625,Lipolagus ochotensis
CalCOFI Ichthyoplankton,Lobianchia gemellarii,Ed Weber,ed.weber@noaa.gov,623876,Lobianchia gemellarii
CalCOFI Ichthyoplankton,Loweina rara,Ed Weber,ed.weber@noaa.gov,162717,Loweina rara
CalCOFI Ichthyoplankton,Lyopsetta exilis,Ed Weber,ed.weber@noaa.gov,172871,Lyopsetta exilis
CalCOFI Ichthyoplankton,Lythrypnus,Ed Weber,ed.weber@noaa.gov,171898,Lythrypnus
CalCOFI Ichthyoplankton,Lythrypnus dalli,Ed Weber,ed.weber@noaa.gov,171899,Lythrypnus dalli
CalCOFI Ichthyoplankton,Lythrypnus zebra,Ed Weber,ed.weber@noaa.gov,171903,Lythrypnus zebra
CalCOFI Ichthyoplankton,Macropinna microstoma,Ed Weber,ed.weber@noaa.gov,162101,Macropinna microstoma
CalCOFI Ichthyoplankton,Macroramphosus gracilis,Ed Weber,ed.weber@noaa.gov,551496,Macroramphosus gracilis
CalCOFI Ichthyoplankton,Macrouridae,Ed Weber,ed.weber@noaa.gov,165332,Macrouridae
CalCOFI Ichthyoplankton,Magnisudis atlantica,Ed Weber,ed.weber@noaa.gov,644691,Magnisudis atlantica
CalCOFI Ichthyoplankton,Medialuna californiensis,Ed Weber,ed.weber@noaa.gov,169522,Medialuna californiensis
CalCOFI Ichthyoplankton,Melamphaes,Ed Weber,ed.weber@noaa.gov,166093,Melamphaes
CalCOFI Ichthyoplankton,Melamphaes lugubris,Ed Weber,ed.weber@noaa.gov,166094,Melamphaes lugubris
CalCOFI Ichthyoplankton,Melamphaes parvus,Ed Weber,ed.weber@noaa.gov,649666,Melamphaes parvus
CalCOFI Ichthyoplankton,Melamphaes simus,Ed Weber,ed.weber@noaa.gov,166103,Melamphaes simus
CalCOFI Ichthyoplankton,Melamphaidae,Ed Weber,ed.weber@noaa.gov,166092,Melamphaidae
CalCOFI Ichthyoplankton,Melanostomiinae,Ed Weber,ed.weber@noaa.gov,622318,Melanostomiinae
CalCOFI Ichthyoplankton,Menticirrhus undulatus,Ed Weber,ed.weber@noaa.gov,169280,Menticirrhus undulatus
CalCOFI Ichthyoplankton,Merlucciidae,Ed Weber,ed.weber@noaa.gov,164789,Merlucciidae
CalCOFI Ichthyoplankton,Merluccius productus,Ed Weber,ed.weber@noaa.gov,164792,Merluccius productus
CalCOFI Ichthyoplankton,Mesobius berryi,Ed Weber,ed.weber@noaa.gov,623139,Mesobius berryi
CalCOFI Ichthyoplankton,Microstoma,Ed Weber,ed.weber@noaa.gov,162093,Microstoma
CalCOFI Ichthyoplankton,Microstomus pacificus,Ed Weber,ed.weber@noaa.gov,172887,Microstomus pacificus
CalCOFI Ichthyoplankton,Mirapinnidae,Ed Weber,ed.weber@noaa.gov,162809,Mirapinnidae
CalCOFI Ichthyoplankton,Moroteuthis,Ed Weber,ed.weber@noaa.gov,82437,Moroteuthis
CalCOFI Ichthyoplankton,Mugil cephalus,Ed Weber,ed.weber@noaa.gov,170335,Mugil cephalus
CalCOFI Ichthyoplankton,Mullidae,Ed Weber,ed.weber@noaa.gov,169406,Mullidae
CalCOFI Ichthyoplankton,Myctophidae,Ed Weber,ed.weber@noaa.gov,162575,Myctophidae
CalCOFI Ichthyoplankton,Myctophum,Ed Weber,ed.weber@noaa.gov,162719,Myctophum
CalCOFI Ichthyoplankton,Myctophum lychnobium,Ed Weber,ed.weber@noaa.gov,623845,Myctophum lychnobium
CalCOFI Ichthyoplankton,Myctophum nitidulum,Ed Weber,ed.weber@noaa.gov,162726,Myctophum nitidulum
CalCOFI Ichthyoplankton,Myctophum selenops,Ed Weber,ed.weber@noaa.gov,162724,Myctophum selenops
CalCOFI Ichthyoplankton,Nannobrachium,Ed Weber,ed.weber@noaa.gov,623699,Nannobrachium
CalCOFI Ichthyoplankton,Nannobrachium bristori,Ed Weber,ed.weber@noaa.gov,623849,Nannobrachium bristori
CalCOFI Ichthyoplankton,Nannobrachium hawaiiensis,Ed Weber,ed.weber@noaa.gov,623853,Nannobrachium hawaiiensis
CalCOFI Ichthyoplankton,Nannobrachium idostigma,Ed Weber,ed.weber@noaa.gov,623743,Nannobrachium idostigma
CalCOFI Ichthyoplankton,Nannobrachium regale,Ed Weber,ed.weber@noaa.gov,623744,Nannobrachium regale
CalCOFI Ichthyoplankton,Nannobrachium ritteri,Ed Weber,ed.weber@noaa.gov,623745,Nannobrachium ritteri
CalCOFI Ichthyoplankton,Nansenia,Ed Weber,ed.weber@noaa.gov,162058,Nansenia
CalCOFI Ichthyoplankton,Nansenia candida,Ed Weber,ed.weber@noaa.gov,162059,Nansenia candida
CalCOFI Ichthyoplankton,Nansenia crassa,Ed Weber,ed.weber@noaa.gov,623630,Nansenia crassa
CalCOFI Ichthyoplankton,Nealotus tripes,Ed Weber,ed.weber@noaa.gov,172368,Nealotus tripes
CalCOFI Ichthyoplankton,Nemichthys scolopaceus,Ed Weber,ed.weber@noaa.gov,161624,Nemichthys scolopaceus
CalCOFI Ichthyoplankton,Neoclinus,Ed Weber,ed.weber@noaa.gov,171477,Neoclinus
CalCOFI Ichthyoplankton,Neoclinus blanchardi,Ed Weber,ed.weber@noaa.gov,171478,Neoclinus blanchardi
CalCOFI Ichthyoplankton,Neoclinus stephensae,Ed Weber,ed.weber@noaa.gov,171479,Neoclinus stephensae
CalCOFI Ichthyoplankton,Nezumia,Ed Weber,ed.weber@noaa.gov,165393,Nezumia
CalCOFI Ichthyoplankton,Nomeidae,Ed Weber,ed.weber@noaa.gov,172535,Nomeidae
CalCOFI Ichthyoplankton,Notolychnus valdiviae,Ed Weber,ed.weber@noaa.gov,162729,Notolychnus valdiviae
CalCOFI Ichthyoplankton,Notoscopelus resplendens,Ed Weber,ed.weber@noaa.gov,162654,Notoscopelus resplendens
CalCOFI Ichthyoplankton,Octopodidae,Ed Weber,ed.weber@noaa.gov,82590,Octopodidae
CalCOFI Ichthyoplankton,Octopoteuthidae,Ed Weber,ed.weber@noaa.gov,82431,Octopoteuthidae
CalCOFI Ichthyoplankton,Octopoteuthis,Ed Weber,ed.weber@noaa.gov,82432,Octopoteuthis
CalCOFI Ichthyoplankton,Octopoteuthis deletron,Ed Weber,ed.weber@noaa.gov,556640,Octopoteuthis deletron
CalCOFI Ichthyoplankton,Octopus,Ed Weber,ed.weber@noaa.gov,82595,Octopus
CalCOFI Ichthyoplankton,Ocythoe tuberculata,Ed Weber,ed.weber@noaa.gov,82678,Ocythoe tuberculata
CalCOFI Ichthyoplankton,Odontopyxis trispinosa,Ed Weber,ed.weber@noaa.gov,167460,Odontopyxis trispinosa
CalCOFI Ichthyoplankton,Ogcocephalioidei,Ed Weber,ed.weber@noaa.gov,553153,Ogcocephalioidei
CalCOFI Ichthyoplankton,Oligocottus,Ed Weber,ed.weber@noaa.gov,167332,Oligocottus
CalCOFI Ichthyoplankton,Oligocottus maculosus,Ed Weber,ed.weber@noaa.gov,167333,Oligocottus maculosus
CalCOFI Ichthyoplankton,Ommastrephidae,Ed Weber,ed.weber@noaa.gov,82514,Ommastrephidae
CalCOFI Ichthyoplankton,Oneirodes,Ed Weber,ed.weber@noaa.gov,164629,Oneirodes
CalCOFI Ichthyoplankton,Oneirodidae,Ed Weber,ed.weber@noaa.gov,164625,Oneirodidae
CalCOFI Ichthyoplankton,Onychoteuthidae,Ed Weber,ed.weber@noaa.gov,82436,Onychoteuthidae
CalCOFI Ichthyoplankton,Onychoteuthis borealijaponicus,Ed Weber,ed.weber@noaa.gov,82442,Onychoteuthis borealijaponicus
CalCOFI Ichthyoplankton,Onychoteuthis sp B,Ed Weber,ed.weber@noaa.gov,82439,Onychoteuthis
CalCOFI Ichthyoplankton,Onykia robusta,Ed Weber,ed.weber@noaa.gov,82438,Moroteuthis robusta
CalCOFI Ichthyoplankton,Ophichthus zophochir,Ed Weber,ed.weber@noaa.gov,161469,Ophichthus zophochir
CalCOFI Ichthyoplankton,Ophidiidae,Ed Weber,ed.weber@noaa.gov,164807,Ophidiidae
CalCOFI Ichthyoplankton,Ophidiiformes,Ed Weber,ed.weber@noaa.gov,553139,Ophidiiformes
CalCOFI Ichthyoplankton,Ophidion scrippsae,Ed Weber,ed.weber@noaa.gov,164856,Ophidion scrippsae
CalCOFI Ichthyoplankton,Ophiodon elongatus,Ed Weber,ed.weber@noaa.gov,167116,Ophiodon elongatus
CalCOFI Ichthyoplankton,Orthonopias triacis,Ed Weber,ed.weber@noaa.gov,167388,Orthonopias triacis
CalCOFI Ichthyoplankton,Osmeridae,Ed Weber,ed.weber@noaa.gov,162028,Osmeridae
CalCOFI Ichthyoplankton,Oxyjulis californica,Ed Weber,ed.weber@noaa.gov,170597,Oxyjulis californica
CalCOFI Ichthyoplankton,Oxylebius pictus,Ed Weber,ed.weber@noaa.gov,167118,Oxylebius pictus
CalCOFI Ichthyoplankton,Palinuridae,Ed Weber,ed.weber@noaa.gov,97646,Palinuridae
CalCOFI Ichthyoplankton,Paraclinus integripinnis,Ed Weber,ed.weber@noaa.gov,171432,Paraclinus integripinnis
CalCOFI Ichthyoplankton,Paralabrax,Ed Weber,ed.weber@noaa.gov,167830,Paralabrax
CalCOFI Ichthyoplankton,Paralabrax clathratus,Ed Weber,ed.weber@noaa.gov,167832,Paralabrax clathratus
CalCOFI Ichthyoplankton,Paralabrax nebulifer,Ed Weber,ed.weber@noaa.gov,167834,Paralabrax nebulifer
CalCOFI Ichthyoplankton,Paralepididae,Ed Weber,ed.weber@noaa.gov,162463,Paralepididae
CalCOFI Ichthyoplankton,Paralichthyidae,Ed Weber,ed.weber@noaa.gov,553179,Paralichthyidae
CalCOFI Ichthyoplankton,Paralichthys,Ed Weber,ed.weber@noaa.gov,172734,Paralichthys
CalCOFI Ichthyoplankton,Paralichthys californicus,Ed Weber,ed.weber@noaa.gov,172743,Paralichthys californicus
CalCOFI Ichthyoplankton,Paricelinus hopliticus,Ed Weber,ed.weber@noaa.gov,167338,Paricelinus hopliticus
CalCOFI Ichthyoplankton,Parophrys vetulus,Ed Weber,ed.weber@noaa.gov,172921,Parophrys vetulus
CalCOFI Ichthyoplankton,Parvilux ingens,Ed Weber,ed.weber@noaa.gov,162771,Parvilux ingens
CalCOFI Ichthyoplankton,Peprilus simillimus,Ed Weber,ed.weber@noaa.gov,172565,Peprilus simillimus
CalCOFI Ichthyoplankton,Perciformes,Ed Weber,ed.weber@noaa.gov,167640,Perciformes
CalCOFI Ichthyoplankton,Perissias taeniopterus,Ed Weber,ed.weber@noaa.gov,616165,Perissias taeniopterus
CalCOFI Ichthyoplankton,Pholidae,Ed Weber,ed.weber@noaa.gov,171632,Pholidae
CalCOFI Ichthyoplankton,Photonectes,Ed Weber,ed.weber@noaa.gov,162295,Photonectes
CalCOFI Ichthyoplankton,Physiculus,Ed Weber,ed.weber@noaa.gov,164678,Physiculus
CalCOFI Ichthyoplankton,Physiculus rastrelliger,Ed Weber,ed.weber@noaa.gov,164681,Physiculus rastrelliger
CalCOFI Ichthyoplankton,Platichthys stellatus,Ed Weber,ed.weber@noaa.gov,172893,Platichthys stellatus
CalCOFI Ichthyoplankton,Plectobranchus evides,Ed Weber,ed.weber@noaa.gov,171592,Plectobranchus evides
CalCOFI Ichthyoplankton,Pleuronectidae,Ed Weber,ed.weber@noaa.gov,172859,Pleuronectidae
CalCOFI Ichthyoplankton,Pleuronectiformes,Ed Weber,ed.weber@noaa.gov,172702,Pleuronectiformes
CalCOFI Ichthyoplankton,Pleuronichthys,Ed Weber,ed.weber@noaa.gov,172922,Pleuronichthys
CalCOFI Ichthyoplankton,Pleuronichthys coenosus,Ed Weber,ed.weber@noaa.gov,172923,Pleuronichthys coenosus
CalCOFI Ichthyoplankton,Pleuronichthys decurrens,Ed Weber,ed.weber@noaa.gov,172924,Pleuronichthys decurrens
CalCOFI Ichthyoplankton,Pleuronichthys ritteri,Ed Weber,ed.weber@noaa.gov,172925,Pleuronichthys ritteri
CalCOFI Ichthyoplankton,Pleuronichthys verticalis,Ed Weber,ed.weber@noaa.gov,172926,Pleuronichthys verticalis
CalCOFI Ichthyoplankton,Pomacentridae,Ed Weber,ed.weber@noaa.gov,170044,Pomacentridae
CalCOFI Ichthyoplankton,Poromitra,Ed Weber,ed.weber@noaa.gov,166107,Poromitra
CalCOFI Ichthyoplankton,Poromitra crassiceps,Ed Weber,ed.weber@noaa.gov,166108,Poromitra crassiceps
CalCOFI Ichthyoplankton,Poromitra megalops,Ed Weber,ed.weber@noaa.gov,166110,Poromitra megalops
CalCOFI Ichthyoplankton,Protomyctophum,Ed Weber,ed.weber@noaa.gov,162684,Protomyctophum
CalCOFI Ichthyoplankton,Protomyctophum crockeri,Ed Weber,ed.weber@noaa.gov,162685,Protomyctophum crockeri
CalCOFI Ichthyoplankton,Protomyctophum thompsoni,Ed Weber,ed.weber@noaa.gov,162687,Protomyctophum thompsoni
CalCOFI Ichthyoplankton,Psenes pellucidus,Ed Weber,ed.weber@noaa.gov,172558,Psenes pellucidus
CalCOFI Ichthyoplankton,Psettichthys melanostictus,Ed Weber,ed.weber@noaa.gov,172928,Psettichthys melanostictus
CalCOFI Ichthyoplankton,Pseudobathylagus milleri,Ed Weber,ed.weber@noaa.gov,623626,Pseudobathylagus milleri
CalCOFI Ichthyoplankton,Pteraclis aesticola,Ed Weber,ed.weber@noaa.gov,170309,Pteraclis aesticola
CalCOFI Ichthyoplankton,Pterygioteuthis,Ed Weber,ed.weber@noaa.gov,82404,Pterygioteuthis
CalCOFI Ichthyoplankton,Pterygioteuthis gemmata,Ed Weber,ed.weber@noaa.gov,556078,Pterygioteuthis gemmata
CalCOFI Ichthyoplankton,Pterygioteuthis giardi,Ed Weber,ed.weber@noaa.gov,82405,Pterygioteuthis giardi
CalCOFI Ichthyoplankton,Pyroteuthidae,Ed Weber,ed.weber@noaa.gov,555715,Pyroteuthidae
CalCOFI Ichthyoplankton,Pyroteuthis,Ed Weber,ed.weber@noaa.gov,555803,Pyroteuthis
CalCOFI Ichthyoplankton,Pyroteuthis addolux,Ed Weber,ed.weber@noaa.gov,556639,Pyroteuthis addolux
CalCOFI Ichthyoplankton,Quietula y-cauda,Ed Weber,ed.weber@noaa.gov,171910,Quietula y-cauda
CalCOFI Ichthyoplankton,Radiicephalus elongatus,Ed Weber,ed.weber@noaa.gov,615910,Radiicephalus elongatus
CalCOFI Ichthyoplankton,Radulinus asprellus,Ed Weber,ed.weber@noaa.gov,167347,Radulinus asprellus
CalCOFI Ichthyoplankton,Rathbunella,Ed Weber,ed.weber@noaa.gov,170952,Rathbunella
CalCOFI Ichthyoplankton,Rathbunella alleni,Ed Weber,ed.weber@noaa.gov,170953,Rathbunella alleni
CalCOFI Ichthyoplankton,Rhinogobiops nicholsii,Ed Weber,ed.weber@noaa.gov,636877,Rhinogobiops nicholsii
CalCOFI Ichthyoplankton,Roncador stearnsii,Ed Weber,ed.weber@noaa.gov,646515,Roncador stearnsii
CalCOFI Ichthyoplankton,Ronquilus jordani,Ed Weber,ed.weber@noaa.gov,170951,Ronquilus jordani
CalCOFI Ichthyoplankton,Rosenblattichthys volucris,Ed Weber,ed.weber@noaa.gov,644711,Rosenblattichthys volucris
CalCOFI Ichthyoplankton,Ruscarius creaseri,Ed Weber,ed.weber@noaa.gov,167422,Ruscarius creaseri
CalCOFI Ichthyoplankton,Ruscarius meanyi,Ed Weber,ed.weber@noaa.gov,167424,Ruscarius meanyi
CalCOFI Ichthyoplankton,Ruvettus pretiosus,Ed Weber,ed.weber@noaa.gov,172364,Ruvettus pretiosus
CalCOFI Ichthyoplankton,Saccopharynx lavenbergi,Ed Weber,ed.weber@noaa.gov,635769,Saccopharynx lavenbergi
CalCOFI Ichthyoplankton,Sagamichthys abei,Ed Weber,ed.weber@noaa.gov,162305,Sagamichthys abei
CalCOFI Ichthyoplankton,Sarda chiliensis,Ed Weber,ed.weber@noaa.gov,172408,Sarda chiliensis
CalCOFI Ichthyoplankton,Sardinops sagax,Ed Weber,ed.weber@noaa.gov,161729,Sardinops sagax
CalCOFI Ichthyoplankton,Sciaenidae,Ed Weber,ed.weber@noaa.gov,169237,Sciaenidae
CalCOFI Ichthyoplankton,Scomber japonicus,Ed Weber,ed.weber@noaa.gov,172412,Scomber japonicus
CalCOFI Ichthyoplankton,Scombridae,Ed Weber,ed.weber@noaa.gov,172398,Scombridae
CalCOFI Ichthyoplankton,Scopelarchidae,Ed Weber,ed.weber@noaa.gov,162548,Scopelarchidae
CalCOFI Ichthyoplankton,Scopelarchoides nicholsi,Ed Weber,ed.weber@noaa.gov,644696,Scopelarchoides nicholsi
CalCOFI Ichthyoplankton,Scopelarchus,Ed Weber,ed.weber@noaa.gov,162553,Scopelarchus
CalCOFI Ichthyoplankton,Scopelarchus analis,Ed Weber,ed.weber@noaa.gov,162555,Scopelarchus analis
CalCOFI Ichthyoplankton,Scopelarchus guentheri,Ed Weber,ed.weber@noaa.gov,162561,Scopelarchus guentheri
CalCOFI Ichthyoplankton,Scopeloberyx robustus,Ed Weber,ed.weber@noaa.gov,182909,Scopeloberyx robustus
CalCOFI Ichthyoplankton,Scopelogadus mizolepis bispinosus,Ed Weber,ed.weber@noaa.gov,182911,Scopelogadus mizolepis bispinosus
CalCOFI Ichthyoplankton,Scopelosaurus,Ed Weber,ed.weber@noaa.gov,162565,Scopelosaurus
CalCOFI Ichthyoplankton,Scorpaena,Ed Weber,ed.weber@noaa.gov,166811,Scorpaena
CalCOFI Ichthyoplankton,Scorpaena guttata,Ed Weber,ed.weber@noaa.gov,166827,Scorpaena guttata
CalCOFI Ichthyoplankton,Scorpaenichthys marmoratus,Ed Weber,ed.weber@noaa.gov,692068,Scorpaenichthys marmoratus
CalCOFI Ichthyoplankton,Scorpaenidae,Ed Weber,ed.weber@noaa.gov,166704,Scorpaenidae
CalCOFI Ichthyoplankton,Scorpaenodes xyris,Ed Weber,ed.weber@noaa.gov,166864,Scorpaenodes xyris
CalCOFI Ichthyoplankton,Sebastes,Ed Weber,ed.weber@noaa.gov,166705,Sebastes
CalCOFI Ichthyoplankton,Sebastes auriculatus,Ed Weber,ed.weber@noaa.gov,166708,Sebastes auriculatus
CalCOFI Ichthyoplankton,Sebastes aurora,Ed Weber,ed.weber@noaa.gov,166709,Sebastes aurora
CalCOFI Ichthyoplankton,Sebastes caurinus,Ed Weber,ed.weber@noaa.gov,166713,Sebastes caurinus
CalCOFI Ichthyoplankton,Sebastes chlorostictus,Ed Weber,ed.weber@noaa.gov,166748,Sebastes chlorostictus
CalCOFI Ichthyoplankton,Sebastes constellatus,Ed Weber,ed.weber@noaa.gov,166749,Sebastes constellatus
CalCOFI Ichthyoplankton,Sebastes crameri,Ed Weber,ed.weber@noaa.gov,166715,Sebastes crameri
CalCOFI Ichthyoplankton,Sebastes crocotulus,Ed Weber,ed.weber@noaa.gov,166705,Sebastes
CalCOFI Ichthyoplankton,Sebastes dallii,Ed Weber,ed.weber@noaa.gov,644576,Sebastes dallii
CalCOFI Ichthyoplankton,Sebastes diploproa,Ed Weber,ed.weber@noaa.gov,166716,Sebastes diploproa
CalCOFI Ichthyoplankton,Sebastes elongatus,Ed Weber,ed.weber@noaa.gov,166717,Sebastes elongatus
CalCOFI Ichthyoplankton,Sebastes ensifer,Ed Weber,ed.weber@noaa.gov,166768,Sebastes ensifer
CalCOFI Ichthyoplankton,Sebastes entomelas,Ed Weber,ed.weber@noaa.gov,166719,Sebastes entomelas
CalCOFI Ichthyoplankton,Sebastes flavidus,Ed Weber,ed.weber@noaa.gov,166720,Sebastes flavidus
CalCOFI Ichthyoplankton,Sebastes gilli,Ed Weber,ed.weber@noaa.gov,166752,Sebastes gilli
CalCOFI Ichthyoplankton,Sebastes goodei,Ed Weber,ed.weber@noaa.gov,166722,Sebastes goodei
CalCOFI Ichthyoplankton,Sebastes helvomaculatus,Ed Weber,ed.weber@noaa.gov,166723,Sebastes helvomaculatus
CalCOFI Ichthyoplankton,Sebastes hopkinsi,Ed Weber,ed.weber@noaa.gov,166753,Sebastes hopkinsi
CalCOFI Ichthyoplankton,Sebastes jordani,Ed Weber,ed.weber@noaa.gov,166725,Sebastes jordani
CalCOFI Ichthyoplankton,Sebastes levis,Ed Weber,ed.weber@noaa.gov,166754,Sebastes levis
CalCOFI Ichthyoplankton,Sebastes macdonaldi,Ed Weber,ed.weber@noaa.gov,166755,Sebastes macdonaldi
CalCOFI Ichthyoplankton,Sebastes melanostomus,Ed Weber,ed.weber@noaa.gov,166728,Sebastes melanostomus
CalCOFI Ichthyoplankton,Sebastes miniatus,Ed Weber,ed.weber@noaa.gov,166729,Sebastes miniatus
CalCOFI Ichthyoplankton,Sebastes moseri,Ed Weber,ed.weber@noaa.gov,644590,Sebastes moseri
CalCOFI Ichthyoplankton,Sebastes mystinus,Ed Weber,ed.weber@noaa.gov,166730,Sebastes mystinus
CalCOFI Ichthyoplankton,Sebastes ovalis,Ed Weber,ed.weber@noaa.gov,166757,Sebastes ovalis
CalCOFI Ichthyoplankton,Sebastes paucispinis,Ed Weber,ed.weber@noaa.gov,166733,Sebastes paucispinis
CalCOFI Ichthyoplankton,Sebastes rastrelliger,Ed Weber,ed.weber@noaa.gov,166759,Sebastes rastrelliger
CalCOFI Ichthyoplankton,Sebastes rosaceus,Ed Weber,ed.weber@noaa.gov,166738,Sebastes rosaceus
CalCOFI Ichthyoplankton,Sebastes rosenblatti,Ed Weber,ed.weber@noaa.gov,166771,Sebastes rosenblatti
CalCOFI Ichthyoplankton,Sebastes ruberrimus,Ed Weber,ed.weber@noaa.gov,166740,Sebastes ruberrimus
CalCOFI Ichthyoplankton,Sebastes rubrivinctus,Ed Weber,ed.weber@noaa.gov,166760,Sebastes rubrivinctus
CalCOFI Ichthyoplankton,Sebastes rufinanus,Ed Weber,ed.weber@noaa.gov,166772,Sebastes rufinanus
CalCOFI Ichthyoplankton,Sebastes rufus,Ed Weber,ed.weber@noaa.gov,166761,Sebastes rufus
CalCOFI Ichthyoplankton,Sebastes saxicola,Ed Weber,ed.weber@noaa.gov,166741,Sebastes saxicola
CalCOFI Ichthyoplankton,Sebastes semicinctus,Ed Weber,ed.weber@noaa.gov,166762,Sebastes semicinctus
CalCOFI Ichthyoplankton,Sebastes serranoides,Ed Weber,ed.weber@noaa.gov,166763,Sebastes serranoides
CalCOFI Ichthyoplankton,Sebastes simulator,Ed Weber,ed.weber@noaa.gov,166770,Sebastes simulator
CalCOFI Ichthyoplankton,Sebastes wilsoni,Ed Weber,ed.weber@noaa.gov,166743,Sebastes wilsoni
CalCOFI Ichthyoplankton,Sebastolobus,Ed Weber,ed.weber@noaa.gov,166782,Sebastolobus
CalCOFI Ichthyoplankton,Sebastolobus alascanus,Ed Weber,ed.weber@noaa.gov,166783,Sebastolobus alascanus
CalCOFI Ichthyoplankton,Sebastolobus altivelis,Ed Weber,ed.weber@noaa.gov,166784,Sebastolobus altivelis
CalCOFI Ichthyoplankton,Semicossyphus pulcher,Ed Weber,ed.weber@noaa.gov,170744,Semicossyphus pulcher
CalCOFI Ichthyoplankton,Seriola lalandi,Ed Weber,ed.weber@noaa.gov,168695,Seriola lalandi
CalCOFI Ichthyoplankton,Seriphus politus,Ed Weber,ed.weber@noaa.gov,169362,Seriphus politus
CalCOFI Ichthyoplankton,Serranidae,Ed Weber,ed.weber@noaa.gov,167674,Serranidae
CalCOFI Ichthyoplankton,Sigmops ebelingi,Ed Weber,ed.weber@noaa.gov,622492,Sigmops ebelingi
CalCOFI Ichthyoplankton,Spectrunculus grandis,Ed Weber,ed.weber@noaa.gov,622862,Spectrunculus grandis
CalCOFI Ichthyoplankton,Sphyraena argentea,Ed Weber,ed.weber@noaa.gov,170426,Sphyraena argentea
CalCOFI Ichthyoplankton,Stemonosudis macrura,Ed Weber,ed.weber@noaa.gov,644731,Stemonosudis macrura
CalCOFI Ichthyoplankton,Stenobrachius leucopsarus,Ed Weber,ed.weber@noaa.gov,162664,Stenobrachius leucopsarus
CalCOFI Ichthyoplankton,Sternoptychidae,Ed Weber,ed.weber@noaa.gov,162212,Sternoptychidae
CalCOFI Ichthyoplankton,Sternoptyx,Ed Weber,ed.weber@noaa.gov,162226,Sternoptyx
CalCOFI Ichthyoplankton,Stichaeidae,Ed Weber,ed.weber@noaa.gov,171554,Stichaeidae
CalCOFI Ichthyoplankton,Stomias,Ed Weber,ed.weber@noaa.gov,162286,Stomias
CalCOFI Ichthyoplankton,Stomias atriventer,Ed Weber,ed.weber@noaa.gov,162290,Stomias atriventer
CalCOFI Ichthyoplankton,Stomiidae,Ed Weber,ed.weber@noaa.gov,162282,Stomiidae
CalCOFI Ichthyoplankton,Stomiiformes,Ed Weber,ed.weber@noaa.gov,553138,Stomiiformes
CalCOFI Ichthyoplankton,Stomiinae,Ed Weber,ed.weber@noaa.gov,622317,Stomiinae
CalCOFI Ichthyoplankton,Strongylura exilis,Ed Weber,ed.weber@noaa.gov,165555,Strongylura exilis
CalCOFI Ichthyoplankton,Sudis atrox,Ed Weber,ed.weber@noaa.gov,162505,Sudis atrox
CalCOFI Ichthyoplankton,Symbolophorus californiensis,Ed Weber,ed.weber@noaa.gov,623871,Symbolophorus californiensis
CalCOFI Ichthyoplankton,Symbolophorus evermanni,Ed Weber,ed.weber@noaa.gov,162671,Symbolophorus evermanni
CalCOFI Ichthyoplankton,Symphurus atricaudus,Ed Weber,ed.weber@noaa.gov,616607,Symphurus atricaudus
CalCOFI Ichthyoplankton,Synchirus gilli,Ed Weber,ed.weber@noaa.gov,167365,Synchirus gilli
CalCOFI Ichthyoplankton,Syngnathidae,Ed Weber,ed.weber@noaa.gov,166443,Syngnathidae
CalCOFI Ichthyoplankton,Syngnathus,Ed Weber,ed.weber@noaa.gov,166444,Syngnathus
CalCOFI Ichthyoplankton,Syngnathus californiensis,Ed Weber,ed.weber@noaa.gov,166457,Syngnathus californiensis
CalCOFI Ichthyoplankton,Syngnathus leptorhynchus,Ed Weber,ed.weber@noaa.gov,166462,Syngnathus leptorhynchus
CalCOFI Ichthyoplankton,Synodus lucioceps,Ed Weber,ed.weber@noaa.gov,162378,Synodus lucioceps
CalCOFI Ichthyoplankton,Taaningichthys minimus,Ed Weber,ed.weber@noaa.gov,162742,Taaningichthys minimus
CalCOFI Ichthyoplankton,Tactostoma macropus,Ed Weber,ed.weber@noaa.gov,162247,Tactostoma macropus
CalCOFI Ichthyoplankton,Talismania bifurcata,Ed Weber,ed.weber@noaa.gov,182875,Talismania bifurcata
CalCOFI Ichthyoplankton,Taoniinae,Ed Weber,ed.weber@noaa.gov,555741,Taoniinae
CalCOFI Ichthyoplankton,Tarletonbeania crenularis,Ed Weber,ed.weber@noaa.gov,162673,Tarletonbeania crenularis
CalCOFI Ichthyoplankton,Teleostei,Ed Weber,ed.weber@noaa.gov,161105,Teleostei
CalCOFI Ichthyoplankton,Tetragonurus atlanticus,Ed Weber,ed.weber@noaa.gov,172581,Tetragonurus atlanticus
CalCOFI Ichthyoplankton,Tetragonurus cuvieri,Ed Weber,ed.weber@noaa.gov,172580,Tetragonurus cuvieri
CalCOFI Ichthyoplankton,Teuthida,Ed Weber,ed.weber@noaa.gov,82367,Teuthida
CalCOFI Ichthyoplankton,Trachipteridae,Ed Weber,ed.weber@noaa.gov,166339,Trachipteridae
CalCOFI Ichthyoplankton,Trachipterus,Ed Weber,ed.weber@noaa.gov,166340,Trachipterus
CalCOFI Ichthyoplankton,Trachipterus altivelis,Ed Weber,ed.weber@noaa.gov,166341,Trachipterus altivelis
CalCOFI Ichthyoplankton,Trachurus symmetricus,Ed Weber,ed.weber@noaa.gov,168586,Trachurus symmetricus
CalCOFI Ichthyoplankton,Tremoctopus,Ed Weber,ed.weber@noaa.gov,82667,Tremoctopus
CalCOFI Ichthyoplankton,Tremoctopus violaceus,Ed Weber,ed.weber@noaa.gov,82668,Tremoctopus violaceus
CalCOFI Ichthyoplankton,Triphoturus,Ed Weber,ed.weber@noaa.gov,162765,Triphoturus
CalCOFI Ichthyoplankton,Triphoturus mexicanus,Ed Weber,ed.weber@noaa.gov,162766,Triphoturus mexicanus
CalCOFI Ichthyoplankton,Triphoturus nigrescens,Ed Weber,ed.weber@noaa.gov,623873,Triphoturus nigrescens
CalCOFI Ichthyoplankton,Typhlogobius californiensis,Ed Weber,ed.weber@noaa.gov,171914,Typhlogobius californiensis
CalCOFI Ichthyoplankton,Umbrina roncador,Ed Weber,ed.weber@noaa.gov,169303,Umbrina roncador
CalCOFI Ichthyoplankton,Valenciennellus tripunctulatus,Ed Weber,ed.weber@noaa.gov,162203,Valenciennellus tripunctulatus
CalCOFI Ichthyoplankton,Vinciguerria,Ed Weber,ed.weber@noaa.gov,162192,Vinciguerria
CalCOFI Ichthyoplankton,Vinciguerria lucetia,Ed Weber,ed.weber@noaa.gov,182865,Vinciguerria lucetia
CalCOFI Ichthyoplankton,Vinciguerria poweriae,Ed Weber,ed.weber@noaa.gov,162195,Vinciguerria poweriae
CalCOFI Ichthyoplankton,Woodsia nonsuchae,Ed Weber,ed.weber@noaa.gov,162211,Woodsia nonsuchae
CalCOFI Ichthyoplankton,Xeneretmus,Ed Weber,ed.weber@noaa.gov,167466,Xeneretmus
CalCOFI Ichthyoplankton,Xeneretmus latifrons,Ed Weber,ed.weber@noaa.gov,167467,Xeneretmus latifrons
CalCOFI Ichthyoplankton,Xeneretmus leiops,Ed Weber,ed.weber@noaa.gov,167469,Xeneretmus leiops
CalCOFI Ichthyoplankton,Xenistius californiensis,Ed Weber,ed.weber@noaa.gov,169118,Xenistius californiensis
CalCOFI Ichthyoplankton,Xystreurys liolepis,Ed Weber,ed.weber@noaa.gov,172800,Xystreurys liolepis
CalCOFI Ichthyoplankton,Zaniolepis,Ed Weber,ed.weber@noaa.gov,167127,Zaniolepis
CalCOFI Ichthyoplankton,Zaniolepis frenata,Ed Weber,ed.weber@noaa.gov,167129,Zaniolepis frenata
CalCOFI Ichthyoplankton,Zaniolepis latipinnis,Ed Weber,ed.weber@noaa.gov,167128,Zaniolepis latipinnis
CalCOFI Ichthyoplankton,Zoarcidae,Ed Weber,ed.weber@noaa.gov,165215,Zoarcidae
CalCOFI Ichthyoplankton,Zoarcoidei,Ed Weber,ed.weber@noaa.gov,165214,Zoarcoidei
