Project Request,Scientific name,Point of Contact for Submission,Email,Common Name,Survey Type
EcoFOCI Zooplankton,Acanthomysis spp.,David Kimmel,david.kimmel@noaa.gov,,Encountered
EcoFOCI Zooplankton,Acanthomysis stelleri,David Kimmel,david.kimmel@noaa.gov,,Encountered
EcoFOCI Zooplankton,Exacanthomysis arctopacifica,David Kimmel,david.kimmel@noaa.gov,,Encountered
EcoFOCI Zooplankton,Acartia bifilosa,David Kimmel,david.kimmel@noaa.gov,,Encountered
EcoFOCI Zooplankton,Acartia danae,David Kimmel,david.kimmel@noaa.gov,,Encountered
EcoFOCI Zooplankton,Acartia hudsonica,David Kimmel,david.kimmel@noaa.gov,,Encountered
EcoFOCI Zooplankton,Acartia longiremis,David Kimmel,david.kimmel@noaa.gov,,Encountered
EcoFOCI Zooplankton,Acartia spp.,David Kimmel,david.kimmel@noaa.gov,,Encountered
EcoFOCI Zooplankton,Acartia tumida,David Kimmel,david.kimmel@noaa.gov,,Encountered
EcoFOCI Zooplankton,Acrocalanus gracilis,David Kimmel,david.kimmel@noaa.gov,,Encountered
EcoFOCI Zooplankton,Acrocalanus spp.,David Kimmel,david.kimmel@noaa.gov,,Encountered
EcoFOCI Zooplankton,Aegina rosea,David Kimmel,david.kimmel@noaa.gov,,Encountered
EcoFOCI Zooplankton,Aegina spp.,David Kimmel,david.kimmel@noaa.gov,,Encountered
EcoFOCI Zooplankton,Aeginopsis laurentii,David Kimmel,david.kimmel@noaa.gov,,Encountered
EcoFOCI Zooplankton,Aetideidae,David Kimmel,david.kimmel@noaa.gov,,Encountered
EcoFOCI Zooplankton,Aetideopsis minor,David Kimmel,david.kimmel@noaa.gov,,Encountered
EcoFOCI Zooplankton,Aetideopsis multiserrata,David Kimmel,david.kimmel@noaa.gov,,Encountered
EcoFOCI Zooplankton,Aetideopsis rostrata,David Kimmel,david.kimmel@noaa.gov,,Encountered
EcoFOCI Zooplankton,Aetideopsis spp.,David Kimmel,david.kimmel@noaa.gov,,Encountered
EcoFOCI Zooplankton,Aetideus pacificus,David Kimmel,david.kimmel@noaa.gov,,Encountered
EcoFOCI Zooplankton,Aetideus spp.,David Kimmel,david.kimmel@noaa.gov,,Encountered
EcoFOCI Zooplankton,Aglantha digitale,David Kimmel,david.kimmel@noaa.gov,,Encountered
EcoFOCI Zooplankton,Ampelisca spp.,David Kimmel,david.kimmel@noaa.gov,,Encountered
EcoFOCI Zooplankton,Andaniexis abyssi,David Kimmel,david.kimmel@noaa.gov,,Encountered
EcoFOCI Zooplankton,Anonyx lilljeborgii,David Kimmel,david.kimmel@noaa.gov,,Encountered
EcoFOCI Zooplankton,Anonyx spp.,David Kimmel,david.kimmel@noaa.gov,,Encountered
EcoFOCI Zooplankton,Anthoathecata,David Kimmel,david.kimmel@noaa.gov,,Encountered
EcoFOCI Zooplankton,Anthomedusae,David Kimmel,david.kimmel@noaa.gov,,Encountered
EcoFOCI Zooplankton,Anthozoa,David Kimmel,david.kimmel@noaa.gov,,Encountered
EcoFOCI Zooplankton,Argis dentata,David Kimmel,david.kimmel@noaa.gov,,Encountered
EcoFOCI Zooplankton,Argis lar,David Kimmel,david.kimmel@noaa.gov,,Encountered
EcoFOCI Zooplankton,Argis spp.,David Kimmel,david.kimmel@noaa.gov,,Encountered
EcoFOCI Zooplankton,Atolla tenella,David Kimmel,david.kimmel@noaa.gov,,Encountered
EcoFOCI Zooplankton,Atrophia spp.,David Kimmel,david.kimmel@noaa.gov,,Encountered
EcoFOCI Zooplankton,Atylus spp.,David Kimmel,david.kimmel@noaa.gov,,Encountered
EcoFOCI Zooplankton,Atylus tridens,David Kimmel,david.kimmel@noaa.gov,,Encountered
EcoFOCI Zooplankton,Augaptilus glacialis,David Kimmel,david.kimmel@noaa.gov,,Encountered
EcoFOCI Zooplankton,Augaptilus spp.,David Kimmel,david.kimmel@noaa.gov,,Encountered
EcoFOCI Zooplankton,Beroe cucumis,David Kimmel,david.kimmel@noaa.gov,,Encountered
EcoFOCI Zooplankton,Bivalvia,David Kimmel,david.kimmel@noaa.gov,,Encountered
EcoFOCI Zooplankton,Bolinopsis infundibulum,David Kimmel,david.kimmel@noaa.gov,,Encountered
EcoFOCI Zooplankton,Boroecia borealis,David Kimmel,david.kimmel@noaa.gov,,Encountered
EcoFOCI Zooplankton,Boroecia maxima,David Kimmel,david.kimmel@noaa.gov,,Encountered
EcoFOCI Zooplankton,Boroecia,David Kimmel,david.kimmel@noaa.gov,,Encountered
EcoFOCI Zooplankton,Botrynema brucei,David Kimmel,david.kimmel@noaa.gov,,Encountered
EcoFOCI Zooplankton,Botrynema ellinorae,David Kimmel,david.kimmel@noaa.gov,,Encountered
EcoFOCI Zooplankton,Bougainvillia superciliaris,David Kimmel,david.kimmel@noaa.gov,,Encountered
EcoFOCI Zooplankton,Brachyura,David Kimmel,david.kimmel@noaa.gov,,Encountered
EcoFOCI Zooplankton,Calanus glacialis,David Kimmel,david.kimmel@noaa.gov,,Encountered
EcoFOCI Zooplankton,Calanus hyperboreus,David Kimmel,david.kimmel@noaa.gov,,Encountered
EcoFOCI Zooplankton,Calanus marshallae,David Kimmel,david.kimmel@noaa.gov,,Encountered
EcoFOCI Zooplankton,Calanus pacificus,David Kimmel,david.kimmel@noaa.gov,,Encountered
EcoFOCI Zooplankton,Caligidae,David Kimmel,david.kimmel@noaa.gov,,Encountered
EcoFOCI Zooplankton,Calocalanus spp.,David Kimmel,david.kimmel@noaa.gov,,Encountered
EcoFOCI Zooplankton,Calycopsis nematophora,David Kimmel,david.kimmel@noaa.gov,,Encountered
EcoFOCI Zooplankton,Cancridae,David Kimmel,david.kimmel@noaa.gov,,Encountered
EcoFOCI Zooplankton,Brachyura,David Kimmel,david.kimmel@noaa.gov,,Encountered
EcoFOCI Zooplankton,Candacia Columbiae,David Kimmel,david.kimmel@noaa.gov,,Encountered
EcoFOCI Zooplankton,Candacia spp.,David Kimmel,david.kimmel@noaa.gov,,Encountered
EcoFOCI Zooplankton,Caprellidae,David Kimmel,david.kimmel@noaa.gov,,Encountered
EcoFOCI Zooplankton,Caridea,David Kimmel,david.kimmel@noaa.gov,,Encountered
EcoFOCI Zooplankton,Catablema vesicarium,David Kimmel,david.kimmel@noaa.gov,,Encountered
EcoFOCI Zooplankton,Centropages abdominalis,David Kimmel,david.kimmel@noaa.gov,,Encountered
EcoFOCI Zooplankton,Centropages hamatus,David Kimmel,david.kimmel@noaa.gov,,Encountered
EcoFOCI Zooplankton,Centropages spp.,David Kimmel,david.kimmel@noaa.gov,,Encountered
EcoFOCI Zooplankton,Chaetognatha,David Kimmel,david.kimmel@noaa.gov,,Encountered
EcoFOCI Zooplankton,Chiridiella abyssalis,David Kimmel,david.kimmel@noaa.gov,,Encountered
EcoFOCI Zooplankton,Chiridiella spp.,David Kimmel,david.kimmel@noaa.gov,,Encountered
EcoFOCI Zooplankton,Chiridius gracilis,David Kimmel,david.kimmel@noaa.gov,,Encountered
EcoFOCI Zooplankton,Chiridius obtusifrons,David Kimmel,david.kimmel@noaa.gov,,Encountered
EcoFOCI Zooplankton,Chiridius polaris,David Kimmel,david.kimmel@noaa.gov,,Encountered
EcoFOCI Zooplankton,Chiridius spp.,David Kimmel,david.kimmel@noaa.gov,,Encountered
EcoFOCI Zooplankton,Chrysaora melanaster,David Kimmel,david.kimmel@noaa.gov,,Encountered
EcoFOCI Zooplankton,Chrysaora spp.,David Kimmel,david.kimmel@noaa.gov,,Encountered
EcoFOCI Zooplankton,Cirripedia,David Kimmel,david.kimmel@noaa.gov,,Encountered
EcoFOCI Zooplankton,Clausocalanus spp.,David Kimmel,david.kimmel@noaa.gov,,Encountered
EcoFOCI Zooplankton,Clione limacina,David Kimmel,david.kimmel@noaa.gov,,Encountered
EcoFOCI Zooplankton,Clytia gregaria,David Kimmel,david.kimmel@noaa.gov,,Encountered
EcoFOCI Zooplankton,Phialidium gregarium,David Kimmel,david.kimmel@noaa.gov,,Encountered
EcoFOCI Zooplankton,Cnidarian medusae,David Kimmel,david.kimmel@noaa.gov,,Encountered
EcoFOCI Zooplankton,Conchoecia spp.,David Kimmel,david.kimmel@noaa.gov,,Encountered
EcoFOCI Zooplankton,Corophium,David Kimmel,david.kimmel@noaa.gov,,Encountered
EcoFOCI Zooplankton,Corycaeus spp.,David Kimmel,david.kimmel@noaa.gov,,Encountered
EcoFOCI Zooplankton,Crangon alaskensis,David Kimmel,david.kimmel@noaa.gov,,Encountered
EcoFOCI Zooplankton,Crangon communis,David Kimmel,david.kimmel@noaa.gov,,Encountered
EcoFOCI Zooplankton,Crangon dalli,David Kimmel,david.kimmel@noaa.gov,,Encountered
EcoFOCI Zooplankton,Crangon spp.,David Kimmel,david.kimmel@noaa.gov,,Encountered
EcoFOCI Zooplankton,Crangonidae,David Kimmel,david.kimmel@noaa.gov,,Encountered
EcoFOCI Zooplankton,Crossota norvegica,David Kimmel,david.kimmel@noaa.gov,,Encountered
EcoFOCI Zooplankton,Ctenocalanus spp.,David Kimmel,david.kimmel@noaa.gov,,Encountered
EcoFOCI Zooplankton,Ctenophora,David Kimmel,david.kimmel@noaa.gov,,Encountered
EcoFOCI Zooplankton,Cumacea,David Kimmel,david.kimmel@noaa.gov,,Encountered
EcoFOCI Zooplankton,Cumella spp.,David Kimmel,david.kimmel@noaa.gov,,Encountered
EcoFOCI Zooplankton,Cuspidella mertensi,David Kimmel,david.kimmel@noaa.gov,,Encountered
EcoFOCI Zooplankton,Cyclocaris guilelmi,David Kimmel,david.kimmel@noaa.gov,,Encountered
EcoFOCI Zooplankton,Cyclopoida,David Kimmel,david.kimmel@noaa.gov,,Encountered
EcoFOCI Zooplankton,Cymbasoma spp.,David Kimmel,david.kimmel@noaa.gov,,Encountered
EcoFOCI Zooplankton,Cyphocaris challengeri,David Kimmel,david.kimmel@noaa.gov,,Encountered
EcoFOCI Zooplankton,Decapoda,David Kimmel,david.kimmel@noaa.gov,,Encountered
EcoFOCI Zooplankton,Decapodiformes larvae,David Kimmel,david.kimmel@noaa.gov,,Encountered
EcoFOCI Zooplankton,Squid larvae,David Kimmel,david.kimmel@noaa.gov,,Encountered
EcoFOCI Zooplankton,Diastylis alaskensis,David Kimmel,david.kimmel@noaa.gov,,Encountered
EcoFOCI Zooplankton,Diastylis spp.,David Kimmel,david.kimmel@noaa.gov,,Encountered
EcoFOCI Zooplankton,Dimophyes arctica,David Kimmel,david.kimmel@noaa.gov,,Encountered
EcoFOCI Zooplankton,Diphyidae,David Kimmel,david.kimmel@noaa.gov,,Encountered
EcoFOCI Zooplankton,Discanthomysis dybowskii,David Kimmel,david.kimmel@noaa.gov,,Encountered
EcoFOCI Zooplankton,Disco spp.,David Kimmel,david.kimmel@noaa.gov,,Encountered
EcoFOCI Zooplankton,Disco triangularis,David Kimmel,david.kimmel@noaa.gov,,Encountered
EcoFOCI Zooplankton,Discoconchoecia elegans,David Kimmel,david.kimmel@noaa.gov,,Encountered
EcoFOCI Zooplankton,Echinodermata,David Kimmel,david.kimmel@noaa.gov,,Encountered
EcoFOCI Zooplankton,Eirene indicans,David Kimmel,david.kimmel@noaa.gov,,Encountered
EcoFOCI Zooplankton,Epilabidocera longipedata,David Kimmel,david.kimmel@noaa.gov,,Encountered
EcoFOCI Zooplankton,Eualus fabricii,David Kimmel,david.kimmel@noaa.gov,,Encountered
EcoFOCI Zooplankton,Eualus gaimardii belcheri,David Kimmel,david.kimmel@noaa.gov,,Encountered
EcoFOCI Zooplankton,Eualus gaimardii gaimardii,David Kimmel,david.kimmel@noaa.gov,,Encountered
EcoFOCI Zooplankton,Eualus macilentus,David Kimmel,david.kimmel@noaa.gov,,Encountered
EcoFOCI Zooplankton,Eualus pusiolus,David Kimmel,david.kimmel@noaa.gov,,Encountered
EcoFOCI Zooplankton,Eualus spp. ,David Kimmel,david.kimmel@noaa.gov,,Encountered
EcoFOCI Zooplankton,Eualus suckleyi,David Kimmel,david.kimmel@noaa.gov,,Encountered
EcoFOCI Zooplankton,Euaugaptilus hyperboreus,David Kimmel,david.kimmel@noaa.gov,,Encountered
EcoFOCI Zooplankton,Euaugaptilus spp.,David Kimmel,david.kimmel@noaa.gov,,Encountered
EcoFOCI Zooplankton,Eucalanus bungii,David Kimmel,david.kimmel@noaa.gov,,Encountered
EcoFOCI Zooplankton,Euchaetidae,David Kimmel,david.kimmel@noaa.gov,,Encountered
EcoFOCI Zooplankton,Euchirella rostrata,David Kimmel,david.kimmel@noaa.gov,,Encountered
EcoFOCI Zooplankton,Euchirella spp.,David Kimmel,david.kimmel@noaa.gov,,Encountered
EcoFOCI Zooplankton,Eudorellopsis deformis,David Kimmel,david.kimmel@noaa.gov,,Encountered
EcoFOCI Zooplankton,Eudorellopsis spp.,David Kimmel,david.kimmel@noaa.gov,,Encountered
EcoFOCI Zooplankton,Eukrohnia hamata,David Kimmel,david.kimmel@noaa.gov,,Encountered
EcoFOCI Zooplankton,Euphausia pacifica,David Kimmel,david.kimmel@noaa.gov,,Encountered
EcoFOCI Zooplankton,Euphausiacea,David Kimmel,david.kimmel@noaa.gov,,Encountered
EcoFOCI Zooplankton,Euphysa flammea,David Kimmel,david.kimmel@noaa.gov,,Encountered
EcoFOCI Zooplankton,Eurytemora herdmanni,David Kimmel,david.kimmel@noaa.gov,,Encountered
EcoFOCI Zooplankton,Eurytemora pacifica,David Kimmel,david.kimmel@noaa.gov,,Encountered
EcoFOCI Zooplankton,Eurytemora spp.,David Kimmel,david.kimmel@noaa.gov,,Encountered
EcoFOCI Zooplankton,Eusirogenes arctica,David Kimmel,david.kimmel@noaa.gov,,Encountered
EcoFOCI Zooplankton,Eusirus holmi,David Kimmel,david.kimmel@noaa.gov,,Encountered
EcoFOCI Zooplankton,Eusirus spp.,David Kimmel,david.kimmel@noaa.gov,,Encountered
EcoFOCI Zooplankton,Evadne nordmanni,David Kimmel,david.kimmel@noaa.gov,,Encountered
EcoFOCI Zooplankton,Evadne spp.,David Kimmel,david.kimmel@noaa.gov,,Encountered
EcoFOCI Zooplankton,Exacanthomysis alaskensis,David Kimmel,david.kimmel@noaa.gov,,Encountered
EcoFOCI Zooplankton,Fritillaria borealis,David Kimmel,david.kimmel@noaa.gov,,Encountered
EcoFOCI Zooplankton,Fritillaria polaris,David Kimmel,david.kimmel@noaa.gov,,Encountered
EcoFOCI Zooplankton,Fritillaria spp.,David Kimmel,david.kimmel@noaa.gov,,Encountered
EcoFOCI Zooplankton,Gaetanus brevispinus,David Kimmel,david.kimmel@noaa.gov,,Encountered
EcoFOCI Zooplankton,Gaetanus minutus,David Kimmel,david.kimmel@noaa.gov,,Encountered
EcoFOCI Zooplankton,Gaetanus simplex,David Kimmel,david.kimmel@noaa.gov,,Encountered
EcoFOCI Zooplankton,Gaetanus spp.,David Kimmel,david.kimmel@noaa.gov,,Encountered
EcoFOCI Zooplankton,Gaetanus tenuispinus,David Kimmel,david.kimmel@noaa.gov,,Encountered
EcoFOCI Zooplankton,Galatheidae,David Kimmel,david.kimmel@noaa.gov,,Encountered
EcoFOCI Zooplankton,Anomura,David Kimmel,david.kimmel@noaa.gov,,Encountered
EcoFOCI Zooplankton,Gammaridea,David Kimmel,david.kimmel@noaa.gov,,Encountered
EcoFOCI Zooplankton,Gastropoda,David Kimmel,david.kimmel@noaa.gov,,Encountered
EcoFOCI Zooplankton,Polychaete,David Kimmel,david.kimmel@noaa.gov,,Encountered
EcoFOCI Zooplankton,Gastropoda,David Kimmel,david.kimmel@noaa.gov,,Encountered
EcoFOCI Zooplankton,Grapsidae,David Kimmel,david.kimmel@noaa.gov,,Encountered
EcoFOCI Zooplankton,Brachyura,David Kimmel,david.kimmel@noaa.gov,,Encountered
EcoFOCI Zooplankton,Haloptilus acutifrons,David Kimmel,david.kimmel@noaa.gov,,Encountered
EcoFOCI Zooplankton,Haloptilus oxycephalus,David Kimmel,david.kimmel@noaa.gov,,Encountered
EcoFOCI Zooplankton,Haloptilus spp.,David Kimmel,david.kimmel@noaa.gov,,Encountered
EcoFOCI Zooplankton,Harpacticoida,David Kimmel,david.kimmel@noaa.gov,,Encountered
EcoFOCI Zooplankton,Heterokrohniain volucrum,David Kimmel,david.kimmel@noaa.gov,,Encountered
EcoFOCI Zooplankton,Heterorhabdus norvegicus,David Kimmel,david.kimmel@noaa.gov,,Encountered
EcoFOCI Zooplankton,Heterorhabdus spp.,David Kimmel,david.kimmel@noaa.gov,,Encountered
EcoFOCI Zooplankton,Heterorhabdus tanneri,David Kimmel,david.kimmel@noaa.gov,,Encountered
EcoFOCI Zooplankton,Heterostylites major,David Kimmel,david.kimmel@noaa.gov,,Encountered
EcoFOCI Zooplankton,Heterostylites spp.,David Kimmel,david.kimmel@noaa.gov,,Encountered
EcoFOCI Zooplankton,Hippolytidae,David Kimmel,david.kimmel@noaa.gov,,Encountered
EcoFOCI Zooplankton,Caridea,David Kimmel,david.kimmel@noaa.gov,,Encountered
EcoFOCI Zooplankton,Holothuroidea,David Kimmel,david.kimmel@noaa.gov,,Encountered
EcoFOCI Zooplankton,Homeognathia spp.,David Kimmel,david.kimmel@noaa.gov,,Encountered
EcoFOCI Zooplankton,Homoeonema platygonon,David Kimmel,david.kimmel@noaa.gov,,Encountered
EcoFOCI Zooplankton,Hyalopontius spp.,David Kimmel,david.kimmel@noaa.gov,,Encountered
EcoFOCI Zooplankton,Hydromedusae,David Kimmel,david.kimmel@noaa.gov,,Encountered
EcoFOCI Zooplankton,Hymenodora glacialis,David Kimmel,david.kimmel@noaa.gov,,Encountered
EcoFOCI Zooplankton,Hyperia medusarum,David Kimmel,david.kimmel@noaa.gov,,Encountered
EcoFOCI Zooplankton,Hyperia spp.,David Kimmel,david.kimmel@noaa.gov,,Encountered
EcoFOCI Zooplankton,Hyperiidea,David Kimmel,david.kimmel@noaa.gov,,Encountered
EcoFOCI Zooplankton,Hyperoche medusarum,David Kimmel,david.kimmel@noaa.gov,,Encountered
EcoFOCI Zooplankton,Hyperoche spp.,David Kimmel,david.kimmel@noaa.gov,,Encountered
EcoFOCI Zooplankton,Jaschnovia spp.,David Kimmel,david.kimmel@noaa.gov,,Encountered
EcoFOCI Zooplankton,Jaschnovia tolli,David Kimmel,david.kimmel@noaa.gov,,Encountered
EcoFOCI Zooplankton,Lamprops spp.,David Kimmel,david.kimmel@noaa.gov,,Encountered
EcoFOCI Zooplankton,Lanceola clausii,David Kimmel,david.kimmel@noaa.gov,,Encountered
EcoFOCI Zooplankton,Larvacea,David Kimmel,david.kimmel@noaa.gov,,Encountered
EcoFOCI Zooplankton,Leptostylis spp.,David Kimmel,david.kimmel@noaa.gov,,Encountered
EcoFOCI Zooplankton,Leptothecata,David Kimmel,david.kimmel@noaa.gov,,Encountered
EcoFOCI Zooplankton,Leptomedusae,David Kimmel,david.kimmel@noaa.gov,,Encountered
EcoFOCI Zooplankton,Leucon spp.,David Kimmel,david.kimmel@noaa.gov,,Encountered
EcoFOCI Zooplankton,Leuconidae,David Kimmel,david.kimmel@noaa.gov,,Encountered
EcoFOCI Zooplankton,Limacina helicina,David Kimmel,david.kimmel@noaa.gov,,Encountered
EcoFOCI Zooplankton,Limnomedusae,David Kimmel,david.kimmel@noaa.gov,,Encountered
EcoFOCI Zooplankton,Lithodidae,David Kimmel,david.kimmel@noaa.gov,,Encountered
EcoFOCI Zooplankton,Anomura,David Kimmel,david.kimmel@noaa.gov,,Encountered
EcoFOCI Zooplankton,Lubbockia spp.,David Kimmel,david.kimmel@noaa.gov,,Encountered
EcoFOCI Zooplankton,Lubbockia squillimana,David Kimmel,david.kimmel@noaa.gov,,Encountered
EcoFOCI Zooplankton,Lucicutia anomala,David Kimmel,david.kimmel@noaa.gov,,Encountered
EcoFOCI Zooplankton,Lucicutia favicornis,David Kimmel,david.kimmel@noaa.gov,,Encountered
EcoFOCI Zooplankton,Lucicutia ovalis,David Kimmel,david.kimmel@noaa.gov,,Encountered
EcoFOCI Zooplankton,Lucicutia polaris,David Kimmel,david.kimmel@noaa.gov,,Encountered
EcoFOCI Zooplankton,Lucicutia pseudopolaris,David Kimmel,david.kimmel@noaa.gov,,Encountered
EcoFOCI Zooplankton,Lucicutia spp.,David Kimmel,david.kimmel@noaa.gov,,Encountered
EcoFOCI Zooplankton,Lysianassidae,David Kimmel,david.kimmel@noaa.gov,,Encountered
EcoFOCI Zooplankton,Majidae,David Kimmel,david.kimmel@noaa.gov,,Encountered
EcoFOCI Zooplankton,Margelopsis hartlaubi,David Kimmel,david.kimmel@noaa.gov,,Encountered
EcoFOCI Zooplankton,Marrus orthocanna,David Kimmel,david.kimmel@noaa.gov,,Encountered
EcoFOCI Zooplankton,Melicertum campanula,David Kimmel,david.kimmel@noaa.gov,,Encountered
EcoFOCI Zooplankton,Melicertum octocostatum,David Kimmel,david.kimmel@noaa.gov,,Encountered
EcoFOCI Zooplankton,Melphidippa spp.,David Kimmel,david.kimmel@noaa.gov,,Encountered
EcoFOCI Zooplankton,Mertensia ovum,David Kimmel,david.kimmel@noaa.gov,,Encountered
EcoFOCI Zooplankton,Mesocalanus lighti,David Kimmel,david.kimmel@noaa.gov,,Encountered
EcoFOCI Zooplankton,Mesocalanus spp.,David Kimmel,david.kimmel@noaa.gov,,Encountered
EcoFOCI Zooplankton,Mesocalanus tenuicornis,David Kimmel,david.kimmel@noaa.gov,,Encountered
EcoFOCI Zooplankton,Meterythrops micropthalmus,David Kimmel,david.kimmel@noaa.gov,,Encountered
EcoFOCI Zooplankton,Meterythrops robustus,David Kimmel,david.kimmel@noaa.gov,,Encountered
EcoFOCI Zooplankton,Metridia longa,David Kimmel,david.kimmel@noaa.gov,,Encountered
EcoFOCI Zooplankton,Metridia okotensis,David Kimmel,david.kimmel@noaa.gov,,Encountered
EcoFOCI Zooplankton,Metridia pacifica,David Kimmel,david.kimmel@noaa.gov,,Encountered
EcoFOCI Zooplankton,Metridia lucens,David Kimmel,david.kimmel@noaa.gov,,Encountered
EcoFOCI Zooplankton,Metridia spp.,David Kimmel,david.kimmel@noaa.gov,,Encountered
EcoFOCI Zooplankton,Microcalanus pygmaeus,David Kimmel,david.kimmel@noaa.gov,,Encountered
EcoFOCI Zooplankton,Microcalanus spp.,David Kimmel,david.kimmel@noaa.gov,,Encountered
EcoFOCI Zooplankton,Microsetella norvegica,David Kimmel,david.kimmel@noaa.gov,,Encountered
EcoFOCI Zooplankton,Microsetella rosea,David Kimmel,david.kimmel@noaa.gov,,Encountered
EcoFOCI Zooplankton,Microsetella spp.,David Kimmel,david.kimmel@noaa.gov,,Encountered
EcoFOCI Zooplankton,Mimocalanus crassus,David Kimmel,david.kimmel@noaa.gov,,Encountered
EcoFOCI Zooplankton,Mimocalanus damkaeri,David Kimmel,david.kimmel@noaa.gov,,Encountered
EcoFOCI Zooplankton,Mimocalanus spp.,David Kimmel,david.kimmel@noaa.gov,,Encountered
EcoFOCI Zooplankton,Mimonectes sphaericus,David Kimmel,david.kimmel@noaa.gov,,Encountered
EcoFOCI Zooplankton,Minuspio,David Kimmel,david.kimmel@noaa.gov,,Encountered
EcoFOCI Zooplankton,Monoculodes spp.,David Kimmel,david.kimmel@noaa.gov,,Encountered
EcoFOCI Zooplankton,Monstrilla spp.,David Kimmel,david.kimmel@noaa.gov,,Encountered
EcoFOCI Zooplankton,Muggiaea bargmannae,David Kimmel,david.kimmel@noaa.gov,,Encountered
EcoFOCI Zooplankton,Myctophidae,David Kimmel,david.kimmel@noaa.gov,,Encountered
EcoFOCI Zooplankton,Mysida,David Kimmel,david.kimmel@noaa.gov,,Encountered
EcoFOCI Zooplankton,Mysis litoralis,David Kimmel,david.kimmel@noaa.gov,,Encountered
EcoFOCI Zooplankton,Mysis oculata,David Kimmel,david.kimmel@noaa.gov,,Encountered
EcoFOCI Zooplankton,Mysis polaris,David Kimmel,david.kimmel@noaa.gov,,Encountered
EcoFOCI Zooplankton,Mysis relicta,David Kimmel,david.kimmel@noaa.gov,,Encountered
EcoFOCI Zooplankton,Mysis spp.,David Kimmel,david.kimmel@noaa.gov,,Encountered
EcoFOCI Zooplankton,Nannocalanus minor,David Kimmel,david.kimmel@noaa.gov,,Encountered
EcoFOCI Zooplankton,Nannocalanus spp.,David Kimmel,david.kimmel@noaa.gov,,Encountered
EcoFOCI Zooplankton,Narcomedusae,David Kimmel,david.kimmel@noaa.gov,,Encountered
EcoFOCI Zooplankton,Narcomedusae,David Kimmel,david.kimmel@noaa.gov,,Encountered
EcoFOCI Zooplankton,Nebalia spp. ,David Kimmel,david.kimmel@noaa.gov,,Encountered
EcoFOCI Zooplankton,Neocalanus cristatus,David Kimmel,david.kimmel@noaa.gov,,Encountered
EcoFOCI Zooplankton,Neocalanus plumchrus,David Kimmel,david.kimmel@noaa.gov,,Encountered
EcoFOCI Zooplankton,Neocalanus flemingeri,David Kimmel,david.kimmel@noaa.gov,,Encountered
EcoFOCI Zooplankton,Neocalanus spp.,David Kimmel,david.kimmel@noaa.gov,,Encountered
EcoFOCI Zooplankton,Neomormonilla minor,David Kimmel,david.kimmel@noaa.gov,,Encountered
EcoFOCI Zooplankton,Neomormonilla spp.,David Kimmel,david.kimmel@noaa.gov,,Encountered
EcoFOCI Zooplankton,Neomysis czerniavskii,David Kimmel,david.kimmel@noaa.gov,,Encountered
EcoFOCI Zooplankton,Neomysis rayii,David Kimmel,david.kimmel@noaa.gov,,Encountered
EcoFOCI Zooplankton,Obelia longissima,David Kimmel,david.kimmel@noaa.gov,,Encountered
EcoFOCI Zooplankton,Obelia spp.,David Kimmel,david.kimmel@noaa.gov,,Encountered
EcoFOCI Zooplankton,Octopodiformes,David Kimmel,david.kimmel@noaa.gov,,Encountered
EcoFOCI Zooplankton,Oikopleura gorsky,David Kimmel,david.kimmel@noaa.gov,,Encountered
EcoFOCI Zooplankton,Oikopleura spp.,David Kimmel,david.kimmel@noaa.gov,,Encountered
EcoFOCI Zooplankton,Oikopleura vanhoeffeni,David Kimmel,david.kimmel@noaa.gov,,Encountered
EcoFOCI Zooplankton,Oithona nana,David Kimmel,david.kimmel@noaa.gov,,Encountered
EcoFOCI Zooplankton,Oithona setigera,David Kimmel,david.kimmel@noaa.gov,,Encountered
EcoFOCI Zooplankton,Oithona spinirostris,David Kimmel,david.kimmel@noaa.gov,,Encountered
EcoFOCI Zooplankton,Oithona similis,David Kimmel,david.kimmel@noaa.gov,,Encountered
EcoFOCI Zooplankton,Oithona spp.,David Kimmel,david.kimmel@noaa.gov,,Encountered
EcoFOCI Zooplankton,Oncaea spp.,David Kimmel,david.kimmel@noaa.gov,,Encountered
EcoFOCI Zooplankton,Oncaeidae,David Kimmel,david.kimmel@noaa.gov,,Encountered
EcoFOCI Zooplankton,Onisimus glacialis,David Kimmel,david.kimmel@noaa.gov,,Encountered
EcoFOCI Zooplankton,Ophiuroidea,David Kimmel,david.kimmel@noaa.gov,,Encountered
EcoFOCI Zooplankton,Oregoniidae,David Kimmel,david.kimmel@noaa.gov,,Encountered
EcoFOCI Zooplankton,Brachyura,David Kimmel,david.kimmel@noaa.gov,,Encountered
EcoFOCI Zooplankton,Ostracoda,David Kimmel,david.kimmel@noaa.gov,,Encountered
EcoFOCI Zooplankton,Pacifacanthomysis nephrophthalma,David Kimmel,david.kimmel@noaa.gov,,Encountered
EcoFOCI Zooplankton,Anomura,David Kimmel,david.kimmel@noaa.gov,,Encountered
EcoFOCI Zooplankton,Paguridae,David Kimmel,david.kimmel@noaa.gov,,Encountered
EcoFOCI Zooplankton,Pagurus beringanus,David Kimmel,david.kimmel@noaa.gov,,Encountered
EcoFOCI Zooplankton,Pagurus hirsutiusculus,David Kimmel,david.kimmel@noaa.gov,,Encountered
EcoFOCI Zooplankton,Pandalidae,David Kimmel,david.kimmel@noaa.gov,,Encountered
EcoFOCI Zooplankton,Pandalus borealis,David Kimmel,david.kimmel@noaa.gov,,Encountered
EcoFOCI Zooplankton,Pandalus goniurus,David Kimmel,david.kimmel@noaa.gov,,Encountered
EcoFOCI Zooplankton,Pandalus jordani,David Kimmel,david.kimmel@noaa.gov,,Encountered
EcoFOCI Zooplankton,Pandalus spp.,David Kimmel,david.kimmel@noaa.gov,,Encountered
EcoFOCI Zooplankton,Paracalanus spp.,David Kimmel,david.kimmel@noaa.gov,,Encountered
EcoFOCI Zooplankton,Paraeuchaeta barbata,David Kimmel,david.kimmel@noaa.gov,,Encountered
EcoFOCI Zooplankton,Paraeuchaeta elongata,David Kimmel,david.kimmel@noaa.gov,,Encountered
EcoFOCI Zooplankton,Euchaeta elongata,David Kimmel,david.kimmel@noaa.gov,,Encountered
EcoFOCI Zooplankton,Paraeuchaeta glacialis,David Kimmel,david.kimmel@noaa.gov,,Encountered
EcoFOCI Zooplankton,Paraeuchaeta polaris,David Kimmel,david.kimmel@noaa.gov,,Encountered
EcoFOCI Zooplankton,Paraeuchaeta spp.,David Kimmel,david.kimmel@noaa.gov,,Encountered
EcoFOCI Zooplankton,Paragotoea bathybia,David Kimmel,david.kimmel@noaa.gov,,Encountered
EcoFOCI Zooplankton,Paraheterorhabdus compactus,David Kimmel,david.kimmel@noaa.gov,,Encountered
EcoFOCI Zooplankton,Paraheterorhabdus,David Kimmel,david.kimmel@noaa.gov,,Encountered
EcoFOCI Zooplankton,Paramphithoe spp.,David Kimmel,david.kimmel@noaa.gov,,Encountered
EcoFOCI Zooplankton,Paraphoxus spp.,David Kimmel,david.kimmel@noaa.gov,,Encountered
EcoFOCI Zooplankton,Parasagitta elegans,David Kimmel,david.kimmel@noaa.gov,,Encountered
EcoFOCI Zooplankton,Pelagobia longicirrata,David Kimmel,david.kimmel@noaa.gov,,Encountered
EcoFOCI Zooplankton,Penaeidae,David Kimmel,david.kimmel@noaa.gov,,Encountered
EcoFOCI Zooplankton,Perigonimus spp.,David Kimmel,david.kimmel@noaa.gov,,Encountered
EcoFOCI Zooplankton,Phalacrophorus pictus,David Kimmel,david.kimmel@noaa.gov,,Encountered
EcoFOCI Zooplankton,Phalacrophorus borealis,David Kimmel,david.kimmel@noaa.gov,,Encountered
EcoFOCI Zooplankton,Phalascophorus pictusborealis,David Kimmel,david.kimmel@noaa.gov,,Encountered
EcoFOCI Zooplankton,Phoronida actinotroch,David Kimmel,david.kimmel@noaa.gov,,Encountered
EcoFOCI Zooplankton,Phronimoidea,David Kimmel,david.kimmel@noaa.gov,,Encountered
EcoFOCI Zooplankton,Pleuromamma quadrungulata,David Kimmel,david.kimmel@noaa.gov,,Encountered
EcoFOCI Zooplankton,Pleuromamma scutullata,David Kimmel,david.kimmel@noaa.gov,,Encountered
EcoFOCI Zooplankton,Pleuromamma spp.,David Kimmel,david.kimmel@noaa.gov,,Encountered
EcoFOCI Zooplankton,Plotocnide borealis,David Kimmel,david.kimmel@noaa.gov,,Encountered
EcoFOCI Zooplankton,Podon leuckarti,David Kimmel,david.kimmel@noaa.gov,,Encountered
EcoFOCI Zooplankton,Podon spp.,David Kimmel,david.kimmel@noaa.gov,,Encountered
EcoFOCI Zooplankton,Polychaeta,David Kimmel,david.kimmel@noaa.gov,,Encountered
EcoFOCI Zooplankton,Polychaete larvae,David Kimmel,david.kimmel@noaa.gov,,Encountered
EcoFOCI Zooplankton,Primno macropa,David Kimmel,david.kimmel@noaa.gov,,Encountered
EcoFOCI Zooplankton,Proboscidactyla flavicirrata,David Kimmel,david.kimmel@noaa.gov,,Encountered
EcoFOCI Zooplankton,Proceroecia vitjazi,David Kimmel,david.kimmel@noaa.gov,,Encountered
EcoFOCI Zooplankton,Pseudaugaptilus polaris,David Kimmel,david.kimmel@noaa.gov,,Encountered
EcoFOCI Zooplankton,Pseudaugaptilus spp.,David Kimmel,david.kimmel@noaa.gov,,Encountered
EcoFOCI Zooplankton,Pseudhaloptilus pacificus,David Kimmel,david.kimmel@noaa.gov,,Encountered
EcoFOCI Zooplankton,Pseudhaloptilus spp.,David Kimmel,david.kimmel@noaa.gov,,Encountered
EcoFOCI Zooplankton,Pseudoamallothrix ovata,David Kimmel,david.kimmel@noaa.gov,,Encountered
EcoFOCI Zooplankton,Pseudoamallothrix spp.,David Kimmel,david.kimmel@noaa.gov,,Encountered
EcoFOCI Zooplankton,Pseudocalanus spp.,David Kimmel,david.kimmel@noaa.gov,,Encountered
EcoFOCI Zooplankton,Pseudochirella spectabilis,David Kimmel,david.kimmel@noaa.gov,,Encountered
EcoFOCI Zooplankton,Pseudochirella spp.,David Kimmel,david.kimmel@noaa.gov,,Encountered
EcoFOCI Zooplankton,Pseudomma truncatum,David Kimmel,david.kimmel@noaa.gov,,Encountered
EcoFOCI Zooplankton,Ptychogena lactea,David Kimmel,david.kimmel@noaa.gov,,Encountered
EcoFOCI Zooplankton,Racovitzanus antarcticus,David Kimmel,david.kimmel@noaa.gov,,Encountered
EcoFOCI Zooplankton,Racovitzanus spp.,David Kimmel,david.kimmel@noaa.gov,,Encountered
EcoFOCI Zooplankton,Rathkea octopunctata,David Kimmel,david.kimmel@noaa.gov,,Encountered
EcoFOCI Zooplankton,Rhabdoon reesi,David Kimmel,david.kimmel@noaa.gov,,Encountered
EcoFOCI Zooplankton,Rhachotropis inflata,David Kimmel,david.kimmel@noaa.gov,,Encountered
EcoFOCI Zooplankton,Rhachotropis aculeata,David Kimmel,david.kimmel@noaa.gov,,Encountered
EcoFOCI Zooplankton,Rhachotropis spp.,David Kimmel,david.kimmel@noaa.gov,,Encountered
EcoFOCI Zooplankton,Rudjakovia plicata,David Kimmel,david.kimmel@noaa.gov,,Encountered
EcoFOCI Zooplankton,Sagitta maxima,David Kimmel,david.kimmel@noaa.gov,,Encountered
EcoFOCI Zooplankton,Sagitta spp.,David Kimmel,david.kimmel@noaa.gov,,Encountered
EcoFOCI Zooplankton,Sarsia principes,David Kimmel,david.kimmel@noaa.gov,,Encountered
EcoFOCI Zooplankton,Sarsia spp.,David Kimmel,david.kimmel@noaa.gov,,Encountered
EcoFOCI Zooplankton,Sarsia tubulosa,David Kimmel,david.kimmel@noaa.gov,,Encountered
EcoFOCI Zooplankton,Scaphocalanus brevicornis,David Kimmel,david.kimmel@noaa.gov,,Encountered
EcoFOCI Zooplankton,Scaphocalanus magnus,David Kimmel,david.kimmel@noaa.gov,,Encountered
EcoFOCI Zooplankton,Scaphocalanus acrocephalus,David Kimmel,david.kimmel@noaa.gov,,Encountered
EcoFOCI Zooplankton,Scaphocalanus polaris,David Kimmel,david.kimmel@noaa.gov,,Encountered
EcoFOCI Zooplankton,Scaphocalanus spp.,David Kimmel,david.kimmel@noaa.gov,,Encountered
EcoFOCI Zooplankton,Scina pusilla,David Kimmel,david.kimmel@noaa.gov,,Encountered
EcoFOCI Zooplankton,Scina spp.,David Kimmel,david.kimmel@noaa.gov,,Encountered
EcoFOCI Zooplankton,Sclerocrangon boreas,David Kimmel,david.kimmel@noaa.gov,,Encountered
EcoFOCI Zooplankton,Scolecithricella minor,David Kimmel,david.kimmel@noaa.gov,,Encountered
EcoFOCI Zooplankton,Scolecithricella spp.,David Kimmel,david.kimmel@noaa.gov,,Encountered
EcoFOCI Zooplankton,Scolecithricidae,David Kimmel,david.kimmel@noaa.gov,,Encountered
EcoFOCI Zooplankton,Scyphozoa,David Kimmel,david.kimmel@noaa.gov,,Encountered
EcoFOCI Zooplankton,Sergestidae,David Kimmel,david.kimmel@noaa.gov,,Encountered
EcoFOCI Zooplankton,Sminthea arctica,David Kimmel,david.kimmel@noaa.gov,,Encountered
EcoFOCI Zooplankton,Solmundella bitentaculata,David Kimmel,david.kimmel@noaa.gov,,Encountered
EcoFOCI Zooplankton,Spinocalanus antarcticus,David Kimmel,david.kimmel@noaa.gov,,Encountered
EcoFOCI Zooplankton,Spinocalanus elongatus,David Kimmel,david.kimmel@noaa.gov,,Encountered
EcoFOCI Zooplankton,Spinocalanus horridus,David Kimmel,david.kimmel@noaa.gov,,Encountered
EcoFOCI Zooplankton,Spinocalanus longicornis,David Kimmel,david.kimmel@noaa.gov,,Encountered
EcoFOCI Zooplankton,Spinocalanus polaris,David Kimmel,david.kimmel@noaa.gov,,Encountered
EcoFOCI Zooplankton,Spinocalanus spp.,David Kimmel,david.kimmel@noaa.gov,,Encountered
EcoFOCI Zooplankton,Spirontocaris phippsii,David Kimmel,david.kimmel@noaa.gov,,Encountered
EcoFOCI Zooplankton,Stilomysis grandis,David Kimmel,david.kimmel@noaa.gov,,Encountered
EcoFOCI Zooplankton,Stylocheiron spp.,David Kimmel,david.kimmel@noaa.gov,,Encountered
EcoFOCI Zooplankton,Syrrhoe spp.,David Kimmel,david.kimmel@noaa.gov,,Encountered
EcoFOCI Zooplankton,Tanaidacea,David Kimmel,david.kimmel@noaa.gov,,Encountered
EcoFOCI Zooplankton,Temorites brevis,David Kimmel,david.kimmel@noaa.gov,,Encountered
EcoFOCI Zooplankton,Temorites spp.,David Kimmel,david.kimmel@noaa.gov,,Encountered
EcoFOCI Zooplankton,Tessarabrachion oculatum,David Kimmel,david.kimmel@noaa.gov,,Encountered
EcoFOCI Zooplankton,Thaliacea,David Kimmel,david.kimmel@noaa.gov,,Encountered
EcoFOCI Zooplankton,Tharybis groenlandicus,David Kimmel,david.kimmel@noaa.gov,,Encountered
EcoFOCI Zooplankton,Tharybis spp.,David Kimmel,david.kimmel@noaa.gov,,Encountered
EcoFOCI Zooplankton,Themisto abyssorum,David Kimmel,david.kimmel@noaa.gov,,Encountered
EcoFOCI Zooplankton,Themisto libellula,David Kimmel,david.kimmel@noaa.gov,,Encountered
EcoFOCI Zooplankton,Themisto pacifica,David Kimmel,david.kimmel@noaa.gov,,Encountered
EcoFOCI Zooplankton,Parathemisto pacifica,David Kimmel,david.kimmel@noaa.gov,,Encountered
EcoFOCI Zooplankton,Themisto spp.,David Kimmel,david.kimmel@noaa.gov,,Encountered
EcoFOCI Zooplankton,Thysanoessa inermis,David Kimmel,david.kimmel@noaa.gov,,Encountered
EcoFOCI Zooplankton,Thysanoessa inspinata,David Kimmel,david.kimmel@noaa.gov,,Encountered
EcoFOCI Zooplankton,Thysanoessa longipes,David Kimmel,david.kimmel@noaa.gov,,Encountered
EcoFOCI Zooplankton,Thysanoessa raschii,David Kimmel,david.kimmel@noaa.gov,,Encountered
EcoFOCI Zooplankton,Thysanoessa spinifera,David Kimmel,david.kimmel@noaa.gov,,Encountered
EcoFOCI Zooplankton,Tiaropsidium kelseyi,David Kimmel,david.kimmel@noaa.gov,,Encountered
EcoFOCI Zooplankton,Tiaropsidium spp.,David Kimmel,david.kimmel@noaa.gov,,Encountered
EcoFOCI Zooplankton,Tiaropsis multicirrata,David Kimmel,david.kimmel@noaa.gov,,Encountered
EcoFOCI Zooplankton,Tomopteris septentrionalis,David Kimmel,david.kimmel@noaa.gov,,Encountered
EcoFOCI Zooplankton,Tomopteris spp.,David Kimmel,david.kimmel@noaa.gov,,Encountered
EcoFOCI Zooplankton,Tortanus discaudatus,David Kimmel,david.kimmel@noaa.gov,,Encountered
EcoFOCI Zooplankton,Trachymedusae,David Kimmel,david.kimmel@noaa.gov,,Encountered
EcoFOCI Zooplankton,Triconia spp.,David Kimmel,david.kimmel@noaa.gov,,Encountered
EcoFOCI Zooplankton,Typhloscolex muelleri,David Kimmel,david.kimmel@noaa.gov,,Encountered
EcoFOCI Zooplankton,Undinella oblonga,David Kimmel,david.kimmel@noaa.gov,,Encountered
EcoFOCI Zooplankton,Undinella spp.,David Kimmel,david.kimmel@noaa.gov,,Encountered
EcoFOCI Zooplankton,Vibilia spp.,David Kimmel,david.kimmel@noaa.gov,,Encountered
EcoFOCI Zooplankton,Xanthocalanus spp.,David Kimmel,david.kimmel@noaa.gov,,Encountered
EcoFOCI Zooplankton,Xenoacanthomysis pseudomacropsis,David Kimmel,david.kimmel@noaa.gov,,Encountered