	Dataset	level	iteration	Method	Parameters	Precision	Recall	F-measure	match_ratio
0	CRABS_ecoPCR	1	0	naive-bayes	0.001:[7,7]	0.9993455497382199	0.9993455497382199	0.9993455497382199	0.9993455497382199
1	CRABS_ecoPCR	2	0	naive-bayes	0.001:[7,7]	0.9993412384716732	0.9928010471204188	0.9960604070912672	0.9928010471204188
2	CRABS_ecoPCR	3	0	naive-bayes	0.001:[7,7]	0.993943472409152	0.9666230366492147	0.9800928998009291	0.9659685863874345
3	CRABS_ecoPCR	4	0	naive-bayes	0.001:[7,7]	0.9757952973720608	0.9234293193717278	0.948890383322125	0.918848167539267
4	CRABS_ecoPCR	5	0	naive-bayes	0.001:[7,7]	0.872992700729927	0.7827225130890052	0.8253968253968255	0.7382198952879581
5	CRABS_ecoPCR	6	0	naive-bayes	0.001:[7,7]	0.5580865603644647	0.48102094240837695	0.5166959578207382	0.3704188481675393
6	CRABS_ecoPCR	1	1	naive-bayes	0.001:[7,7]	1.0	0.9993451211525868	0.9996724533245988	0.9993451211525868
7	CRABS_ecoPCR	2	1	naive-bayes	0.001:[7,7]	1.0	0.9954158480681073	0.9977026583524778	0.9954158480681073
8	CRABS_ecoPCR	3	1	naive-bayes	0.001:[7,7]	0.9973297730307076	0.9783889980353635	0.9877685950413224	0.9777341191879503
9	CRABS_ecoPCR	4	1	naive-bayes	0.001:[7,7]	0.9781718963165075	0.9390962671905697	0.9582358837287003	0.9351669941060904
10	CRABS_ecoPCR	5	1	naive-bayes	0.001:[7,7]	0.8713872832369942	0.7897838899803536	0.8285812435589144	0.7537655533726261
11	CRABS_ecoPCR	6	1	naive-bayes	0.001:[7,7]	0.5558052434456929	0.4859201047806156	0.5185185185185186	0.3798297314996726
12	CRABS_ecoPCR	1	2	naive-bayes	0.001:[7,7]	1.0	1.0	1.0	1.0
13	CRABS_ecoPCR	2	2	naive-bayes	0.001:[7,7]	0.9993425378040762	0.9954158480681073	0.9973753280839895	0.9954158480681073
14	CRABS_ecoPCR	3	2	naive-bayes	0.001:[7,7]	0.9966284558327714	0.9679109364767517	0.9820598006644518	0.9666011787819253
15	CRABS_ecoPCR	4	2	naive-bayes	0.001:[7,7]	0.9794520547945206	0.9364767518009168	0.9574824238366254	0.9325474787164375
16	CRABS_ecoPCR	5	2	naive-bayes	0.001:[7,7]	0.8642599277978339	0.7838899803536346	0.8221153846153846	0.7445972495088409
17	CRABS_ecoPCR	6	2	naive-bayes	0.001:[7,7]	0.5579106737320212	0.48264571054354943	0.517556179775281	0.36345776031434185
18	CRABS_ecoPCR	1	3	naive-bayes	0.001:[7,7]	1.0	1.0	1.0	1.0
19	CRABS_ecoPCR	2	3	naive-bayes	0.001:[7,7]	1.0	0.9947609692206941	0.9973736047275115	0.9947609692206941
20	CRABS_ecoPCR	3	3	naive-bayes	0.001:[7,7]	0.9972972972972973	0.9666011787819253	0.9817093448619887	0.9666011787819253
21	CRABS_ecoPCR	4	3	naive-bayes	0.001:[7,7]	0.9827586206896551	0.9332023575638507	0.9573396036278132	0.9266535690897184
22	CRABS_ecoPCR	5	3	naive-bayes	0.001:[7,7]	0.8699780861943024	0.7799607072691552	0.8225138121546961	0.7406679764243614
23	CRABS_ecoPCR	6	3	naive-bayes	0.001:[7,7]	0.5671296296296297	0.481335952848723	0.5207226354941551	0.3791748526522593
24	CRABS_ecoPCR	1	4	naive-bayes	0.001:[7,7]	0.9993451211525868	0.9993451211525868	0.9993451211525868	0.9993451211525868
25	CRABS_ecoPCR	2	4	naive-bayes	0.001:[7,7]	0.9993412384716732	0.9934512115258677	0.9963875205254515	0.9934512115258677
26	CRABS_ecoPCR	3	4	naive-bayes	0.001:[7,7]	0.9959893048128342	0.9757694826457105	0.9857757194839564	0.9757694826457105
27	CRABS_ecoPCR	4	4	naive-bayes	0.001:[7,7]	0.9816076294277929	0.9436804191224624	0.9622704507512522	0.9397511460379829
28	CRABS_ecoPCR	5	4	naive-bayes	0.001:[7,7]	0.8720345075485263	0.7943680419122462	0.8313913639479095	0.7518009168303864
29	CRABS_ecoPCR	6	4	naive-bayes	0.001:[7,7]	0.5561456752655539	0.48002619515389655	0.5152899824253077	0.36738703339882123
30	CRABS_ecoPCR	1	5	naive-bayes	0.001:[7,7]	0.9980353634577603	0.9980353634577603	0.9980353634577603	0.9980353634577603
31	CRABS_ecoPCR	2	5	naive-bayes	0.001:[7,7]	0.998022412656559	0.991486574983628	0.9947437582128777	0.991486574983628
32	CRABS_ecoPCR	3	5	naive-bayes	0.001:[7,7]	0.9945982444294396	0.9646365422396856	0.9793882978723404	0.9646365422396856
33	CRABS_ecoPCR	4	5	naive-bayes	0.001:[7,7]	0.9766001376462491	0.9292730844793713	0.9523489932885907	0.9259986902423052
34	CRABS_ecoPCR	5	5	naive-bayes	0.001:[7,7]	0.8657913931436907	0.7773411918795023	0.8191856452726017	0.7439423706614277
35	CRABS_ecoPCR	6	5	naive-bayes	0.001:[7,7]	0.5732725892179195	0.49443352979698757	0.5309423347398031	0.398166339227243
36	CRABS_ecoPCR	1	6	naive-bayes	0.001:[7,7]	1.0	1.0	1.0	1.0
37	CRABS_ecoPCR	2	6	naive-bayes	0.001:[7,7]	0.9993434011818779	0.9967256057629339	0.998032786885246	0.9967256057629339
38	CRABS_ecoPCR	3	6	naive-bayes	0.001:[7,7]	0.9946308724832215	0.9705304518664047	0.9824328803447133	0.9705304518664047
39	CRABS_ecoPCR	4	6	naive-bayes	0.001:[7,7]	0.9745179063360881	0.9266535690897184	0.9499832158442432	0.9233791748526523
40	CRABS_ecoPCR	5	6	naive-bayes	0.001:[7,7]	0.8524945770065075	0.7721021611001965	0.8103092783505154	0.7347740667976425
41	CRABS_ecoPCR	6	6	naive-bayes	0.001:[7,7]	0.5367702805155421	0.4636542239685658	0.4975404075895994	0.35036018336607727
42	CRABS_ecoPCR	1	7	naive-bayes	0.001:[7,7]	1.0	1.0	1.0	1.0
43	CRABS_ecoPCR	2	7	naive-bayes	0.001:[7,7]	0.9993429697766097	0.9960707269155207	0.9977041653000985	0.9960707269155207
44	CRABS_ecoPCR	3	7	naive-bayes	0.001:[7,7]	0.9946308724832215	0.9705304518664047	0.9824328803447133	0.9705304518664047
45	CRABS_ecoPCR	4	7	naive-bayes	0.001:[7,7]	0.9766803840877915	0.9325474787164375	0.9541038525963149	0.9325474787164375
46	CRABS_ecoPCR	5	7	naive-bayes	0.001:[7,7]	0.8642599277978339	0.7838899803536346	0.8221153846153846	0.7491814014407334
47	CRABS_ecoPCR	6	7	naive-bayes	0.001:[7,7]	0.5617977528089888	0.4911591355599214	0.5241090146750524	0.3968565815324165
48	CRABS_ecoPCR	1	8	naive-bayes	0.001:[7,7]	0.9993446920052425	0.9986902423051736	0.9990173599737963	0.9986902423051736
49	CRABS_ecoPCR	2	8	naive-bayes	0.001:[7,7]	0.9993425378040762	0.9954158480681073	0.9973753280839895	0.9954158480681073
50	CRABS_ecoPCR	3	8	naive-bayes	0.001:[7,7]	0.9959839357429718	0.9744597249508841	0.9851042701092353	0.9744597249508841
51	CRABS_ecoPCR	4	8	naive-bayes	0.001:[7,7]	0.9821917808219178	0.9390962671905697	0.9601606963508538	0.9364767518009168
52	CRABS_ecoPCR	5	8	naive-bayes	0.001:[7,7]	0.8695340501792115	0.7943680419122462	0.8302532511978097	0.7583497053045186
53	CRABS_ecoPCR	6	8	naive-bayes	0.001:[7,7]	0.5634328358208955	0.49443352979698757	0.5266829438437391	0.3798297314996726
54	CRABS_ecoPCR	1	9	naive-bayes	0.001:[7,7]	1.0	1.0	1.0	1.0
55	CRABS_ecoPCR	2	9	naive-bayes	0.001:[7,7]	0.9993425378040762	0.9954158480681073	0.9973753280839895	0.9954158480681073
56	CRABS_ecoPCR	3	9	naive-bayes	0.001:[7,7]	0.9952956989247311	0.9698755730189915	0.9824212271973466	0.9692206941715783
57	CRABS_ecoPCR	4	9	naive-bayes	0.001:[7,7]	0.9753424657534246	0.9325474787164375	0.9534650150652828	0.9286182056319581
58	CRABS_ecoPCR	5	9	naive-bayes	0.001:[7,7]	0.8664259927797834	0.7858546168958742	0.824175824175824	0.7485265225933202
59	CRABS_ecoPCR	6	9	naive-bayes	0.001:[7,7]	0.5509893455098934	0.47413228552717746	0.5096796902499119	0.3719711853307138
60	CRABS_MiFish	1	0	naive-bayes	0.001:[7,7]	0.9996466431095407	0.9996466431095407	0.9996466431095407	0.9996466431095407
61	CRABS_MiFish	2	0	naive-bayes	0.001:[7,7]	0.999291031549096	0.996113074204947	0.9976995222084586	0.996113074204947
62	CRABS_MiFish	3	0	naive-bayes	0.001:[7,7]	0.995709688952449	0.9840989399293286	0.9898702683490315	0.9840989399293286
63	CRABS_MiFish	4	0	naive-bayes	0.001:[7,7]	0.9846771251368114	0.9537102473498233	0.9689463292048107	0.9498233215547703
64	CRABS_MiFish	5	0	naive-bayes	0.001:[7,7]	0.8991177598772535	0.8282685512367491	0.8622402059959536	0.8035335689045936
65	CRABS_MiFish	6	0	naive-bayes	0.001:[7,7]	0.6011608623548922	0.5123674911660777	0.5532239603204884	0.40247349823321554
66	CRABS_MiFish	1	1	naive-bayes	0.001:[7,7]	1.0	0.9992932862190813	0.9996465182043125	0.9992932862190813
67	CRABS_MiFish	2	1	naive-bayes	0.001:[7,7]	0.9996456413890857	0.9968197879858657	0.9982307147912243	0.9968197879858657
68	CRABS_MiFish	3	1	naive-bayes	0.001:[7,7]	0.994263176765866	0.9798586572438163	0.9870083644776652	0.9798586572438163
69	CRABS_MiFish	4	1	naive-bayes	0.001:[7,7]	0.9824753559693319	0.9508833922261484	0.9664212605494702	0.949469964664311
70	CRABS_MiFish	5	1	naive-bayes	0.001:[7,7]	0.8953799159984727	0.8286219081272085	0.8607083868599742	0.8031802120141343
71	CRABS_MiFish	6	1	naive-bayes	0.001:[7,7]	0.5796441870086885	0.4950530035335689	0.5340194396798171	0.3932862190812721
72	CRABS_MiFish	1	2	naive-bayes	0.001:[7,7]	0.9996461429582448	0.9985860728172499	0.9991158267020337	0.9985860728172499
73	CRABS_MiFish	2	2	naive-bayes	0.001:[7,7]	0.9992887624466572	0.9932838458819371	0.9962772558057084	0.9932838458819371
74	CRABS_MiFish	3	2	naive-bayes	0.001:[7,7]	0.9938848920863309	0.9766702014846236	0.9852023533606703	0.9766702014846236
75	CRABS_MiFish	4	2	naive-bayes	0.001:[7,7]	0.982051282051282	0.9476846942382467	0.9645619715776218	0.9473312124425592
76	CRABS_MiFish	5	2	naive-bayes	0.001:[7,7]	0.8989627353054168	0.8271474019088016	0.861561119293078	0.8066454577589254
77	CRABS_MiFish	6	2	naive-bayes	0.001:[7,7]	0.5736401673640167	0.48462354188759277	0.5253880053650124	0.39731353835277483
78	CRABS_MiFish	1	3	naive-bayes	0.001:[7,7]	1.0	0.9996465182043125	0.9998232278592893	0.9996465182043125
79	CRABS_MiFish	2	3	naive-bayes	0.001:[7,7]	0.9992912827781715	0.9968186638388123	0.9980534418686958	0.9968186638388123
80	CRABS_MiFish	3	3	naive-bayes	0.001:[7,7]	0.9939220593493028	0.9826793920113114	0.9882687522218271	0.9826793920113114
81	CRABS_MiFish	4	3	naive-bayes	0.001:[7,7]	0.979295314202688	0.9529869211735595	0.965962020781082	0.9508660303994344
82	CRABS_MiFish	5	3	naive-bayes	0.001:[7,7]	0.8913457872664887	0.8264404383174266	0.8576669112252384	0.8024036762106751
83	CRABS_MiFish	6	3	naive-bayes	0.001:[7,7]	0.5682764363030808	0.48250265111346763	0.5218887402026381	0.3746907034287734
84	CRABS_MiFish	1	4	naive-bayes	0.001:[7,7]	0.9989388043862752	0.9982325910215624	0.9985855728429985	0.9982325910215624
85	CRABS_MiFish	2	4	naive-bayes	0.001:[7,7]	0.9985790408525755	0.9936373276776246	0.9961020552799432	0.9932838458819371
86	CRABS_MiFish	3	4	naive-bayes	0.001:[7,7]	0.9949802796701327	0.9809119830328739	0.9878960484158065	0.9805585012371862
87	CRABS_MiFish	4	4	naive-bayes	0.001:[7,7]	0.9828904259191845	0.9544008483563097	0.9684361549497847	0.9522799575821845
88	CRABS_MiFish	5	4	naive-bayes	0.001:[7,7]	0.9015209125475285	0.8381053375751149	0.8686572632350247	0.8133616118769883
89	CRABS_MiFish	6	4	naive-bayes	0.001:[7,7]	0.5755837771405162	0.49664192294096854	0.5332068311195446	0.39236479321314954
90	CRABS_MiFish	1	5	naive-bayes	0.001:[7,7]	0.999293036408625	0.999293036408625	0.999293036408625	0.999293036408625
91	CRABS_MiFish	2	5	naive-bayes	0.001:[7,7]	0.9985820630981921	0.9957582184517497	0.9971681415929202	0.9957582184517497
92	CRABS_MiFish	3	5	naive-bayes	0.001:[7,7]	0.9964209019327129	0.9840933191940615	0.9902187444424683	0.983739837398374
93	CRABS_MiFish	4	5	naive-bayes	0.001:[7,7]	0.9807622504537206	0.9551078119476847	0.9677650429799427	0.9515729939908095
94	CRABS_MiFish	5	5	naive-bayes	0.001:[7,7]	0.8959757023538345	0.8342170378225522	0.863994142412594	0.8052315305761754
95	CRABS_MiFish	6	5	naive-bayes	0.001:[7,7]	0.584133611691023	0.4945210321668434	0.5356049004594181	0.39625309296571226
96	CRABS_MiFish	1	6	naive-bayes	0.001:[7,7]	0.9996461429582448	0.9985860728172499	0.9991158267020337	0.9985860728172499
97	CRABS_MiFish	2	6	naive-bayes	0.001:[7,7]	0.9992902767920511	0.9954047366560622	0.9973437223304409	0.9954047366560622
98	CRABS_MiFish	3	6	naive-bayes	0.001:[7,7]	0.9953321364452423	0.9798515376458112	0.9875311720698253	0.9798515376458112
99	CRABS_MiFish	4	6	naive-bayes	0.001:[7,7]	0.9842721287490855	0.9512195121951219	0.9674635987776379	0.9487451396253093
100	CRABS_MiFish	5	6	naive-bayes	0.001:[7,7]	0.906083650190114	0.8423471191233651	0.8730536728338524	0.8172499116295511
101	CRABS_MiFish	6	6	naive-bayes	0.001:[7,7]	0.5970211005378568	0.5100742311770944	0.5501334349980939	0.4022622834924001
102	CRABS_MiFish	1	7	naive-bayes	0.001:[7,7]	0.9992927864214993	0.9989395546129375	0.9991161392964468	0.9989395546129375
103	CRABS_MiFish	2	7	naive-bayes	0.001:[7,7]	0.9985810571124513	0.9950512548603747	0.9968130311614731	0.9950512548603747
104	CRABS_MiFish	3	7	naive-bayes	0.001:[7,7]	0.9956958393113343	0.9812654648285614	0.9884279864696458	0.9812654648285614
105	CRABS_MiFish	4	7	naive-bayes	0.001:[7,7]	0.9807132459970888	0.952633439377872	0.9664694280078896	0.9508660303994344
106	CRABS_MiFish	5	7	naive-bayes	0.001:[7,7]	0.8926380368098159	0.8229056203605515	0.8563546073202134	0.7963944856839873
107	CRABS_MiFish	6	7	naive-bayes	0.001:[7,7]	0.5853249475890986	0.49346058677978083	0.53548139624089	0.3909508660303994
108	CRABS_MiFish	1	8	naive-bayes	0.001:[7,7]	0.9989388043862752	0.9982325910215624	0.9985855728429985	0.9982325910215624
109	CRABS_MiFish	2	8	naive-bayes	0.001:[7,7]	0.9985825655563431	0.9961117002474372	0.9973456025482215	0.9961117002474372
110	CRABS_MiFish	3	8	naive-bayes	0.001:[7,7]	0.9935437589670014	0.9791445740544362	0.9862916147409649	0.9787910922587487
111	CRABS_MiFish	4	8	naive-bayes	0.001:[7,7]	0.9795695001824152	0.9490986214209968	0.9640933572710952	0.9466242488511841
112	CRABS_MiFish	5	8	naive-bayes	0.001:[7,7]	0.8986564299424185	0.8275008837044893	0.861612072138388	0.8016967126193001
113	CRABS_MiFish	6	8	naive-bayes	0.001:[7,7]	0.5839598997493735	0.4941675503711559	0.5353245261344055	0.3874160480735242
114	CRABS_MiFish	1	9	naive-bayes	0.001:[7,7]	1.0	0.9989395546129375	0.9994694960212203	0.9989395546129375
115	CRABS_MiFish	2	9	naive-bayes	0.001:[7,7]	0.9996447602131439	0.9946977730646872	0.9971651311126861	0.9946977730646872
116	CRABS_MiFish	3	9	naive-bayes	0.001:[7,7]	0.9942446043165467	0.9770236832803111	0.9855589231592085	0.9763167196889361
117	CRABS_MiFish	4	9	naive-bayes	0.001:[7,7]	0.9828090709583028	0.9498055850123719	0.9660255257954341	0.9466242488511841
118	CRABS_MiFish	5	9	naive-bayes	0.001:[7,7]	0.8979670118910625	0.8275008837044893	0.8612950699043416	0.8027571580063627
119	CRABS_MiFish	6	9	naive-bayes	0.001:[7,7]	0.5711878685762426	0.47932131495228	0.5212377474533922	0.37822552138564863
120	MetaCurator_MiFish	1	0	naive-bayes	0.001:[7,7]	1.0	0.9989130434782608	0.9994562262098966	0.9989130434782608
121	MetaCurator_MiFish	2	0	naive-bayes	0.001:[7,7]	1.0	0.9956521739130435	0.9978213507625272	0.9956521739130435
122	MetaCurator_MiFish	3	0	naive-bayes	0.001:[7,7]	0.9970555760029445	0.9815217391304348	0.9892276793865254	0.9815217391304348
123	MetaCurator_MiFish	4	0	naive-bayes	0.001:[7,7]	0.9872515935508062	0.9539855072463768	0.9703335175971992	0.9514492753623188
124	MetaCurator_MiFish	5	0	naive-bayes	0.001:[7,7]	0.8948829829432765	0.8173913043478261	0.8543836394622231	0.7894927536231884
125	MetaCurator_MiFish	6	0	naive-bayes	0.001:[7,7]	0.557032590051458	0.4706521739130435	0.5102120974076984	0.35579710144927534
126	MetaCurator_MiFish	1	1	naive-bayes	0.001:[7,7]	0.9992748368382887	0.9989126495106923	0.9990937103498279	0.9989126495106923
127	MetaCurator_MiFish	2	1	naive-bayes	0.001:[7,7]	0.999271137026239	0.9938383472272563	0.9965473378157369	0.9938383472272563
128	MetaCurator_MiFish	3	1	naive-bayes	0.001:[7,7]	0.9981488337652721	0.9771656397245378	0.9875457875457875	0.9771656397245378
129	MetaCurator_MiFish	4	1	naive-bayes	0.001:[7,7]	0.9856873822975518	0.9485320768394345	0.9667528629479128	0.9463573758608191
130	MetaCurator_MiFish	5	1	naive-bayes	0.001:[7,7]	0.8938613861386139	0.8180500181225081	0.8542770628311884	0.7955781080101486
131	MetaCurator_MiFish	6	1	naive-bayes	0.001:[7,7]	0.5584470989761092	0.4744472635012686	0.5130315500685871	0.37404856832185573
132	MetaCurator_MiFish	1	2	naive-bayes	0.001:[7,7]	1.0	0.9992750996737948	0.9996374184191442	0.9992750996737948
133	MetaCurator_MiFish	2	2	naive-bayes	0.001:[7,7]	0.9996362313568571	0.9960130482058717	0.9978213507625272	0.9960130482058717
134	MetaCurator_MiFish	3	2	naive-bayes	0.001:[7,7]	0.9959394610557402	0.977890540050743	0.9868324798829554	0.977890540050743
135	MetaCurator_MiFish	4	2	naive-bayes	0.001:[7,7]	0.9819752159218926	0.9478071765132294	0.9645887126521578	0.9463573758608191
136	MetaCurator_MiFish	5	2	naive-bayes	0.001:[7,7]	0.8990461049284578	0.819862268938021	0.8576303317535544	0.7992026096411743
137	MetaCurator_MiFish	6	2	naive-bayes	0.001:[7,7]	0.5589369909987141	0.4726350126857557	0.5121759622937941	0.3638999637549837
138	MetaCurator_MiFish	1	3	naive-bayes	0.001:[7,7]	0.9996374184191443	0.9992750996737948	0.9994562262098967	0.9992750996737948
139	MetaCurator_MiFish	2	3	naive-bayes	0.001:[7,7]	0.9996362313568571	0.9960130482058717	0.9978213507625272	0.9960130482058717
140	MetaCurator_MiFish	3	3	naive-bayes	0.001:[7,7]	0.9952029520295202	0.9775280898876404	0.9862863411958309	0.9775280898876404
141	MetaCurator_MiFish	4	3	naive-bayes	0.001:[7,7]	0.9801943198804185	0.95070677781805	0.9652253909843607	0.9488945270025372
142	MetaCurator_MiFish	5	3	naive-bayes	0.001:[7,7]	0.8793103448275862	0.8133381660021747	0.8450385991338731	0.7912287060529177
143	MetaCurator_MiFish	6	3	naive-bayes	0.001:[7,7]	0.550547598989048	0.47372236317506344	0.509253847652445	0.36969916636462485
144	MetaCurator_MiFish	1	4	naive-bayes	0.001:[7,7]	0.9992743105950653	0.9981877491844872	0.9987307343608341	0.9981877491844872
145	MetaCurator_MiFish	2	4	naive-bayes	0.001:[7,7]	0.9992716678805535	0.9945632475534614	0.996911898274296	0.9945632475534614
146	MetaCurator_MiFish	3	4	naive-bayes	0.001:[7,7]	0.9955833640044166	0.980427691192461	0.9879474068663258	0.980427691192461
147	MetaCurator_MiFish	4	4	naive-bayes	0.001:[7,7]	0.9850187265917603	0.9532439289597681	0.9688708786148462	0.9514316781442551
148	MetaCurator_MiFish	5	4	naive-bayes	0.001:[7,7]	0.8951296150824823	0.8260239217107648	0.8591894439208294	0.7992026096411743
149	MetaCurator_MiFish	6	4	naive-bayes	0.001:[7,7]	0.5786780383795309	0.4918448713301921	0.5317398119122257	0.3802102210945995
150	MetaCurator_MiFish	1	5	naive-bayes	0.001:[7,7]	0.9996371552975326	0.9985501993475897	0.99909338168631	0.9985501993475897
151	MetaCurator_MiFish	2	5	naive-bayes	0.001:[7,7]	0.9992719330178377	0.9949256977165639	0.9970940791863421	0.9949256977165639
152	MetaCurator_MiFish	3	5	naive-bayes	0.001:[7,7]	0.997040325564188	0.9768031895614353	0.9868180153789821	0.9768031895614353
153	MetaCurator_MiFish	4	5	naive-bayes	0.001:[7,7]	0.9868519909842224	0.9521565784704603	0.9691938756686957	0.9503443276549475
154	MetaCurator_MiFish	5	5	naive-bayes	0.001:[7,7]	0.8988853503184714	0.8184124682856108	0.8567634225004743	0.7930409568684306
155	MetaCurator_MiFish	6	5	naive-bayes	0.001:[7,7]	0.5566652192792011	0.4646611090974991	0.5065191623864085	0.3581007611453425
156	MetaCurator_MiFish	1	6	naive-bayes	0.001:[7,7]	1.0	0.9985501993475897	0.9992745738121146	0.9985501993475897
157	MetaCurator_MiFish	2	6	naive-bayes	0.001:[7,7]	0.9996362313568571	0.9960130482058717	0.9978213507625272	0.9960130482058717
158	MetaCurator_MiFish	3	6	naive-bayes	0.001:[7,7]	0.9959334565619223	0.9764407393983328	0.986090775988287	0.9760782892352301
159	MetaCurator_MiFish	4	6	naive-bayes	0.001:[7,7]	0.9827327327327328	0.9488945270025372	0.9655172413793104	0.9478071765132294
160	MetaCurator_MiFish	5	6	naive-bayes	0.001:[7,7]	0.9045009784735812	0.8376223269300471	0.8697779450508092	0.8111634650235593
161	MetaCurator_MiFish	6	6	naive-bayes	0.001:[7,7]	0.5684121621621622	0.4878579195360638	0.5250633898966257	0.36679956505980427
162	MetaCurator_MiFish	1	7	naive-bayes	0.001:[7,7]	0.9992750996737948	0.9992750996737948	0.9992750996737948	0.9992750996737948
163	MetaCurator_MiFish	2	7	naive-bayes	0.001:[7,7]	0.9989110707803993	0.997462848858282	0.9981864345302865	0.997462848858282
164	MetaCurator_MiFish	3	7	naive-bayes	0.001:[7,7]	0.9948453608247423	0.9793403407031533	0.9870319634703196	0.9793403407031533
165	MetaCurator_MiFish	4	7	naive-bayes	0.001:[7,7]	0.9834710743801653	0.9488945270025372	0.9658734550820882	0.9470822761870242
166	MetaCurator_MiFish	5	7	naive-bayes	0.001:[7,7]	0.9040444091990484	0.8263863718738673	0.8634728271160765	0.7988401594780717
167	MetaCurator_MiFish	6	7	naive-bayes	0.001:[7,7]	0.5603557814485387	0.4795215657847046	0.516796875	0.3718738673432403
168	MetaCurator_MiFish	1	8	naive-bayes	0.001:[7,7]	0.9996374184191443	0.9992750996737948	0.9994562262098967	0.9992750996737948
169	MetaCurator_MiFish	2	8	naive-bayes	0.001:[7,7]	0.9996359665089188	0.9952881478796666	0.9974573192880494	0.9952881478796666
170	MetaCurator_MiFish	3	8	naive-bayes	0.001:[7,7]	0.9955801104972376	0.9797027908662559	0.9875776397515528	0.9797027908662559
171	MetaCurator_MiFish	4	8	naive-bayes	0.001:[7,7]	0.9811959383226777	0.9456324755346139	0.9630860095976376	0.9449075752084088
172	MetaCurator_MiFish	5	8	naive-bayes	0.001:[7,7]	0.8910103420843277	0.8118883653497644	0.8496112270054997	0.7828923523015585
173	MetaCurator_MiFish	6	8	naive-bayes	0.001:[7,7]	0.544869042507514	0.45994925697716565	0.4988207547169812	0.3537513591881116
174	MetaCurator_MiFish	1	9	naive-bayes	0.001:[7,7]	0.9996372869060574	0.9989126495106923	0.9992748368382887	0.9989126495106923
175	MetaCurator_MiFish	2	9	naive-bayes	0.001:[7,7]	0.9974582425562818	0.9956505980427691	0.9965536005804462	0.9956505980427691
176	MetaCurator_MiFish	3	9	naive-bayes	0.001:[7,7]	0.9915254237288136	0.975353388909025	0.9833729216152018	0.975353388909025
177	MetaCurator_MiFish	4	9	naive-bayes	0.001:[7,7]	0.9778278842540399	0.943095324392896	0.9601476014760147	0.9412830735773831
178	MetaCurator_MiFish	5	9	naive-bayes	0.001:[7,7]	0.8915615141955836	0.8194998187749184	0.8540132200188857	0.7883291047480971
179	MetaCurator_MiFish	6	9	naive-bayes	0.001:[7,7]	0.5680170575692963	0.48278361725262775	0.5219435736677116	0.3689742660384197
180	rCRUX_12S	1	0	naive-bayes	0.001:[7,7]	0.9990906335253107	0.998485307482581	0.9987878787878788	0.998485307482581
181	rCRUX_12S	2	0	naive-bayes	0.001:[7,7]	0.9972636059592581	0.9936382914268403	0.9954476479514416	0.9936382914268403
182	rCRUX_12S	3	0	naive-bayes	0.001:[7,7]	0.9929230769230769	0.9775825507421994	0.9851931002900319	0.9766737352317479
183	rCRUX_12S	4	0	naive-bayes	0.001:[7,7]	0.9809434551702593	0.9512269009391093	0.9658566594893879	0.9506210239321418
184	rCRUX_12S	5	0	naive-bayes	0.001:[7,7]	0.9065482066469234	0.8345955770978492	0.8690851735015773	0.8136928203574675
185	rCRUX_12S	6	0	naive-bayes	0.001:[7,7]	0.6628029504741834	0.571644956073917	0.6138581652569941	0.4622841563162678
186	rCRUX_12S	1	1	naive-bayes	0.001:[7,7]	0.9984843892088512	0.9978794304756134	0.9981818181818183	0.9978794304756134
187	rCRUX_12S	2	1	naive-bayes	0.001:[7,7]	0.9978736330498177	0.9951529839442593	0.9965114515395116	0.9951529839442593
188	rCRUX_12S	3	1	naive-bayes	0.001:[7,7]	0.9935364727608494	0.9778854892456831	0.9856488549618321	0.9772796122387155
189	rCRUX_12S	4	1	naive-bayes	0.001:[7,7]	0.9833333333333333	0.9472887003938201	0.9649745409659004	0.9463798848833687
190	rCRUX_12S	5	1	naive-bayes	0.001:[7,7]	0.910737812911726	0.8376249621326871	0.8726526747672401	0.8115722508330809
191	rCRUX_12S	6	1	naive-bayes	0.001:[7,7]	0.6490793201133145	0.5552862768857921	0.5985306122448979	0.4404725840654347
192	rCRUX_12S	1	2	naive-bayes	0.001:[7,7]	0.9990900818926297	0.9981818181818182	0.9986357435197818	0.9981818181818182
193	rCRUX_12S	2	2	naive-bayes	0.001:[7,7]	0.9981740718198417	0.9939393939393939	0.9960522320072882	0.9939393939393939
194	rCRUX_12S	3	2	naive-bayes	0.001:[7,7]	0.9944564213119803	0.9784848484848485	0.9864059874751794	0.9781818181818182
195	rCRUX_12S	4	2	naive-bayes	0.001:[7,7]	0.9821484497337927	0.9503030303030303	0.965963345140921	0.9475757575757576
196	rCRUX_12S	5	2	naive-bayes	0.001:[7,7]	0.899245159172957	0.8303030303030303	0.8634000315109501	0.803030303030303
197	rCRUX_12S	6	2	naive-bayes	0.001:[7,7]	0.6488200070447341	0.5581818181818182	0.6000977357875875	0.4406060606060606
198	rCRUX_12S	1	3	naive-bayes	0.001:[7,7]	0.9993928354584092	0.9975757575757576	0.9984834698210494	0.9975757575757576
199	rCRUX_12S	2	3	naive-bayes	0.001:[7,7]	0.9984760743675709	0.9927272727272727	0.9955933748670415	0.9927272727272727
200	rCRUX_12S	3	3	naive-bayes	0.001:[7,7]	0.992583436341162	0.9733333333333334	0.9828641370869035	0.9727272727272728
201	rCRUX_12S	4	3	naive-bayes	0.001:[7,7]	0.9796110414052698	0.9463636363636364	0.9627003699136869	0.9442424242424242
202	rCRUX_12S	5	3	naive-bayes	0.001:[7,7]	0.893828798938288	0.8163636363636364	0.8533417801710484	0.7930303030303031
203	rCRUX_12S	6	3	naive-bayes	0.001:[7,7]	0.6497175141242938	0.5575757575757576	0.6001304631441619	0.43757575757575756
204	rCRUX_12S	1	4	naive-bayes	0.001:[7,7]	0.9990900818926297	0.9981818181818182	0.9986357435197818	0.9981818181818182
205	rCRUX_12S	2	4	naive-bayes	0.001:[7,7]	0.9981773997569866	0.9957575757575757	0.9969660194174756	0.9957575757575757
206	rCRUX_12S	3	4	naive-bayes	0.001:[7,7]	0.9944530046224962	0.9778787878787879	0.986096256684492	0.9772727272727273
207	rCRUX_12S	4	4	naive-bayes	0.001:[7,7]	0.9831038798498123	0.9521212121212121	0.9673645320197044	0.9518181818181818
208	rCRUX_12S	5	4	naive-bayes	0.001:[7,7]	0.9000329924117453	0.8266666666666667	0.8617911862265046	0.796969696969697
209	rCRUX_12S	6	4	naive-bayes	0.001:[7,7]	0.6336738288129623	0.5451515151515152	0.5860889395667047	0.4172727272727273
210	rCRUX_12S	1	5	naive-bayes	0.001:[7,7]	1.0	0.9990909090909091	0.9995452478399274	0.9990909090909091
211	rCRUX_12S	2	5	naive-bayes	0.001:[7,7]	0.9996959562176954	0.9963636363636363	0.9980270147215056	0.9963636363636363
212	rCRUX_12S	3	5	naive-bayes	0.001:[7,7]	0.9953775038520801	0.9787878787878788	0.9870129870129869	0.9787878787878788
213	rCRUX_12S	4	5	naive-bayes	0.001:[7,7]	0.9850093691442848	0.9557575757575758	0.9701630267609966	0.9542424242424242
214	rCRUX_12S	5	5	naive-bayes	0.001:[7,7]	0.9122287968441815	0.8409090909090909	0.8751182592242195	0.816969696969697
215	rCRUX_12S	6	5	naive-bayes	0.001:[7,7]	0.6691331923890064	0.5754545454545454	0.6187683284457479	0.45696969696969697
216	rCRUX_12S	1	6	naive-bayes	0.001:[7,7]	0.9993932038834952	0.9981818181818182	0.9987871437234688	0.9981818181818182
217	rCRUX_12S	2	6	naive-bayes	0.001:[7,7]	0.9981746273197445	0.9942424242424243	0.996204645513891	0.9942424242424243
218	rCRUX_12S	3	6	naive-bayes	0.001:[7,7]	0.996299722479186	0.9790909090909091	0.9876203576341128	0.9784848484848485
219	rCRUX_12S	4	6	naive-bayes	0.001:[7,7]	0.9827098396730588	0.9472727272727273	0.964665946613177	0.9457575757575758
220	rCRUX_12S	5	6	naive-bayes	0.001:[7,7]	0.900655737704918	0.8324242424242424	0.8651968503937008	0.8027272727272727
221	rCRUX_12S	6	6	naive-bayes	0.001:[7,7]	0.6494773519163763	0.5648484848484848	0.6042139384116694	0.4309090909090909
222	rCRUX_12S	1	7	naive-bayes	0.001:[7,7]	0.9987864077669902	0.9975757575757576	0.998180715585203	0.9975757575757576
223	rCRUX_12S	2	7	naive-bayes	0.001:[7,7]	0.998176291793313	0.9951515151515151	0.9966616084977238	0.9951515151515151
224	rCRUX_12S	3	7	naive-bayes	0.001:[7,7]	0.9941267387944358	0.9745454545454545	0.9842387146136189	0.9742424242424242
225	rCRUX_12S	4	7	naive-bayes	0.001:[7,7]	0.9821484497337927	0.9503030303030303	0.965963345140921	0.9493939393939393
226	rCRUX_12S	5	7	naive-bayes	0.001:[7,7]	0.903776683087028	0.833939393939394	0.8674546887312845	0.8084848484848485
227	rCRUX_12S	6	7	naive-bayes	0.001:[7,7]	0.6579039607430774	0.5687878787878788	0.6101088899723712	0.4415151515151515
228	rCRUX_12S	1	8	naive-bayes	0.001:[7,7]	0.9996966939642099	0.9987878787878788	0.999242079733212	0.9987878787878788
229	rCRUX_12S	2	8	naive-bayes	0.001:[7,7]	0.9990875912408759	0.9954545454545455	0.9972677595628416	0.9954545454545455
230	rCRUX_12S	3	8	naive-bayes	0.001:[7,7]	0.9956830095590503	0.9784848484848485	0.9870090172703653	0.9769696969696969
231	rCRUX_12S	4	8	naive-bayes	0.001:[7,7]	0.9827856025039123	0.9515151515151515	0.9668976135488837	0.9496969696969697
232	rCRUX_12S	5	8	naive-bayes	0.001:[7,7]	0.9056047197640118	0.8372727272727273	0.870099196976854	0.813030303030303
233	rCRUX_12S	6	8	naive-bayes	0.001:[7,7]	0.6590669940371799	0.5693939393939393	0.6109575678751423	0.44606060606060605
234	rCRUX_12S	1	9	naive-bayes	0.001:[7,7]	0.998483929654336	0.9978787878787879	0.9981812670506214	0.9978787878787879
235	rCRUX_12S	2	9	naive-bayes	0.001:[7,7]	0.9984820886460231	0.9966666666666667	0.9975735517136791	0.9966666666666667
236	rCRUX_12S	3	9	naive-bayes	0.001:[7,7]	0.992305324715297	0.9769696969696969	0.9845777981371201	0.9763636363636363
237	rCRUX_12S	4	9	naive-bayes	0.001:[7,7]	0.9805764411027569	0.9484848484848485	0.96426370918053	0.9478787878787879
238	rCRUX_12S	5	9	naive-bayes	0.001:[7,7]	0.901677079907925	0.8309090909090909	0.8648478158019239	0.8084848484848485
239	rCRUX_12S	6	9	naive-bayes	0.001:[7,7]	0.6505641748942173	0.5590909090909091	0.6013689700130378	0.4412121212121212
240	rCRUX_12S_exp	1	0	naive-bayes	0.001:[7,7]	0.9990936555891239	0.9984903381642513	0.99879190576865	0.9984903381642513
241	rCRUX_12S_exp	2	0	naive-bayes	0.001:[7,7]	0.9978807145019679	0.9951690821256038	0.9965230536659109	0.9951690821256038
242	rCRUX_12S_exp	3	0	naive-bayes	0.001:[7,7]	0.9944836040453571	0.9797705314009661	0.9870722433460076	0.9785628019323671
243	rCRUX_12S_exp	4	0	naive-bayes	0.001:[7,7]	0.9825381976925476	0.9513888888888888	0.9667126859947844	0.9507850241545893
244	rCRUX_12S_exp	5	0	naive-bayes	0.001:[7,7]	0.903921568627451	0.8351449275362319	0.8681732580037665	0.8118961352657005
245	rCRUX_12S_exp	6	0	naive-bayes	0.001:[7,7]	0.653430860327412	0.5664251207729468	0.6068251657771307	0.45259661835748793
246	rCRUX_12S_exp	1	1	naive-bayes	0.001:[7,7]	0.9981867633726201	0.9972826086956522	0.9977344811961939	0.9972826086956522
247	rCRUX_12S_exp	2	1	naive-bayes	0.001:[7,7]	0.9963658388855239	0.9933574879227053	0.9948593891744785	0.9933574879227053
248	rCRUX_12S_exp	3	1	naive-bayes	0.001:[7,7]	0.9938518290808485	0.976147342995169	0.9849200304645849	0.9758454106280193
249	rCRUX_12S_exp	4	1	naive-bayes	0.001:[7,7]	0.9814698492462312	0.9435386473429952	0.9621305418719213	0.9423309178743962
250	rCRUX_12S_exp	5	1	naive-bayes	0.001:[7,7]	0.9083665338645418	0.8260869565217391	0.8652751423149905	0.7995169082125604
251	rCRUX_12S_exp	6	1	naive-bayes	0.001:[7,7]	0.6624383368569415	0.5676328502415459	0.6113821138211382	0.44323671497584544
252	rCRUX_12S_exp	1	2	naive-bayes	0.001:[7,7]	0.9990928333837314	0.9975845410628019	0.9983381175404139	0.9975845410628019
253	rCRUX_12S_exp	2	2	naive-bayes	0.001:[7,7]	0.9984820886460231	0.9930555555555556	0.9957614290039357	0.9930555555555556
254	rCRUX_12S_exp	3	2	naive-bayes	0.001:[7,7]	0.9935344827586207	0.9743357487922706	0.9838414634146342	0.9743357487922706
255	rCRUX_12S_exp	4	2	naive-bayes	0.001:[7,7]	0.9812967581047382	0.9504830917874396	0.9656441717791412	0.9495772946859904
256	rCRUX_12S_exp	5	2	naive-bayes	0.001:[7,7]	0.8993135011441648	0.8306159420289855	0.8636006906294145	0.8097826086956522
257	rCRUX_12S_exp	6	2	naive-bayes	0.001:[7,7]	0.6608635097493036	0.5730676328502415	0.6138421733505821	0.45954106280193235
258	rCRUX_12S_exp	1	3	naive-bayes	0.001:[7,7]	0.999093107617896	0.9978864734299517	0.9984894259818733	0.9978864734299517
259	rCRUX_12S_exp	2	3	naive-bayes	0.001:[7,7]	0.998483929654336	0.9942632850241546	0.9963691376701967	0.9942632850241546
260	rCRUX_12S_exp	3	3	naive-bayes	0.001:[7,7]	0.9935364727608494	0.9746376811594203	0.9839963420210334	0.9737318840579711
261	rCRUX_12S_exp	4	3	naive-bayes	0.001:[7,7]	0.9858801380608723	0.9486714975845411	0.9669179873826743	0.947463768115942
262	rCRUX_12S_exp	5	3	naive-bayes	0.001:[7,7]	0.8981542518127884	0.8227657004830918	0.8588086983926883	0.8001207729468599
263	rCRUX_12S_exp	6	3	naive-bayes	0.001:[7,7]	0.6496995404736656	0.5549516908212561	0.5985995766161863	0.4350845410628019
264	rCRUX_12S_exp	1	4	naive-bayes	0.001:[7,7]	0.9996978851963746	0.9990942028985508	0.9993959528843249	0.9990942028985508
265	rCRUX_12S_exp	2	4	naive-bayes	0.001:[7,7]	0.9984857662023017	0.9954710144927537	0.9969761112791049	0.9954710144927537
266	rCRUX_12S_exp	3	4	naive-bayes	0.001:[7,7]	0.9941735663906777	0.9788647342995169	0.9864597596226989	0.9785628019323671
267	rCRUX_12S_exp	4	4	naive-bayes	0.001:[7,7]	0.9859725685785536	0.955012077294686	0.9702453987730061	0.9541062801932367
268	rCRUX_12S_exp	5	4	naive-bayes	0.001:[7,7]	0.9102815979043877	0.8393719806763285	0.8733898837574615	0.8155193236714976
269	rCRUX_12S_exp	6	4	naive-bayes	0.001:[7,7]	0.6664335664335664	0.5754830917874396	0.6176279974076475	0.4477657004830918
270	rCRUX_12S_exp	1	5	naive-bayes	0.001:[7,7]	1.0	0.9993961352657005	0.9996979764421625	0.9993961352657005
271	rCRUX_12S_exp	2	5	naive-bayes	0.001:[7,7]	0.9993941229930324	0.9960748792270532	0.9977317405111145	0.9960748792270532
272	rCRUX_12S_exp	3	5	naive-bayes	0.001:[7,7]	0.995102540557086	0.9815821256038647	0.988296093631251	0.9815821256038647
273	rCRUX_12S_exp	4	5	naive-bayes	0.001:[7,7]	0.9822263797942001	0.9510869565217391	0.9664058904739992	0.9492753623188406
274	rCRUX_12S_exp	5	5	naive-bayes	0.001:[7,7]	0.9036891936010447	0.8357487922705314	0.8683921568627451	0.8094806763285024
275	rCRUX_12S_exp	6	5	naive-bayes	0.001:[7,7]	0.6495994427028909	0.5631038647342995	0.6032670224809963	0.4344806763285024
276	rCRUX_12S_exp	1	6	naive-bayes	0.001:[7,7]	0.9996977025392987	0.99879190576865	0.9992445988820063	0.99879190576865
277	rCRUX_12S_exp	2	6	naive-bayes	0.001:[7,7]	0.99909200968523	0.9969797644216248	0.9980347694633409	0.9969797644216248
278	rCRUX_12S_exp	3	6	naive-bayes	0.001:[7,7]	0.9947820748925721	0.9788583509513742	0.9867559750342517	0.9776502567200241
279	rCRUX_12S_exp	4	6	naive-bayes	0.001:[7,7]	0.9828500155908949	0.9519782543038356	0.967167842896594	0.9507701600724856
280	rCRUX_12S_exp	5	6	naive-bayes	0.001:[7,7]	0.8974526453298498	0.8299607369374811	0.8623882002196768	0.8051948051948052
281	rCRUX_12S_exp	6	6	naive-bayes	0.001:[7,7]	0.6449683321604504	0.5536091815161582	0.5958069234519746	0.43853820598006643
282	rCRUX_12S_exp	1	7	naive-bayes	0.001:[7,7]	0.999395039322444	0.9978858350951374	0.9986398670092186	0.9978858350951374
283	rCRUX_12S_exp	2	7	naive-bayes	0.001:[7,7]	0.9987878787878788	0.9954696466324373	0.9971260021176827	0.9954696466324373
284	rCRUX_12S_exp	3	7	naive-bayes	0.001:[7,7]	0.9944802207911684	0.9794623980670493	0.9869141813755327	0.9782543038356992
285	rCRUX_12S_exp	4	7	naive-bayes	0.001:[7,7]	0.9825708061002179	0.9534883720930233	0.9678111587982832	0.9513742071881607
286	rCRUX_12S_exp	5	7	naive-bayes	0.001:[7,7]	0.91010134030729	0.8408335850196316	0.8740973312401884	0.8103292056780429
287	rCRUX_12S_exp	6	7	naive-bayes	0.001:[7,7]	0.6423586880669924	0.5560253699788583	0.5960822405698559	0.4315916641498037
288	rCRUX_12S_exp	1	8	naive-bayes	0.001:[7,7]	0.9996976111279104	0.9984898822108125	0.99909338168631	0.9984898822108125
289	rCRUX_12S_exp	2	8	naive-bayes	0.001:[7,7]	0.9993932038834952	0.9948655995167623	0.9971242621462085	0.9948655995167623
290	rCRUX_12S_exp	3	8	naive-bayes	0.001:[7,7]	0.9953931203931204	0.9788583509513742	0.987056494594183	0.9788583509513742
291	rCRUX_12S_exp	4	8	naive-bayes	0.001:[7,7]	0.9847209229809791	0.9537903956508608	0.9690088984351029	0.9516762307459982
292	rCRUX_12S_exp	5	8	naive-bayes	0.001:[7,7]	0.8983436180578109	0.8353971609785563	0.8657276995305164	0.8073089700996677
293	rCRUX_12S_exp	6	8	naive-bayes	0.001:[7,7]	0.6518260869565218	0.5659921473874963	0.6058842547688329	0.4427665357897916
294	rCRUX_12S_exp	1	9	naive-bayes	0.001:[7,7]	0.9987900786448881	0.9972817879794624	0.9980353634577602	0.9972817879794624
295	rCRUX_12S_exp	2	9	naive-bayes	0.001:[7,7]	0.998485307482581	0.9954696466324373	0.9969751966122202	0.9954696466324373
296	rCRUX_12S_exp	3	9	naive-bayes	0.001:[7,7]	0.995079950799508	0.9773482331621867	0.98613438976078	0.9773482331621867
297	rCRUX_12S_exp	4	9	naive-bayes	0.001:[7,7]	0.9834942385549673	0.9537903956508608	0.9684145967494634	0.9534883720930233
298	rCRUX_12S_exp	5	9	naive-bayes	0.001:[7,7]	0.9134709931170109	0.841739655693144	0.8761395787488212	0.8187858652974932
299	rCRUX_12S_exp	6	9	naive-bayes	0.001:[7,7]	0.6454896454896455	0.5554213228631834	0.597077922077922	0.4370280881908789
300	RESCRIPt_MiFish	1	0	naive-bayes	0.001:[7,7]	1.0	1.0	1.0	1.0
301	RESCRIPt_MiFish	2	0	naive-bayes	0.001:[7,7]	0.9994422755158952	0.9983286908077994	0.9988851727982163	0.9983286908077994
302	RESCRIPt_MiFish	3	0	naive-bayes	0.001:[7,7]	0.9965850882185544	0.9754874651810584	0.9859234234234234	0.9754874651810584
303	RESCRIPt_MiFish	4	0	naive-bayes	0.001:[7,7]	0.9854819976771196	0.9454038997214484	0.9650270116576628	0.9426183844011142
304	RESCRIPt_MiFish	5	0	naive-bayes	0.001:[7,7]	0.8814905314599878	0.803899721448468	0.8409090909090908	0.7571030640668523
305	RESCRIPt_MiFish	6	0	naive-bayes	0.001:[7,7]	0.5590551181102362	0.4746518105849582	0.5134076529075022	0.3476323119777159
306	RESCRIPt_MiFish	1	1	naive-bayes	0.001:[7,7]	1.0	1.0	1.0	1.0
307	RESCRIPt_MiFish	2	1	naive-bayes	0.001:[7,7]	1.0	0.996100278551532	0.9980463298911527	0.996100278551532
308	RESCRIPt_MiFish	3	1	naive-bayes	0.001:[7,7]	0.9937357630979499	0.9721448467966574	0.9828217403548297	0.9721448467966574
309	RESCRIPt_MiFish	4	1	naive-bayes	0.001:[7,7]	0.9771528998242531	0.9292479108635098	0.9525985151342091	0.9270194986072423
310	RESCRIPt_MiFish	5	1	naive-bayes	0.001:[7,7]	0.8711843711843712	0.7949860724233984	0.8313428488202738	0.7632311977715878
311	RESCRIPt_MiFish	6	1	naive-bayes	0.001:[7,7]	0.5359007832898173	0.4573816155988858	0.4935377216711752	0.3520891364902507
312	RESCRIPt_MiFish	1	2	naive-bayes	0.001:[7,7]	1.0	1.0	1.0	1.0
313	RESCRIPt_MiFish	2	2	naive-bayes	0.001:[7,7]	0.9994416527079844	0.9972144846796658	0.9983268265476855	0.9972144846796658
314	RESCRIPt_MiFish	3	2	naive-bayes	0.001:[7,7]	0.99375	0.9743732590529248	0.9839662447257386	0.9743732590529248
315	RESCRIPt_MiFish	4	2	naive-bayes	0.001:[7,7]	0.9711981566820277	0.9392757660167131	0.9549702633814784	0.9387186629526463
316	RESCRIPt_MiFish	5	2	naive-bayes	0.001:[7,7]	0.8843825665859564	0.8139275766016713	0.8476936466492602	0.7754874651810585
317	RESCRIPt_MiFish	6	2	naive-bayes	0.001:[7,7]	0.5461038961038961	0.46852367688022284	0.5043478260869565	0.3593314763231198
318	RESCRIPt_MiFish	1	3	naive-bayes	0.001:[7,7]	1.0	1.0	1.0	1.0
319	RESCRIPt_MiFish	2	3	naive-bayes	0.001:[7,7]	0.9988845510317903	0.9977715877437325	0.9983277591973244	0.9977715877437325
320	RESCRIPt_MiFish	3	3	naive-bayes	0.001:[7,7]	0.9948805460750854	0.9743732590529248	0.9845201238390093	0.9743732590529248
321	RESCRIPt_MiFish	4	3	naive-bayes	0.001:[7,7]	0.985456660849331	0.943732590529248	0.9641434262948207	0.9420612813370474
322	RESCRIPt_MiFish	5	3	naive-bayes	0.001:[7,7]	0.8791411042944786	0.7983286908077994	0.8367883211678832	0.7688022284122563
323	RESCRIPt_MiFish	6	3	naive-bayes	0.001:[7,7]	0.5372062663185379	0.4584958217270195	0.49474000601142176	0.33871866295264624
324	RESCRIPt_MiFish	1	4	naive-bayes	0.001:[7,7]	1.0	1.0	1.0	1.0
325	RESCRIPt_MiFish	2	4	naive-bayes	0.001:[7,7]	1.0	0.9955431754874652	0.9977666108319375	0.9955431754874652
326	RESCRIPt_MiFish	3	4	naive-bayes	0.001:[7,7]	0.9959977129788451	0.9704735376044569	0.9830699774266366	0.9704735376044569
327	RESCRIPt_MiFish	4	4	naive-bayes	0.001:[7,7]	0.9797336421540244	0.9426183844011142	0.960817717206133	0.9409470752089136
328	RESCRIPt_MiFish	5	4	naive-bayes	0.001:[7,7]	0.8748481166464156	0.8022284122562674	0.8369659982563209	0.7671309192200557
329	RESCRIPt_MiFish	6	4	naive-bayes	0.001:[7,7]	0.5527177472167649	0.4701949860724234	0.5081276339554485	0.3571030640668524
330	RESCRIPt_MiFish	1	5	naive-bayes	0.001:[7,7]	1.0	1.0	1.0	1.0
331	RESCRIPt_MiFish	2	5	naive-bayes	0.001:[7,7]	1.0	0.9972144846796658	0.99860529986053	0.9972144846796658
332	RESCRIPt_MiFish	3	5	naive-bayes	0.001:[7,7]	0.9948805460750854	0.9743732590529248	0.9845201238390093	0.9743732590529248
333	RESCRIPt_MiFish	4	5	naive-bayes	0.001:[7,7]	0.9802669762042948	0.9409470752089136	0.9602046617396248	0.9392757660167131
334	RESCRIPt_MiFish	5	5	naive-bayes	0.001:[7,7]	0.8839779005524862	0.8022284122562674	0.8411214953271028	0.7671309192200557
335	RESCRIPt_MiFish	6	5	naive-bayes	0.001:[7,7]	0.5449141347424042	0.4596100278551532	0.49864007252946513	0.347075208913649
336	RESCRIPt_MiFish	1	6	naive-bayes	0.001:[7,7]	1.0	1.0	1.0	1.0
337	RESCRIPt_MiFish	2	6	naive-bayes	0.001:[7,7]	0.9994407158836689	0.9960981047937569	0.9977666108319374	0.9960981047937569
338	RESCRIPt_MiFish	3	6	naive-bayes	0.001:[7,7]	0.995436394751854	0.9726867335562988	0.9839300817592331	0.9726867335562988
339	RESCRIPt_MiFish	4	6	naive-bayes	0.001:[7,7]	0.9801285797779077	0.9347826086956522	0.9569186875891584	0.9319955406911928
340	RESCRIPt_MiFish	5	6	naive-bayes	0.001:[7,7]	0.8774752475247525	0.79041248606466	0.8316715542521994	0.7558528428093646
341	RESCRIPt_MiFish	6	6	naive-bayes	0.001:[7,7]	0.5512649800266312	0.46153846153846156	0.5024271844660193	0.35618729096989965
342	RESCRIPt_MiFish	1	7	naive-bayes	0.001:[7,7]	0.9994425863991081	0.9994425863991081	0.9994425863991081	0.9994425863991081
343	RESCRIPt_MiFish	2	7	naive-bayes	0.001:[7,7]	0.9994413407821229	0.9972129319955407	0.9983258928571429	0.9972129319955407
344	RESCRIPt_MiFish	3	7	naive-bayes	0.001:[7,7]	0.9943149516770893	0.9749163879598662	0.9845201238390092	0.9749163879598662
345	RESCRIPt_MiFish	4	7	naive-bayes	0.001:[7,7]	0.978538283062645	0.9403567447045708	0.9590676520750426	0.9370122630992196
346	RESCRIPt_MiFish	5	7	naive-bayes	0.001:[7,7]	0.8746139592340951	0.7892976588628763	0.8297685320832112	0.7519509476031215
347	RESCRIPt_MiFish	6	7	naive-bayes	0.001:[7,7]	0.5472203616878768	0.45540691192865107	0.49710982658959546	0.3294314381270903
348	RESCRIPt_MiFish	1	8	naive-bayes	0.001:[7,7]	1.0	1.0	1.0	1.0
349	RESCRIPt_MiFish	2	8	naive-bayes	0.001:[7,7]	0.9994407158836689	0.9960981047937569	0.9977666108319374	0.9960981047937569
350	RESCRIPt_MiFish	3	8	naive-bayes	0.001:[7,7]	0.9965596330275229	0.9687848383500557	0.9824759751271904	0.9687848383500557
351	RESCRIPt_MiFish	4	8	naive-bayes	0.001:[7,7]	0.9772196261682243	0.9325529542920847	0.9543639475185397	0.9286510590858417
352	RESCRIPt_MiFish	5	8	naive-bayes	0.001:[7,7]	0.8744561839651958	0.7842809364548495	0.8269174258007639	0.7536231884057971
353	RESCRIPt_MiFish	6	8	naive-bayes	0.001:[7,7]	0.5327102803738317	0.44481605351170567	0.4848116646415553	0.33835005574136007
354	RESCRIPt_MiFish	1	9	naive-bayes	0.001:[7,7]	1.0	1.0	1.0	1.0
355	RESCRIPt_MiFish	2	9	naive-bayes	0.001:[7,7]	0.9994419642857143	0.9983277591973244	0.9988845510317903	0.9983277591973244
356	RESCRIPt_MiFish	3	9	naive-bayes	0.001:[7,7]	0.9965889710062535	0.9771460423634337	0.986771742189699	0.9760312151616499
357	RESCRIPt_MiFish	4	9	naive-bayes	0.001:[7,7]	0.9780092592592593	0.9420289855072463	0.9596819988642816	0.9386845039018952
358	RESCRIPt_MiFish	5	9	naive-bayes	0.001:[7,7]	0.8692214111922141	0.7965440356744704	0.8312972658522396	0.7603121516164995
359	RESCRIPt_MiFish	6	9	naive-bayes	0.001:[7,7]	0.5417209908735332	0.46321070234113715	0.49939903846153844	0.3534002229654404
