	Dataset	level	iteration	Method	Parameters	match_ratio	overclassification_ratio	underclassification_ratio	misclassification_ratio	mismatch_level_list	Precision	Recall	F-measure
0	CRABS_ecoPCR	6	0	naive-bayes	0.001:[7,7]	0.18181818181818182	0.5269645608628659	0.162557781201849	0.12865947611710324	[0, 0, 10, 31, 48, 289, 920, 0]	0.21711131554737811	0.18181818181818182	0.1979035639412998
1	CRABS_ecoPCR	6	1	naive-bayes	0.001:[7,7]	0.1716867469879518	0.5316265060240963	0.16490963855421686	0.13177710843373494	[0, 0, 13, 23, 70, 288, 934, 0]	0.20559062218214608	0.1716867469879518	0.18711530570373408
2	CRABS_ecoPCR	6	2	naive-bayes	0.001:[7,7]	0.173414820473644	0.5255920550038197	0.15584415584415584	0.14514896867838045	[0, 0, 9, 38, 47, 300, 915, 0]	0.20542986425339366	0.173414820473644	0.18806959403479703
3	CRABS_ecoPCR	6	3	naive-bayes	0.001:[7,7]	0.1638591117917305	0.5267993874425727	0.16079632465543645	0.14854517611026033	[0, 0, 9, 32, 50, 313, 902, 0]	0.19525547445255476	0.1638591117917305	0.1781848459616986
4	CRABS_ecoPCR	6	4	naive-bayes	0.001:[7,7]	0.1772831926323868	0.5349194167306216	0.1634689178818112	0.12432847275518036	[0, 1, 8, 26, 54, 286, 928, 0]	0.21192660550458717	0.1772831926323868	0.19306310071040533
5	CRABS_ecoPCR	6	5	naive-bayes	0.001:[7,7]	0.18830675778283978	0.489749430523918	0.17615793470007593	0.14578587699316628	[0, 0, 15, 27, 50, 332, 893, 0]	0.22857142857142856	0.18830675778283978	0.20649458784346378
6	CRABS_ecoPCR	6	6	naive-bayes	0.001:[7,7]	0.17076923076923076	0.5330769230769231	0.15384615384615385	0.1423076923076923	[0, 0, 5, 28, 58, 294, 915, 0]	0.2018181818181818	0.17076923076923076	0.185
7	CRABS_ecoPCR	6	7	naive-bayes	0.001:[7,7]	0.16337386018237082	0.5182370820668692	0.17857142857142858	0.1398176291793313	[0, 0, 13, 33, 48, 325, 897, 0]	0.19888991674375578	0.16337386018237082	0.17939090529828952
8	CRABS_ecoPCR	6	8	naive-bayes	0.001:[7,7]	0.182370820668693	0.5395136778115501	0.1413373860182371	0.13677811550151975	[0, 0, 7, 23, 40, 298, 948, 0]	0.21238938053097345	0.182370820668693	0.196238757154538
9	CRABS_ecoPCR	6	9	naive-bayes	0.001:[7,7]	0.1719939117199391	0.5380517503805176	0.15905631659056316	0.1308980213089802	[0, 1, 13, 30, 57, 280, 933, 0]	0.20452488687782805	0.1719939117199391	0.18685407193054981
10	CRABS_ecoPCR	5	0	naive-bayes	0.001:[7,7]	0.27181878747501664	0.39973351099267157	0.24516988674217188	0.0832778147901399	[0, 3, 87, 116, 287, 1008, 0, 0]	0.36010591350397175	0.27181878747501664	0.3097949886104784
11	CRABS_ecoPCR	5	1	naive-bayes	0.001:[7,7]	0.2533244680851064	0.4421542553191489	0.22672872340425532	0.07779255319148937	[0, 2, 64, 106, 286, 1046, 0, 0]	0.3276010318142734	0.2533244680851064	0.28571428571428575
12	CRABS_ecoPCR	5	2	naive-bayes	0.001:[7,7]	0.2436750998668442	0.42543275632490013	0.24633821571238348	0.08455392809587217	[0, 3, 67, 137, 290, 1005, 0, 0]	0.32332155477031804	0.2436750998668442	0.27790432801822323
13	CRABS_ecoPCR	5	3	naive-bayes	0.001:[7,7]	0.2523364485981308	0.4319092122830441	0.232977303070761	0.08277703604806408	[0, 2, 72, 116, 283, 1025, 0, 0]	0.3289817232375979	0.2523364485981308	0.2856063468077068
14	CRABS_ecoPCR	5	4	naive-bayes	0.001:[7,7]	0.24005305039787797	0.4316976127320955	0.2486737400530504	0.07957559681697612	[0, 1, 77, 124, 293, 1013, 0, 0]	0.3195057369814651	0.24005305039787797	0.2741385838697463
15	CRABS_ecoPCR	5	5	naive-bayes	0.001:[7,7]	0.2473404255319149	0.43550531914893614	0.24534574468085107	0.07180851063829788	[0, 1, 95, 127, 254, 1027, 0, 0]	0.3277533039647577	0.2473404255319149	0.281924971580144
16	CRABS_ecoPCR	5	6	naive-bayes	0.001:[7,7]	0.25149700598802394	0.42847638057218895	0.23552894211576847	0.08449767132401863	[0, 3, 56, 133, 289, 1022, 0, 0]	0.3289817232375979	0.25149700598802394	0.2850678733031674
17	CRABS_ecoPCR	5	7	naive-bayes	0.001:[7,7]	0.2462046204620462	0.4541254125412541	0.21122112211221122	0.08844884488448845	[0, 1, 91, 115, 247, 1061, 0, 0]	0.31213389121338914	0.2462046204620462	0.27527675276752767
18	CRABS_ecoPCR	5	8	naive-bayes	0.001:[7,7]	0.24818001323626737	0.43613500992720056	0.23759099933818664	0.07809397749834547	[0, 1, 88, 120, 268, 1034, 0, 0]	0.3255208333333333	0.24818001323626737	0.28163725122042804
19	CRABS_ecoPCR	5	9	naive-bayes	0.001:[7,7]	0.238	0.436	0.23666666666666666	0.08933333333333333	[0, 2, 76, 117, 294, 1011, 0, 0]	0.31179039301310046	0.238	0.26994328922495275
20	CRABS_ecoPCR	4	0	naive-bayes	0.001:[7,7]	0.14285714285714285	0.30602883355176935	0.3885976408912189	0.16251638269986893	[0, 8, 279, 554, 685, 0, 0, 0]	0.23365487674169347	0.14285714285714285	0.17730784871899147
21	CRABS_ecoPCR	4	1	naive-bayes	0.001:[7,7]	0.14941022280471822	0.3328964613368283	0.3761467889908257	0.14154652686762778	[0, 12, 234, 544, 736, 0, 0, 0]	0.23949579831932774	0.14941022280471822	0.18401937046004846
22	CRABS_ecoPCR	4	2	naive-bayes	0.001:[7,7]	0.1580327868852459	0.2957377049180328	0.3954098360655738	0.15081967213114755	[0, 11, 250, 572, 692, 0, 0, 0]	0.2613882863340564	0.1580327868852459	0.19697588884348183
23	CRABS_ecoPCR	4	3	naive-bayes	0.001:[7,7]	0.17038007863695936	0.3289646133682831	0.35583224115334205	0.14482306684141547	[0, 9, 203, 552, 762, 0, 0, 0]	0.2644964394710071	0.17038007863695936	0.20725388601036268
24	CRABS_ecoPCR	4	4	naive-bayes	0.001:[7,7]	0.1258191349934469	0.3885976408912189	0.34338138925294887	0.14220183486238533	[0, 2, 223, 516, 785, 0, 0, 0]	0.19161676646706588	0.1258191349934469	0.15189873417721517
25	CRABS_ecoPCR	4	5	naive-bayes	0.001:[7,7]	0.14885245901639343	0.26688524590163937	0.4039344262295082	0.18032786885245902	[0, 8, 296, 587, 634, 0, 0, 0]	0.24972497249724973	0.14885245901639343	0.18652423993426456
26	CRABS_ecoPCR	4	6	naive-bayes	0.001:[7,7]	0.15979043876882776	0.3235101506221349	0.37328094302554027	0.14341846758349705	[0, 8, 226, 555, 738, 0, 0, 0]	0.2549634273772205	0.15979043876882776	0.1964573268921095
27	CRABS_ecoPCR	4	7	naive-bayes	0.001:[7,7]	0.14996725605762934	0.27635887360838246	0.3903077930582842	0.183366077275704	[0, 14, 297, 565, 651, 0, 0, 0]	0.24597207303974222	0.14996725605762934	0.18633034987794955
28	CRABS_ecoPCR	4	8	naive-bayes	0.001:[7,7]	0.14557377049180328	0.2754098360655738	0.42098360655737704	0.1580327868852459	[0, 20, 272, 591, 642, 0, 0, 0]	0.25141562853907135	0.14557377049180328	0.18438538205980068
29	CRABS_ecoPCR	4	9	naive-bayes	0.001:[7,7]	0.12844036697247707	0.3453473132372215	0.3859764089121887	0.1402359108781127	[0, 8, 226, 569, 723, 0, 0, 0]	0.20917822838847386	0.12844036697247707	0.15915550142103127
30	CRABS_MiFish	6	0	naive-bayes	0.001:[7,7]	0.21342646488164532	0.49088086922778423	0.1548311990686845	0.1408614668218859	[0, 0, 13, 73, 110, 566, 1815, 0]	0.25252525252525254	0.21342646488164532	0.23133543638275497
31	CRABS_MiFish	6	1	naive-bayes	0.001:[7,7]	0.196484375	0.534375	0.133203125	0.1359375	[0, 3, 12, 74, 97, 504, 1870, 0]	0.2266786840919333	0.196484375	0.2105042896003348
32	CRABS_MiFish	6	2	naive-bayes	0.001:[7,7]	0.19705768486256292	0.5176151761517616	0.14750290360046459	0.137824235385211	[0, 1, 14, 74, 103, 545, 1846, 0]	0.23115349682107175	0.19705768486256292	0.212748171368861
33	CRABS_MiFish	6	3	naive-bayes	0.001:[7,7]	0.21347876899104012	0.5044799376704324	0.14218932606155044	0.13985196727697702	[0, 1, 18, 72, 84, 549, 1843, 0]	0.2488646684831971	0.21347876899104012	0.2298175718179912
34	CRABS_MiFish	6	4	naive-bayes	0.001:[7,7]	0.20085139318885448	0.5255417956656346	0.14009287925696595	0.13351393188854488	[0, 0, 8, 75, 106, 518, 1877, 0]	0.23357335733573356	0.20085139318885448	0.215980024968789
35	CRABS_MiFish	6	5	naive-bayes	0.001:[7,7]	0.2032838154808444	0.5269741985926505	0.13878029710711492	0.13096168881939016	[0, 0, 13, 59, 83, 536, 1867, 0]	0.23604176123468	0.2032838154808444	0.21844150388573827
36	CRABS_MiFish	6	6	naive-bayes	0.001:[7,7]	0.2103220799379123	0.5227008149010477	0.13465269693441986	0.1323244082266201	[0, 1, 12, 50, 106, 520, 1888, 0]	0.2430493273542601	0.2103220799379123	0.22550447264406073
37	CRABS_MiFish	6	7	naive-bayes	0.001:[7,7]	0.21180148495506057	0.5103556076592419	0.14341539663931224	0.13442751074638531	[0, 0, 14, 63, 84, 552, 1846, 0]	0.24726277372262773	0.21180148495506057	0.22816249210692485
38	CRABS_MiFish	6	8	naive-bayes	0.001:[7,7]	0.20654715510522215	0.5116913484021823	0.13756819953234606	0.1441932969602494	[0, 2, 11, 72, 102, 536, 1843, 0]	0.2394938996836873	0.20654715510522215	0.22180372462858342
39	CRABS_MiFish	6	9	naive-bayes	0.001:[7,7]	0.20319190346438304	0.5204359673024523	0.13818606461658234	0.13818606461658234	[0, 1, 14, 59, 88, 548, 1859, 0]	0.23577235772357724	0.20319190346438304	0.21827305038678654
40	CRABS_MiFish	5	0	naive-bayes	0.001:[7,7]	0.21639928698752228	0.43493761140819964	0.2541889483065954	0.0944741532976827	[0, 16, 96, 269, 597, 1827, 0, 0]	0.2901529636711281	0.21639928698752228	0.2479068817643455
41	CRABS_MiFish	5	1	naive-bayes	0.001:[7,7]	0.2195729537366548	0.42170818505338076	0.26334519572953735	0.09537366548042704	[0, 31, 104, 262, 611, 1802, 0, 0]	0.29806763285024157	0.2195729537366548	0.2528688524590164
42	CRABS_MiFish	5	2	naive-bayes	0.001:[7,7]	0.2281639928698752	0.403921568627451	0.2648841354723708	0.10303030303030303	[0, 25, 106, 253, 648, 1773, 0, 0]	0.31037827352085356	0.2281639928698752	0.26299568522703926
43	CRABS_MiFish	5	3	naive-bayes	0.001:[7,7]	0.20897116411534353	0.42826628693485225	0.2645069419722321	0.09825560697757209	[0, 24, 111, 294, 590, 1790, 0, 0]	0.28412391093901257	0.20897116411534353	0.24082051282051278
44	CRABS_MiFish	5	4	naive-bayes	0.001:[7,7]	0.23200285103349966	0.41518175338560226	0.24910905203136136	0.1037063435495367	[0, 30, 102, 245, 613, 1816, 0, 0]	0.3089700996677741	0.23200285103349966	0.2650111947893345
45	CRABS_MiFish	5	5	naive-bayes	0.001:[7,7]	0.22714285714285715	0.43892857142857145	0.24214285714285713	0.09178571428571429	[0, 10, 94, 267, 564, 1865, 0, 0]	0.2997172478793591	0.22714285714285715	0.25843153189760265
46	CRABS_MiFish	5	6	naive-bayes	0.001:[7,7]	0.22736992159657876	0.413399857448325	0.2647897362794013	0.09444048467569494	[0, 11, 108, 266, 623, 1798, 0, 0]	0.3092583616093068	0.22736992159657876	0.2620661326761142
47	CRABS_MiFish	5	7	naive-bayes	0.001:[7,7]	0.23118087763110953	0.4252586514448805	0.2500891901534071	0.09347128077060292	[0, 10, 111, 238, 604, 1840, 0, 0]	0.3082778306374881	0.23118087763110953	0.2642201834862385
48	CRABS_MiFish	5	8	naive-bayes	0.001:[7,7]	0.21762397431323582	0.41990724224045667	0.26542989653942206	0.09703888690688547	[0, 24, 94, 259, 639, 1787, 0, 0]	0.29626032054395335	0.21762397431323582	0.2509255450431921
49	CRABS_MiFish	5	9	naive-bayes	0.001:[7,7]	0.21700462468872286	0.45464247598719315	0.2440412664532195	0.08431163287086446	[0, 26, 105, 247, 545, 1888, 0, 0]	0.28705882352941176	0.21700462468872286	0.24716369529983792
50	CRABS_MiFish	4	0	naive-bayes	0.001:[7,7]	0.1456344998232591	0.3559561682573347	0.36620714033227286	0.13220219158713326	[0, 62, 270, 1078, 1419, 0, 0, 0]	0.2297824874511991	0.1456344998232591	0.17827780181739508
51	CRABS_MiFish	4	1	naive-bayes	0.001:[7,7]	0.1438670908448215	0.3329798515376458	0.36231884057971014	0.16083421703782255	[0, 67, 319, 1094, 1349, 0, 0, 0]	0.22560975609756098	0.1438670908448215	0.17569609324411828
52	CRABS_MiFish	4	2	naive-bayes	0.001:[7,7]	0.14533239038189533	0.3465346534653465	0.3787128712871287	0.12942008486562942	[0, 47, 273, 1117, 1391, 0, 0, 0]	0.23392145702902675	0.14533239038189533	0.17928026172300984
53	CRABS_MiFish	4	3	naive-bayes	0.001:[7,7]	0.1519971721456345	0.31283138918345704	0.3937787203958996	0.14139271827500885	[0, 68, 279, 1167, 1315, 0, 0, 0]	0.25072886297376096	0.1519971721456345	0.18926056338028172
54	CRABS_MiFish	4	4	naive-bayes	0.001:[7,7]	0.1521585279547063	0.3195329087048832	0.4037508846426044	0.12455767869780608	[0, 61, 314, 1118, 1333, 0, 0, 0]	0.2551928783382789	0.1521585279547063	0.1906450897805365
55	CRABS_MiFish	4	5	naive-bayes	0.001:[7,7]	0.10608203677510608	0.35855728429985856	0.39427157001414426	0.14108910891089108	[0, 67, 308, 1139, 1314, 0, 0, 0]	0.17513134851138354	0.10608203677510608	0.1321294868971592
56	CRABS_MiFish	4	6	naive-bayes	0.001:[7,7]	0.15800636267232238	0.328384588193708	0.36267232237539765	0.15093672675857192	[0, 75, 306, 1072, 1376, 0, 0, 0]	0.24792013311148087	0.15800636267232238	0.19300518134715025
57	CRABS_MiFish	4	7	naive-bayes	0.001:[7,7]	0.15988680580120268	0.3233109303148214	0.3859214715245844	0.13088079235939157	[0, 61, 263, 1137, 1366, 0, 0, 0]	0.26036866359447003	0.15988680580120268	0.19811527503835194
58	CRABS_MiFish	4	8	naive-bayes	0.001:[7,7]	0.125221082419526	0.3654050229925716	0.3753095153873364	0.13406437920056596	[0, 60, 259, 1121, 1387, 0, 0, 0]	0.20045300113250283	0.125221082419526	0.1541476159372959
59	CRABS_MiFish	4	9	naive-bayes	0.001:[7,7]	0.14750619030774673	0.3229571984435798	0.37389458790237	0.1556420233463035	[0, 63, 334, 1100, 1330, 0, 0, 0]	0.23559322033898306	0.14750619030774673	0.1814226669567109
60	MetaCurator_MiFish	6	0	naive-bayes	0.001:[7,7]	0.2095543958249699	0.5158570855078282	0.14572460859092734	0.1288639100762746	[0, 0, 16, 42, 102, 524, 1807, 0]	0.24530075187969924	0.2095543958249699	0.22602294869019268
61	MetaCurator_MiFish	6	1	naive-bayes	0.001:[7,7]	0.1985674492638281	0.5224830879426979	0.14723438121766813	0.1317150815758058	[0, 2, 21, 70, 95, 514, 1811, 0]	0.2328511432571162	0.1985674492638281	0.2143470790378007
62	MetaCurator_MiFish	6	2	naive-bayes	0.001:[7,7]	0.20933913731697665	0.516818361693708	0.14364859517214087	0.13019390581717452	[0, 3, 12, 60, 90, 527, 1835, 0]	0.2444547134935305	0.20933913731697665	0.2255382647623108
63	MetaCurator_MiFish	6	3	naive-bayes	0.001:[7,7]	0.19554848966613672	0.5166931637519873	0.15023847376788554	0.13751987281399047	[0, 0, 17, 79, 105, 523, 1792, 0]	0.23012160898035547	0.19554848966613672	0.21143102707348518
64	MetaCurator_MiFish	6	4	naive-bayes	0.001:[7,7]	0.21488933601609658	0.5227364185110664	0.13319919517102616	0.12917505030181087	[0, 0, 12, 60, 90, 491, 1832, 0]	0.2479108635097493	0.21488933601609658	0.23022203061004526
65	MetaCurator_MiFish	6	5	naive-bayes	0.001:[7,7]	0.2065390749601276	0.5155502392344498	0.15271132376395535	0.1251993620414673	[0, 0, 14, 64, 96, 523, 1811, 0]	0.24376470588235294	0.2065390749601276	0.22361320958342326
66	MetaCurator_MiFish	6	6	naive-bayes	0.001:[7,7]	0.21842732327243844	0.5162827640984908	0.14058776806989676	0.12470214455917394	[0, 1, 10, 79, 95, 484, 1849, 0]	0.2541589648798521	0.21842732327243844	0.2349423323366083
67	MetaCurator_MiFish	6	7	naive-bayes	0.001:[7,7]	0.1965845909451946	0.5329626687847498	0.14932486100079428	0.12112787926926132	[0, 0, 13, 53, 101, 514, 1837, 0]	0.23109243697478993	0.1965845909451946	0.21244635193133046
68	MetaCurator_MiFish	6	8	naive-bayes	0.001:[7,7]	0.1989591673338671	0.5268214571657326	0.14211369095276222	0.1321056845476381	[0, 2, 12, 67, 99, 505, 1813, 0]	0.23191787214185722	0.1989591673338671	0.21417797888386123
69	MetaCurator_MiFish	6	9	naive-bayes	0.001:[7,7]	0.20972278023302532	0.5174768983527521	0.14584170349537967	0.12695861791884291	[0, 0, 16, 64, 111, 488, 1810, 0]	0.24553151458137348	0.20972278023302532	0.22621885157096425
70	MetaCurator_MiFish	5	0	naive-bayes	0.001:[7,7]	0.2164723032069971	0.407798833819242	0.282798833819242	0.09293002915451895	[0, 7, 114, 275, 635, 1713, 0, 0]	0.3018292682926829	0.2164723032069971	0.25212224108658743
71	MetaCurator_MiFish	5	1	naive-bayes	0.001:[7,7]	0.22551169590643275	0.402046783625731	0.2777777777777778	0.09466374269005848	[0, 5, 121, 266, 627, 1717, 0, 0]	0.31224696356275305	0.22551169590643275	0.2618845500848897
72	MetaCurator_MiFish	5	2	naive-bayes	0.001:[7,7]	0.20219378427787935	0.4237659963436929	0.2822669104204753	0.09177330895795247	[0, 14, 111, 249, 649, 1712, 0, 0]	0.2817116658176261	0.20219378427787935	0.23541932737335033
73	MetaCurator_MiFish	5	3	naive-bayes	0.001:[7,7]	0.21608775137111516	0.4127970749542962	0.28884826325411334	0.08226691042047532	[0, 11, 127, 248, 629, 1720, 0, 0]	0.3038560411311054	0.21608775137111516	0.25256410256410255
74	MetaCurator_MiFish	5	4	naive-bayes	0.001:[7,7]	0.22542930215564486	0.4073803434417245	0.2773109243697479	0.08987943003288272	[0, 5, 103, 265, 632, 1732, 0, 0]	0.31193124368048536	0.22542930215564486	0.2617179215270413
75	MetaCurator_MiFish	5	5	naive-bayes	0.001:[7,7]	0.21123677489967166	0.4199197373221452	0.27179861364465524	0.09704487413352791	[0, 6, 105, 261, 639, 1730, 0, 0]	0.29008016032064127	0.21123677489967166	0.24445851804939833
76	MetaCurator_MiFish	5	6	naive-bayes	0.001:[7,7]	0.21808898614150254	0.40007293946024797	0.2899343544857768	0.09190371991247265	[0, 10, 115, 274, 648, 1695, 0, 0]	0.3071391884951207	0.21808898614150254	0.255065045851994
77	MetaCurator_MiFish	5	7	naive-bayes	0.001:[7,7]	0.22153284671532847	0.40912408759124086	0.2791970802919708	0.09014598540145985	[0, 5, 125, 270, 612, 1728, 0, 0]	0.30734177215189873	0.22153284671532847	0.2574761399787911
78	MetaCurator_MiFish	5	8	naive-bayes	0.001:[7,7]	0.22347794385709077	0.3962814436748086	0.27670433831571273	0.10353627415238789	[0, 10, 122, 265, 646, 1700, 0, 0]	0.3089717741935484	0.22347794385709077	0.2593611169875185
79	MetaCurator_MiFish	5	9	naive-bayes	0.001:[7,7]	0.22883211678832116	0.4058394160583942	0.2708029197080292	0.09452554744525547	[0, 7, 121, 262, 611, 1739, 0, 0]	0.3138138138138138	0.22883211678832116	0.26466863655550865
80	MetaCurator_MiFish	4	0	naive-bayes	0.001:[7,7]	0.15150416817687568	0.3501268575570859	0.38637187386734323	0.11199710039869518	[0, 24, 287, 1064, 1384, 0, 0, 0]	0.24689899586532782	0.15150416817687568	0.1877807726864331
81	MetaCurator_MiFish	4	1	naive-bayes	0.001:[7,7]	0.16817687567959405	0.34795215657847045	0.365349764407394	0.1185212033345415	[0, 13, 303, 1019, 1424, 0, 0, 0]	0.26499143346659054	0.16817687567959405	0.2057649667405765
82	MetaCurator_MiFish	4	2	naive-bayes	0.001:[7,7]	0.15005436752446538	0.35737586081913736	0.3664371148967017	0.12613265675969554	[0, 28, 294, 1037, 1400, 0, 0, 0]	0.23684210526315788	0.15005436752446538	0.18371422232083426
83	MetaCurator_MiFish	4	3	naive-bayes	0.001:[7,7]	0.1823124320405944	0.30844508880029	0.387459224356651	0.12178325480246466	[0, 25, 286, 1094, 1354, 0, 0, 0]	0.29763313609467457	0.1823124320405944	0.22611822881546415
84	MetaCurator_MiFish	4	4	naive-bayes	0.001:[7,7]	0.14513788098693758	0.3515965166908563	0.38171262699564584	0.12155297532656023	[0, 31, 286, 1070, 1369, 0, 0, 0]	0.2347417840375587	0.14513788098693758	0.17937219730941703
85	MetaCurator_MiFish	4	5	naive-bayes	0.001:[7,7]	0.14648295866569977	0.3604060913705584	0.3825235678027556	0.11058738216098622	[0, 32, 284, 1044, 1398, 0, 0, 0]	0.2372284204345273	0.14648295866569977	0.18112530822685496
86	MetaCurator_MiFish	4	6	naive-bayes	0.001:[7,7]	0.12808417997097243	0.340711175616836	0.40493468795355586	0.1262699564586357	[0, 22, 347, 1095, 1292, 0, 0, 0]	0.2152439024390244	0.12808417997097243	0.16060054595086445
87	MetaCurator_MiFish	4	7	naive-bayes	0.001:[7,7]	0.17397607828923523	0.31533164189923885	0.3646248640811888	0.14606741573033707	[0, 38, 332, 1039, 1350, 0, 0, 0]	0.2738163148887621	0.17397607828923523	0.2127659574468085
88	MetaCurator_MiFish	4	8	naive-bayes	0.001:[7,7]	0.16751269035532995	0.31725888324873097	0.369108049311095	0.1461203770848441	[0, 33, 327, 1061, 1337, 0, 0, 0]	0.2655172413793103	0.16751269035532995	0.20542463317029788
89	MetaCurator_MiFish	4	9	naive-bayes	0.001:[7,7]	0.14482758620689656	0.35535390199637024	0.3782214156079855	0.12159709618874773	[0, 39, 284, 1054, 1378, 0, 0, 0]	0.2329246935201401	0.14482758620689656	0.17860340196956134
90	rCRUX_12S	6	0	naive-bayes	0.001:[7,7]	0.24909150974562272	0.43970928311859925	0.17013544763792535	0.14106375949785266	[32, 1, 13, 72, 119, 737, 2053, 0]	0.3001592356687898	0.24909150974562272	0.27225130890052357
91	rCRUX_12S	6	1	naive-bayes	0.001:[7,7]	0.263573543928924	0.43863112866074366	0.163211582757486	0.13458374465284634	[1, 1, 14, 116, 145, 657, 2105, 0]	0.3149823043649233	0.263573543928924	0.28699390899319244
92	rCRUX_12S	6	2	naive-bayes	0.001:[7,7]	0.24866310160427807	0.4445187165775401	0.1657754010695187	0.1410427807486631	[33, 1, 14, 78, 129, 692, 2045, 0]	0.2980769230769231	0.24866310160427807	0.2711370262390671
93	rCRUX_12S	6	3	naive-bayes	0.001:[7,7]	0.2619605219136835	0.4309133489461358	0.1716293074606892	0.13549682167949148	[29, 2, 18, 75, 122, 702, 2041, 0]	0.31623586429725364	0.2619605219136835	0.2865507776761208
94	rCRUX_12S	6	4	naive-bayes	0.001:[7,7]	0.246	0.459	0.16766666666666666	0.12733333333333333	[34, 2, 12, 89, 109, 664, 2090, 0]	0.29555466559871846	0.246	0.26851009641622703
95	rCRUX_12S	6	5	naive-bayes	0.001:[7,7]	0.26064178127046495	0.4472822527832351	0.15717092337917485	0.13490504256712507	[30, 4, 11, 78, 121, 677, 2133, 0]	0.30924630924630925	0.26064178127046495	0.2828713574982231
96	rCRUX_12S	6	6	naive-bayes	0.001:[7,7]	0.2622459180273242	0.44485171609463514	0.16061312895701432	0.13228923692102632	[31, 3, 14, 71, 146, 648, 2088, 0]	0.31242556570067487	0.2622459180273242	0.28514492753623183
97	rCRUX_12S	6	7	naive-bayes	0.001:[7,7]	0.25980066445182726	0.445514950166113	0.1644518272425249	0.13023255813953488	[1, 4, 12, 92, 109, 695, 2097, 0]	0.310934393638171	0.25980066445182726	0.2830769230769231
98	rCRUX_12S	6	8	naive-bayes	0.001:[7,7]	0.25486959392538794	0.44139980191482336	0.16342027071640805	0.14031033344338065	[33, 1, 14, 80, 129, 689, 2083, 0]	0.30465666929755325	0.25486959392538794	0.27754808556534244
99	rCRUX_12S	6	9	naive-bayes	0.001:[7,7]	0.24810042946812025	0.4552362074661381	0.170796167822927	0.12586719524281467	[30, 2, 18, 100, 118, 658, 2101, 0]	0.29920318725099604	0.24810042946812025	0.27126602853530796
100	rCRUX_12S	5	0	naive-bayes	0.001:[7,7]	0.0051876716509002135	0.042722001830942935	0.5273115654562099	0.4247787610619469	[2, 850, 295, 1653, 321, 156, 0, 0]	0.010974822466107165	0.0051876716509002135	0.007045171985080812
101	rCRUX_12S	5	1	naive-bayes	0.001:[7,7]	0.0030422878004259203	0.04259202920596288	0.5004563431700639	0.4539093398235473	[1, 686, 423, 1684, 345, 148, 0, 0]	0.0060901339829476245	0.0030422878004259203	0.004057618178129438
102	rCRUX_12S	5	2	naive-bayes	0.001:[7,7]	0.2680916030534351	0.3706870229007634	0.25679389312977097	0.10442748091603053	[43, 6, 90, 377, 672, 2087, 0, 0]	0.3607230895645029	0.2680916030534351	0.30758451567700124
103	rCRUX_12S	5	3	naive-bayes	0.001:[7,7]	0.27522935779816515	0.37033639143730884	0.2706422018348624	0.0837920489296636	[38, 6, 84, 373, 666, 2103, 0, 0]	0.37735849056603776	0.27522935779816515	0.31830238726790455
104	rCRUX_12S	5	4	naive-bayes	0.001:[7,7]	0.004884004884004884	0.03418803418803419	0.4517704517704518	0.5091575091575091	[1, 675, 466, 1678, 330, 126, 0, 0]	0.008908685968819599	0.004884004884004884	0.006309148264984227
105	rCRUX_12S	5	5	naive-bayes	0.001:[7,7]	0.003045994517209869	0.038988729820286325	0.49923850137069753	0.45872677429180625	[0, 836, 295, 1749, 268, 135, 0, 0]	0.006082725060827251	0.003045994517209869	0.004059265272985589
106	rCRUX_12S	5	6	naive-bayes	0.001:[7,7]	0.25396341463414634	0.37865853658536586	0.27225609756097563	0.0951219512195122	[32, 13, 89, 379, 697, 2070, 0, 0]	0.3489736070381232	0.25396341463414634	0.29398270689959416
107	rCRUX_12S	5	7	naive-bayes	0.001:[7,7]	0.004570383912248629	0.037781840341255334	0.44149908592321757	0.5161486898232784	[1, 644, 498, 1664, 338, 137, 0, 0]	0.008183306055646482	0.004570383912248629	0.0058651026392961885
108	rCRUX_12S	5	8	naive-bayes	0.001:[7,7]	0.006103143118706134	0.032651815685077815	0.4913030210558438	0.4699420201403723	[1, 805, 317, 1745, 284, 125, 0, 0]	0.01199760047990402	0.006103143118706134	0.008090614886731391
109	rCRUX_12S	5	9	naive-bayes	0.001:[7,7]	0.005190839694656489	0.03419847328244275	0.5151145038167939	0.44549618320610684	[2, 700, 477, 1708, 263, 125, 0, 0]	0.010705289672544081	0.005190839694656489	0.006991568990335184
110	rCRUX_12S	4	0	naive-bayes	0.001:[7,7]	0.011825348696179502	0.017889630078835657	0.5657974530018193	0.40448756822316556	[3, 1830, 487, 903, 75, 0, 0, 0]	0.02723463687150838	0.011825348696179502	0.01649048625792812
111	rCRUX_12S	4	1	naive-bayes	0.001:[7,7]	0.23363636363636364	0.25	0.39545454545454545	0.12090909090909091	[1, 33, 277, 1478, 1511, 0, 0, 0]	0.38646616541353385	0.23363636363636364	0.29121813031161475
112	rCRUX_12S	4	2	naive-bayes	0.001:[7,7]	0.20321504397937518	0.27206551410373064	0.3791325447376403	0.14558689717925385	[75, 32, 338, 1370, 1482, 0, 0, 0]	0.32730825598436736	0.20321504397937518	0.2507485029940119
113	rCRUX_12S	4	3	naive-bayes	0.001:[7,7]	0.21413406126781923	0.2857142857142857	0.35668789808917195	0.14346375492872307	[78, 40, 275, 1343, 1561, 0, 0, 0]	0.33286185761433285	0.21413406126781923	0.26061277224067925
114	rCRUX_12S	4	4	naive-bayes	0.001:[7,7]	0.010618932038834952	0.03610436893203883	0.41686893203883496	0.5364077669902912	[1, 1212, 302, 1707, 74, 0, 0, 0]	0.018210197710718003	0.010618932038834952	0.013415101571483326
115	rCRUX_12S	4	5	naive-bayes	0.001:[7,7]	0.008489993935718617	0.036385688295936934	0.47634930260764097	0.4787750151607035	[0, 1619, 247, 1360, 72, 0, 0, 0]	0.016213086276780544	0.008489993935718617	0.011144278606965175
116	rCRUX_12S	4	6	naive-bayes	0.001:[7,7]	0.010006064281382655	0.03456640388114009	0.42328684050939963	0.5321406913280776	[1, 1329, 331, 1566, 71, 0, 0, 0]	0.017350157728706624	0.010006064281382655	0.012692307692307692
117	rCRUX_12S	4	7	naive-bayes	0.001:[7,7]	0.008795875037913254	0.03427358204428268	0.47285410979678494	0.4840764331210191	[1, 1650, 237, 1344, 65, 0, 0, 0]	0.01668584579976985	0.008795875037913254	0.011519364448857993
118	rCRUX_12S	4	8	naive-bayes	0.001:[7,7]	0.22316555488174653	0.24439053972104305	0.3650697392359005	0.16737416616130987	[98, 26, 348, 1369, 1457, 0, 0, 0]	0.35148042024832854	0.22316555488174653	0.27299703264094954
119	rCRUX_12S	4	9	naive-bayes	0.001:[7,7]	0.22286234081261372	0.27258944815039415	0.37174044875682233	0.1328077622801698	[93, 33, 262, 1366, 1544, 0, 0, 0]	0.3547297297297297	0.22286234081261372	0.2737430167597765
120	rCRUX_12S_exp	6	0	naive-bayes	0.001:[7,7]	0.2550115018074269	0.4429838974696024	0.16069668090699968	0.14130791981597107	[32, 1, 14, 83, 135, 690, 2088, 0]	0.3038371182458888	0.2550115018074269	0.2772914061104163
121	rCRUX_12S_exp	6	1	naive-bayes	0.001:[7,7]	0.2541418157720345	0.4363817097415507	0.17760106030483763	0.1318754141815772	[1, 3, 12, 116, 127, 710, 2049, 0]	0.3090249798549557	0.2541418157720345	0.27890909090909094
122	rCRUX_12S_exp	6	2	naive-bayes	0.001:[7,7]	0.25388944058258855	0.4448857994041708	0.1618669314796425	0.13935782853359815	[34, 2, 13, 96, 105, 685, 2086, 0]	0.3029225908372828	0.25388944058258855	0.2762470736538808
123	rCRUX_12S_exp	6	3	naive-bayes	0.001:[7,7]	0.2667112299465241	0.43683155080213903	0.1641042780748663	0.1323529411764706	[32, 1, 15, 72, 103, 694, 2075, 0]	0.3190723710515794	0.2667112299465241	0.2905516111414528
124	rCRUX_12S_exp	6	4	naive-bayes	0.001:[7,7]	0.26196721311475407	0.44131147540983606	0.16229508196721312	0.13442622950819672	[34, 2, 13, 85, 110, 686, 2120, 0]	0.312720156555773	0.26196721311475407	0.28510258697591434
125	rCRUX_12S_exp	6	5	naive-bayes	0.001:[7,7]	0.26211671612265086	0.4358720738542697	0.1671612265084075	0.13484998351467195	[31, 3, 13, 83, 136, 681, 2086, 0]	0.3147268408551069	0.26211671612265086	0.28602266594711284
126	rCRUX_12S_exp	6	6	naive-bayes	0.001:[7,7]	0.25395778364116095	0.4429419525065963	0.1566622691292876	0.14643799472295516	[34, 2, 17, 86, 117, 687, 2089, 0]	0.30113414157215485	0.25395778364116095	0.27554124172481664
127	rCRUX_12S_exp	6	7	naive-bayes	0.001:[7,7]	0.2665343915343915	0.43882275132275134	0.16567460317460317	0.12896825396825398	[1, 4, 12, 117, 120, 658, 2112, 0]	0.31946095917558465	0.2665343915343915	0.29060753560483144
128	rCRUX_12S_exp	6	8	naive-bayes	0.001:[7,7]	0.2663133487909904	0.43590592911560117	0.16594898973169925	0.13183173236170917	[28, 3, 16, 85, 117, 688, 2082, 0]	0.3193010325655282	0.2663133487909904	0.2904099692974535
129	rCRUX_12S_exp	6	9	naive-bayes	0.001:[7,7]	0.25912528773429794	0.4626767510687274	0.15521210128247287	0.12298585991450181	[35, 6, 17, 58, 123, 637, 2165, 0]	0.3067341377968081	0.25912528773429794	0.2809269162210339
130	rCRUX_12S_exp	5	0	naive-bayes	0.001:[7,7]	0.0018253726802555522	0.022208700943109217	0.5150593246121083	0.4609066017645269	[0, 632, 761, 1635, 183, 76, 0, 0]	0.0037641154328732747	0.0018253726802555522	0.0024585125998770746
131	rCRUX_12S_exp	5	1	naive-bayes	0.001:[7,7]	0.2754946727549467	0.3576864535768645	0.2776255707762557	0.08919330289193303	[1, 10, 87, 383, 730, 2074, 0, 0]	0.38137378845343445	0.2754946727549467	0.31990102509720747
132	rCRUX_12S_exp	5	2	naive-bayes	0.001:[7,7]	0.26678821027043453	0.37405044059556364	0.2676997872986934	0.09146156183530842	[35, 14, 80, 356, 701, 2105, 0, 0]	0.3643153526970954	0.26678821027043453	0.30801613751973345
133	rCRUX_12S_exp	5	3	naive-bayes	0.001:[7,7]	0.266342353298875	0.38552751596229856	0.26421404682274247	0.08391608391608392	[42, 8, 78, 346, 677, 2138, 0, 0]	0.36198347107438017	0.266342353298875	0.3068838675775092
134	rCRUX_12S_exp	5	4	naive-bayes	0.001:[7,7]	0.2763757981149286	0.36272423228944967	0.2699908786865309	0.09090909090909091	[36, 9, 102, 385, 661, 2096, 0, 0]	0.37859225322782175	0.2763757981149286	0.31950790861159933
135	rCRUX_12S_exp	5	5	naive-bayes	0.001:[7,7]	0.0021231422505307855	0.02032150439793752	0.5313921747042766	0.4461631786472551	[0, 1100, 662, 1316, 147, 72, 0, 0]	0.004530744336569579	0.0021231422505307855	0.0028913672036348617
136	rCRUX_12S_exp	5	6	naive-bayes	0.001:[7,7]	0.2709599027946537	0.35419198055893075	0.2624544349939247	0.11239368165249089	[47, 12, 86, 387, 706, 2054, 0, 0]	0.3673805601317957	0.2709599027946537	0.3118881118881119
137	rCRUX_12S_exp	5	7	naive-bayes	0.001:[7,7]	0.00426049908703591	0.020389531345100426	0.5383444917833232	0.43700547778454046	[1, 754, 636, 1646, 171, 78, 0, 0]	0.00922874093605801	0.00426049908703591	0.005829689777222569
138	rCRUX_12S_exp	5	8	naive-bayes	0.001:[7,7]	0.26910197869101976	0.3881278538812785	0.260882800608828	0.08188736681887367	[30, 6, 101, 367, 628, 2153, 0, 0]	0.3640856672158155	0.26910197869101976	0.30946963066690003
139	rCRUX_12S_exp	5	9	naive-bayes	0.001:[7,7]	0.2626293365794279	0.3709677419354839	0.2787583688374924	0.08764455264759587	[36, 22, 84, 397, 670, 2077, 0, 0]	0.36413502109704643	0.2626293365794279	0.3051626591230552
140	rCRUX_12S_exp	4	0	naive-bayes	0.001:[7,7]	0.00695074040495618	0.034753702024780904	0.47839226352372316	0.47990329404653975	[0, 1706, 242, 1300, 61, 0, 0, 0]	0.013325608342989572	0.00695074040495618	0.00913604766633565
141	rCRUX_12S_exp	4	1	naive-bayes	0.001:[7,7]	0.1759371221281741	0.3101571946795647	0.3866384522370012	0.12726723095525996	[1, 40, 261, 1489, 1517, 0, 0, 0]	0.28684080827994085	0.1759371221281741	0.21810005621135467
142	rCRUX_12S_exp	4	2	naive-bayes	0.001:[7,7]	0.007557436517533253	0.03476420798065296	0.46946795646916567	0.4882103990326481	[0, 1721, 213, 1311, 63, 0, 0, 0]	0.014245014245014245	0.007557436517533253	0.009875567845151097
143	rCRUX_12S_exp	4	3	naive-bayes	0.001:[7,7]	0.21184647929888184	0.28860682985796315	0.35871864611665155	0.14082804472650348	[86, 41, 273, 1340, 1569, 0, 0, 0]	0.33034872761545714	0.21184647929888184	0.2581476707788621
144	rCRUX_12S_exp	4	4	naive-bayes	0.001:[7,7]	0.22430471584038694	0.24758162031438935	0.37938331318016927	0.1487303506650544	[79, 29, 340, 1389, 1471, 0, 0, 0]	0.3614223088163663	0.22430471584038694	0.27681402723372506
145	rCRUX_12S_exp	4	5	naive-bayes	0.001:[7,7]	0.01027190332326284	0.03444108761329305	0.4501510574018127	0.5051359516616314	[0, 1690, 218, 1333, 69, 0, 0, 0]	0.01868131868131868	0.01027190332326284	0.013255360623781675
146	rCRUX_12S_exp	4	6	naive-bayes	0.001:[7,7]	0.21413470250679553	0.26849894291754756	0.36363636363636365	0.15372999093929327	[88, 33, 288, 1392, 1510, 0, 0, 0]	0.3364973896535358	0.21413470250679553	0.26172019195275004
147	rCRUX_12S_exp	4	7	naive-bayes	0.001:[7,7]	0.009371221281741234	0.03204353083434099	0.4827690447400242	0.4758162031438936	[1, 1673, 241, 1331, 62, 0, 0, 0]	0.018118059614260665	0.009371221281741234	0.01235305837816298
148	rCRUX_12S_exp	4	8	naive-bayes	0.001:[7,7]	0.00906344410876133	0.030513595166163143	0.4954682779456193	0.4649546827794562	[2, 1627, 269, 1357, 55, 0, 0, 0]	0.017964071856287425	0.00906344410876133	0.012048192771084338
149	rCRUX_12S_exp	4	9	naive-bayes	0.001:[7,7]	0.17533252720677148	0.2965538089480048	0.38814993954050786	0.13996372430471585	[82, 39, 260, 1458, 1469, 0, 0, 0]	0.2865612648221344	0.17533252720677148	0.2175543885971493
150	RESCRIPt_MiFish	6	0	naive-bayes	0.001:[7,7]	0.19421221864951768	0.5073954983922829	0.15691318327974277	0.1414790996784566	[0, 1, 6, 50, 63, 344, 1091, 0]	0.2303585049580473	0.19421221864951768	0.2107466852756455
151	RESCRIPt_MiFish	6	1	naive-bayes	0.001:[7,7]	0.1780472239948947	0.5149968091895342	0.1429483088704531	0.16400765794511807	[0, 0, 6, 50, 58, 367, 1086, 0]	0.20774385703648549	0.1780472239948947	0.19175257731958764
152	RESCRIPt_MiFish	6	2	naive-bayes	0.001:[7,7]	0.19296040226272784	0.5166561910747958	0.13513513513513514	0.1552482715273413	[0, 0, 6, 51, 63, 342, 1129, 0]	0.22311046511627908	0.19296040226272784	0.20694304010785305
153	RESCRIPt_MiFish	6	3	naive-bayes	0.001:[7,7]	0.19532237673830594	0.5120101137800253	0.14854614412136535	0.14412136536030343	[0, 0, 8, 53, 51, 351, 1119, 0]	0.22939866369710468	0.19532237673830594	0.2109935131444179
154	RESCRIPt_MiFish	6	4	naive-bayes	0.001:[7,7]	0.1951530612244898	0.514030612244898	0.1441326530612245	0.14668367346938777	[0, 0, 10, 30, 64, 352, 1112, 0]	0.22801788375558868	0.1951530612244898	0.2103092783505155
155	RESCRIPt_MiFish	6	5	naive-bayes	0.001:[7,7]	0.18833227647431833	0.5250475586556753	0.15472415979708307	0.13189600507292326	[0, 0, 8, 50, 60, 334, 1125, 0]	0.22280570142535633	0.18833227647431833	0.20412371134020618
156	RESCRIPt_MiFish	6	6	naive-bayes	0.001:[7,7]	0.19233226837060702	0.5182108626198083	0.14824281150159743	0.1412140575079872	[0, 0, 6, 50, 63, 335, 1111, 0]	0.22580645161290322	0.19233226837060702	0.20772946859903377
157	RESCRIPt_MiFish	6	7	naive-bayes	0.001:[7,7]	0.20203951561504144	0.49904397705544934	0.1478648820905035	0.15105162523900573	[0, 0, 6, 44, 57, 362, 1100, 0]	0.23709798055347794	0.20203951561504144	0.21816930488644187
158	RESCRIPt_MiFish	6	8	naive-bayes	0.001:[7,7]	0.18141311266709104	0.5149586250795671	0.16168045830681094	0.14194780394653086	[0, 0, 5, 61, 57, 354, 1094, 0]	0.2164009111617312	0.18141311266709104	0.1973684210526316
159	RESCRIPt_MiFish	6	9	naive-bayes	0.001:[7,7]	0.19250317662007624	0.5152477763659467	0.1397712833545108	0.15247776365946633	[0, 0, 7, 47, 49, 358, 1113, 0]	0.22378138847858198	0.19250317662007624	0.20696721311475413
160	RESCRIPt_MiFish	5	0	naive-bayes	0.001:[7,7]	0.25322128851540615	0.4403361344537815	0.22240896358543416	0.08403361344537816	[0, 5, 77, 181, 284, 1238, 0, 0]	0.3256484149855908	0.25322128851540615	0.2849038764576111
161	RESCRIPt_MiFish	5	1	naive-bayes	0.001:[7,7]	0.23357664233576642	0.45311622683885455	0.21055586749017405	0.10275126333520494	[0, 1, 76, 160, 321, 1223, 0, 0]	0.2958748221906117	0.23357664233576642	0.26106055851898335
162	RESCRIPt_MiFish	5	2	naive-bayes	0.001:[7,7]	0.24845070422535212	0.4230985915492958	0.22140845070422535	0.10704225352112676	[0, 1, 78, 162, 342, 1192, 0, 0]	0.3191027496382055	0.24845070422535212	0.2793791574279379
163	RESCRIPt_MiFish	5	3	naive-bayes	0.001:[7,7]	0.22783389450056116	0.4618406285072952	0.22839506172839505	0.0819304152637486	[0, 2, 78, 170, 303, 1229, 0, 0]	0.2952727272727273	0.22783389450056116	0.2572062084257206
164	RESCRIPt_MiFish	5	4	naive-bayes	0.001:[7,7]	0.21476888387824125	0.4791431792559188	0.22209695603156707	0.08399098083427282	[0, 1, 80, 149, 313, 1231, 0, 0]	0.27608695652173915	0.21476888387824125	0.24159797083069115
165	RESCRIPt_MiFish	5	5	naive-bayes	0.001:[7,7]	0.24155405405405406	0.45664414414414417	0.21396396396396397	0.08783783783783784	[0, 0, 84, 148, 304, 1240, 0, 0]	0.30730659025787965	0.24155405405405406	0.27049180327868855
166	RESCRIPt_MiFish	5	6	naive-bayes	0.001:[7,7]	0.2301631963984243	0.4434440067529544	0.21778277996623524	0.10861001688238604	[0, 1, 72, 166, 341, 1197, 0, 0]	0.29424460431654675	0.2301631963984243	0.2582886011998737
167	RESCRIPt_MiFish	5	7	naive-bayes	0.001:[7,7]	0.22950819672131148	0.46749576031656304	0.2108535895986433	0.09214245336348219	[0, 0, 80, 163, 293, 1233, 0, 0]	0.29083094555873923	0.22950819672131148	0.2565560821484992
168	RESCRIPt_MiFish	5	8	naive-bayes	0.001:[7,7]	0.23672316384180792	0.45084745762711864	0.22598870056497175	0.08644067796610169	[0, 2, 71, 168, 312, 1217, 0, 0]	0.30583941605839415	0.23672316384180792	0.26687898089171974
169	RESCRIPt_MiFish	5	9	naive-bayes	0.001:[7,7]	0.2191549295774648	0.4732394366197183	0.2056338028169014	0.10197183098591549	[0, 0, 75, 152, 319, 1229, 0, 0]	0.27588652482269505	0.2191549295774648	0.24427001569858714
170	RESCRIPt_MiFish	4	0	naive-bayes	0.001:[7,7]	0.15710306406685237	0.2835654596100279	0.3860724233983287	0.17325905292479107	[0, 18, 216, 770, 791, 0, 0, 0]	0.2558983666061706	0.15710306406685237	0.19468415602347255
171	RESCRIPt_MiFish	4	1	naive-bayes	0.001:[7,7]	0.13943112102621305	0.290574456218628	0.3803680981595092	0.18962632459564974	[0, 9, 230, 783, 771, 0, 0, 0]	0.22502250225022502	0.13943112102621305	0.17217630853994492
172	RESCRIPt_MiFish	4	2	naive-bayes	0.001:[7,7]	0.1181058495821727	0.29415041782729806	0.4256267409470752	0.16211699164345403	[0, 15, 222, 818, 740, 0, 0, 0]	0.20562560620756548	0.1181058495821727	0.15003538570417552
173	RESCRIPt_MiFish	4	3	naive-bayes	0.001:[7,7]	0.13370473537604458	0.31643454038997215	0.39498607242339834	0.15487465181058496	[0, 18, 214, 755, 808, 0, 0, 0]	0.22099447513812154	0.13370473537604458	0.1666088163832003
174	RESCRIPt_MiFish	4	4	naive-bayes	0.001:[7,7]	0.13481894150417828	0.30250696378830083	0.3710306406685237	0.1916434540389972	[0, 7, 243, 760, 785, 0, 0, 0]	0.21434898139946856	0.13481894150417828	0.16552667578659372
175	RESCRIPt_MiFish	4	5	naive-bayes	0.001:[7,7]	0.14428969359331476	0.2857938718662953	0.3966573816155989	0.17325905292479107	[0, 7, 230, 786, 772, 0, 0, 0]	0.23915050784856878	0.14428969359331476	0.17998610145934676
176	RESCRIPt_MiFish	4	6	naive-bayes	0.001:[7,7]	0.13935340022296544	0.3015607580824972	0.3818283166109253	0.17725752508361203	[0, 6, 232, 765, 791, 0, 0, 0]	0.2254283137962128	0.13935340022296544	0.17223561832586978
177	RESCRIPt_MiFish	4	7	naive-bayes	0.001:[7,7]	0.13943112102621305	0.30117122141662017	0.3759063022866704	0.18349135527049637	[0, 0, 214, 789, 790, 0, 0, 0]	0.22341376228775692	0.13943112102621305	0.1717032967032967
178	RESCRIPt_MiFish	4	8	naive-bayes	0.001:[7,7]	0.14102564102564102	0.31215161649944256	0.3879598662207358	0.1588628762541806	[0, 15, 226, 740, 813, 0, 0, 0]	0.23041894353369763	0.14102564102564102	0.17496542185338868
179	RESCRIPt_MiFish	4	9	naive-bayes	0.001:[7,7]	0.14285714285714285	0.29408482142857145	0.39732142857142855	0.16573660714285715	[0, 14, 224, 771, 783, 0, 0, 0]	0.23703703703703705	0.14285714285714285	0.17827298050139276
