Project Request,Scientific name,Point of Contact for Submission,Email,Common Name,Survey Type,Group
National Park Service Channel Islands,Alloclinus holderi,Scott Gabara,scott_gabara@nps.gov,island kelpfish,Monitored,fish
National Park Service Channel Islands,Anarrhichthys ocellatus,Scott Gabara,scott_gabara@nps.gov,wolf eel,Monitored,fish
National Park Service Channel Islands,Anisotremus davidsonii,Scott Gabara,scott_gabara@nps.gov,sargo,Monitored,fish
National Park Service Channel Islands,Apogon atricaudus,Scott Gabara,scott_gabara@nps.gov,plain cardinalfish,Monitored,fish
National Park Service Channel Islands,Apogon guadalupensis,Scott Gabara,scott_gabara@nps.gov,guadalupe cardinalfish,Monitored,fish
National Park Service Channel Islands,Artedius corallinus,Scott Gabara,scott_gabara@nps.gov,coralline sculpin,Monitored,fish
National Park Service Channel Islands,Artedius creaseri,Scott Gabara,scott_gabara@nps.gov,roughcheek sculpin,Monitored,fish
National Park Service Channel Islands,Artedius harringtoni,Scott Gabara,scott_gabara@nps.gov,scalyhead sculpin,Monitored,fish
National Park Service Channel Islands,Atherinops affinis,Scott Gabara,scott_gabara@nps.gov,top smelt,Monitored,fish
National Park Service Channel Islands,Atherinopsis californiensis,Scott Gabara,scott_gabara@nps.gov,jack smelt,Monitored,fish
National Park Service Channel Islands,Atractoscion nobilis,Scott Gabara,scott_gabara@nps.gov,white seabass,Monitored,fish
National Park Service Channel Islands,Aulorhynchus flavidus,Scott Gabara,scott_gabara@nps.gov,tubesnout,Monitored,fish
National Park Service Channel Islands,Azurina hirundo,Scott Gabara,scott_gabara@nps.gov,swallowtail damselfish,Monitored,fish
National Park Service Channel Islands,Balistes polylepis,Scott Gabara,scott_gabara@nps.gov,finescale triggerfish,Monitored,fish
National Park Service Channel Islands,Bathymasteridae,Scott Gabara,scott_gabara@nps.gov,ronquil spp.,Monitored,fish
National Park Service Channel Islands,Brachyistius frenatus,Scott Gabara,scott_gabara@nps.gov,kelp surfperch,Monitored,fish
National Park Service Channel Islands,Carcharodon carcharias,Scott Gabara,scott_gabara@nps.gov,white shark,Monitored,fish
National Park Service Channel Islands,Caulolatilus princeps,Scott Gabara,scott_gabara@nps.gov,ocean whitefish,Monitored,fish
National Park Service Channel Islands,Cebidichthys violaceus,Scott Gabara,scott_gabara@nps.gov,monkeyface prickleback,Monitored,fish
National Park Service Channel Islands,Cephaloscyllium ventriosum,Scott Gabara,scott_gabara@nps.gov,swell shark,Monitored,fish
National Park Service Channel Islands,Chaenopsis alepidota,Scott Gabara,scott_gabara@nps.gov,orangethroat pikeblenny,Monitored,fish
National Park Service Channel Islands,Cheilotrema saturnum,Scott Gabara,scott_gabara@nps.gov,black croaker,Monitored,fish
National Park Service Channel Islands,Chirolophis nugator,Scott Gabara,scott_gabara@nps.gov,mosshead warbonnet,Monitored,fish
National Park Service Channel Islands,Chromis punctipinnis,Scott Gabara,scott_gabara@nps.gov,blacksmith,Monitored,fish
National Park Service Channel Islands,Citharichthys stigmaeus,Scott Gabara,scott_gabara@nps.gov,speckled sanddab,Monitored,fish
National Park Service Channel Islands,Cymatogaster aggregata,Scott Gabara,scott_gabara@nps.gov,shiner surfperch,Monitored,fish
National Park Service Channel Islands,Embiotoca jacksoni,Scott Gabara,scott_gabara@nps.gov,black surfperch,Monitored,fish
National Park Service Channel Islands,Embiotoca lateralis,Scott Gabara,scott_gabara@nps.gov,striped surfperch,Monitored,fish
National Park Service Channel Islands,Engraulis mordax,Scott Gabara,scott_gabara@nps.gov,northern anchovy,Monitored,fish
National Park Service Channel Islands,Galeorhinus galeus,Scott Gabara,scott_gabara@nps.gov,soupfin shark,Monitored,fish
National Park Service Channel Islands,Gibbonsia elegans,Scott Gabara,scott_gabara@nps.gov,spotted kelpfish,Monitored,fish
National Park Service Channel Islands,Gibbonsia montereyensis,Scott Gabara,scott_gabara@nps.gov,crevice kelpfish,Monitored,fish
National Park Service Channel Islands,Girella nigricans,Scott Gabara,scott_gabara@nps.gov,opaleye,Monitored,fish
National Park Service Channel Islands,Gymnothorax mordax,Scott Gabara,scott_gabara@nps.gov,California moray eel,Monitored,fish
National Park Service Channel Islands,Halichoeres semicinctus,Scott Gabara,scott_gabara@nps.gov,rock wrasse,Monitored,fish
National Park Service Channel Islands,Hermosilla azurea,Scott Gabara,scott_gabara@nps.gov,zebra perch,Monitored,fish
National Park Service Channel Islands,Heterodontus francisci,Scott Gabara,scott_gabara@nps.gov,horn shark,Monitored,fish
National Park Service Channel Islands,Heterostichus rostratus,Scott Gabara,scott_gabara@nps.gov,giant kelpfish,Monitored,fish
National Park Service Channel Islands,Hexagrammos decagrammus,Scott Gabara,scott_gabara@nps.gov,kelp greenling,Monitored,fish
National Park Service Channel Islands,Hexagrammos lagocephalus,Scott Gabara,scott_gabara@nps.gov,rock greenling,Monitored,fish
National Park Service Channel Islands,Hyperprosopon anale,Scott Gabara,scott_gabara@nps.gov,spotfin surfperch,Monitored,fish
National Park Service Channel Islands,Hyperprosopon argenteum,Scott Gabara,scott_gabara@nps.gov,walleye surfperch,Monitored,fish
National Park Service Channel Islands,Hypsurus caryi,Scott Gabara,scott_gabara@nps.gov,rainbow surfperch,Monitored,fish
National Park Service Channel Islands,Hypsypops rubicundus,Scott Gabara,scott_gabara@nps.gov,garibaldi,Monitored,fish
National Park Service Channel Islands,Icelinus tenuis,Scott Gabara,scott_gabara@nps.gov,spotfin sculpin,Monitored,fish
National Park Service Channel Islands,Leiocottus hirundo,Scott Gabara,scott_gabara@nps.gov,lavender sculpin,Monitored,fish
National Park Service Channel Islands,Lythrypnus dalli,Scott Gabara,scott_gabara@nps.gov,blue-banded goby,Monitored,fish
National Park Service Channel Islands,Lythrypnus zebra,Scott Gabara,scott_gabara@nps.gov,zebra goby,Monitored,fish
National Park Service Channel Islands,Medialuna californiensis,Scott Gabara,scott_gabara@nps.gov,halfmoon,Monitored,fish
National Park Service Channel Islands,Mola mola,Scott Gabara,scott_gabara@nps.gov,ocean sunfish,Monitored,fish
National Park Service Channel Islands,Myliobatis californica,Scott Gabara,scott_gabara@nps.gov,bat ray,Monitored,fish
National Park Service Channel Islands,Nautichthys oculofasciatus,Scott Gabara,scott_gabara@nps.gov,sailfin sculpin,Monitored,fish
National Park Service Channel Islands,Neoclinus blanchardi,Scott Gabara,scott_gabara@nps.gov,sarcastic fringehead,Monitored,fish
National Park Service Channel Islands,Neoclinus stephensae,Scott Gabara,scott_gabara@nps.gov,yellowfin fringehead,Monitored,fish
National Park Service Channel Islands,Neoclinus uninotatus,Scott Gabara,scott_gabara@nps.gov,onespot fringehead,Monitored,fish
National Park Service Channel Islands,Notorynchus cepedianus,Scott Gabara,scott_gabara@nps.gov,broadnose sevengill shark,Monitored,fish
National Park Service Channel Islands,Ophiodon elongatus,Scott Gabara,scott_gabara@nps.gov,lingcod,Monitored,fish
National Park Service Channel Islands,Orthonopias triacis,Scott Gabara,scott_gabara@nps.gov,snubnose sculpin,Monitored,fish
National Park Service Channel Islands,Oxyjulis californica,Scott Gabara,scott_gabara@nps.gov,señorita,Monitored,fish
National Park Service Channel Islands,Oxylebius pictus,Scott Gabara,scott_gabara@nps.gov,painted greenling,Monitored,fish
National Park Service Channel Islands,Paralabrax clathratus,Scott Gabara,scott_gabara@nps.gov,kelp bass,Monitored,fish
National Park Service Channel Islands,Paralabrax nebulifer,Scott Gabara,scott_gabara@nps.gov,barred sand bass,Monitored,fish
National Park Service Channel Islands,Paralichthys californicus,Scott Gabara,scott_gabara@nps.gov,California halibut,Monitored,fish
National Park Service Channel Islands,Phanerodon atripes,Scott Gabara,scott_gabara@nps.gov,sharpnose surfperch,Monitored,fish
National Park Service Channel Islands,Phanerodon furcatus,Scott Gabara,scott_gabara@nps.gov,white surfperch,Monitored,fish
National Park Service Channel Islands,Platyrhinoidis triseriata,Scott Gabara,scott_gabara@nps.gov,thornback ray,Monitored,fish
National Park Service Channel Islands,Pleuronichthys coenosus,Scott Gabara,scott_gabara@nps.gov,c-o turbot,Monitored,fish
National Park Service Channel Islands,Porichthys notatus,Scott Gabara,scott_gabara@nps.gov,plainfin midshipman,Monitored,fish
National Park Service Channel Islands,Prionace glauca,Scott Gabara,scott_gabara@nps.gov,blue shark,Monitored,fish
National Park Service Channel Islands,Rathbunella hypoplecta,Scott Gabara,scott_gabara@nps.gov,stripedfin ronquil,Monitored,fish
National Park Service Channel Islands,Rhacochilus toxotes,Scott Gabara,scott_gabara@nps.gov,rubberlip surfperch,Monitored,fish
National Park Service Channel Islands,Rhacochilus vacca,Scott Gabara,scott_gabara@nps.gov,pile perch,Monitored,fish
National Park Service Channel Islands,Rhinogobiops nicholsii,Scott Gabara,scott_gabara@nps.gov,blackeye goby,Monitored,fish
National Park Service Channel Islands,Ronquilus jordani,Scott Gabara,scott_gabara@nps.gov,northern ronquil,Monitored,fish
National Park Service Channel Islands,Sarda chiliensis,Scott Gabara,scott_gabara@nps.gov,Pacific bonito,Monitored,fish
National Park Service Channel Islands,Sardinops sagax,Scott Gabara,scott_gabara@nps.gov,Pacific sardine,Monitored,fish
National Park Service Channel Islands,Scomber japonicus,Scott Gabara,scott_gabara@nps.gov,Pacific mackerel,Monitored,fish
National Park Service Channel Islands,Scorpaena guttata,Scott Gabara,scott_gabara@nps.gov,California scorpionfish,Monitored,fish
National Park Service Channel Islands,Scorpaenichthys marmoratus,Scott Gabara,scott_gabara@nps.gov,cabezon,Monitored,fish
National Park Service Channel Islands,Sebastes atrovirens,Scott Gabara,scott_gabara@nps.gov,kelp rockfish,Monitored,fish
National Park Service Channel Islands,Sebastes auriculatus,Scott Gabara,scott_gabara@nps.gov,brown rockfish,Monitored,fish
National Park Service Channel Islands,Sebastes carnatus,Scott Gabara,scott_gabara@nps.gov,gopher rockfish,Monitored,fish
National Park Service Channel Islands,Sebastes caurinus,Scott Gabara,scott_gabara@nps.gov,copper rockfish,Monitored,fish
National Park Service Channel Islands,Sebastes chrysomelas,Scott Gabara,scott_gabara@nps.gov,black and yellow rockfish,Monitored,fish
National Park Service Channel Islands,Sebastes dallii,Scott Gabara,scott_gabara@nps.gov,calico rockfish,Monitored,fish
National Park Service Channel Islands,Sebastes diploproa,Scott Gabara,scott_gabara@nps.gov,splitnose rockfish,Monitored,fish
National Park Service Channel Islands,Sebastes entomelas,Scott Gabara,scott_gabara@nps.gov,widow rockfish,Monitored,fish
National Park Service Channel Islands,Sebastes flavidus,Scott Gabara,scott_gabara@nps.gov,yellowtail rockfish,Monitored,fish
National Park Service Channel Islands,Sebastes hopkinsi,Scott Gabara,scott_gabara@nps.gov,squarespot rockfish,Monitored,fish
National Park Service Channel Islands,Sebastes melanops,Scott Gabara,scott_gabara@nps.gov,black rockfish,Monitored,fish
National Park Service Channel Islands,Sebastes miniatus,Scott Gabara,scott_gabara@nps.gov,vermillion rockfish,Monitored,fish
National Park Service Channel Islands,Sebastes mystinus,Scott Gabara,scott_gabara@nps.gov,blue rockfish,Monitored,fish
National Park Service Channel Islands,Sebastes paucispinis,Scott Gabara,scott_gabara@nps.gov,bocaccio,Monitored,fish
National Park Service Channel Islands,Sebastes pinniger,Scott Gabara,scott_gabara@nps.gov,canary rockfish,Monitored,fish
National Park Service Channel Islands,Sebastes rastrelliger,Scott Gabara,scott_gabara@nps.gov,grass rockfish,Monitored,fish
National Park Service Channel Islands,Sebastes rosaceus,Scott Gabara,scott_gabara@nps.gov,rosy rockfish,Monitored,fish
National Park Service Channel Islands,Sebastes saxicola,Scott Gabara,scott_gabara@nps.gov,stripetail rockfish,Monitored,fish
National Park Service Channel Islands,Sebastes semicinctus,Scott Gabara,scott_gabara@nps.gov,halfbanded rockfish,Monitored,fish
National Park Service Channel Islands,Sebastes serranoides,Scott Gabara,scott_gabara@nps.gov,olive rockfish,Monitored,fish
National Park Service Channel Islands,Sebastes serriceps,Scott Gabara,scott_gabara@nps.gov,treefish,Monitored,fish
National Park Service Channel Islands,Semicossyphus pulcher,Scott Gabara,scott_gabara@nps.gov,California sheephead,Monitored,fish
National Park Service Channel Islands,Seriola lalandi,Scott Gabara,scott_gabara@nps.gov,yellowtail,Monitored,fish
National Park Service Channel Islands,Sphyraena argentea,Scott Gabara,scott_gabara@nps.gov,Pacific barracuda,Monitored,fish
National Park Service Channel Islands,Squatina californica,Scott Gabara,scott_gabara@nps.gov,Pacific angel shark,Monitored,fish
National Park Service Channel Islands,Stereolepis gigas,Scott Gabara,scott_gabara@nps.gov,giant black sea bass,Monitored,fish
National Park Service Channel Islands,Stichaeidae,Scott Gabara,scott_gabara@nps.gov,prickleback spp.,Monitored,fish
National Park Service Channel Islands,Syngnathus spp.,Scott Gabara,scott_gabara@nps.gov,pipefish spp.,Monitored,fish
National Park Service Channel Islands,Trachurus symmetricus,Scott Gabara,scott_gabara@nps.gov,jack mackerel,Monitored,fish
National Park Service Channel Islands,Triakis semifasciata,Scott Gabara,scott_gabara@nps.gov,leopard shark,Monitored,fish
National Park Service Channel Islands,Xystreurys liolepis,Scott Gabara,scott_gabara@nps.gov,fantail sole,Monitored,fish
National Park Service Channel Islands,Chaetopterus sp.,Scott Gabara,scott_gabara@nps.gov,Annelida/Polychaeta,Monitored,invertebrate
National Park Service Channel Islands,Diopatra ornata,Scott Gabara,scott_gabara@nps.gov,Annelida/Polychaeta,Monitored,invertebrate
National Park Service Channel Islands,Dodecaceria concharum,Scott Gabara,scott_gabara@nps.gov,Annelida/Polychaeta,Monitored,invertebrate
National Park Service Channel Islands,Dodecaceria fewkesi,Scott Gabara,scott_gabara@nps.gov,Annelida/Polychaeta,Monitored,invertebrate
National Park Service Channel Islands,Eudistylia polymorpha,Scott Gabara,scott_gabara@nps.gov,Annelida/Polychaeta,Monitored,invertebrate
National Park Service Channel Islands,Phragmatopoma californica ,Scott Gabara,scott_gabara@nps.gov,Annelida/Polychaeta,Monitored,invertebrate
National Park Service Channel Islands,Pista elongata,Scott Gabara,scott_gabara@nps.gov,Annelida/Polychaeta,Monitored,invertebrate
National Park Service Channel Islands,Salmacina tribranchiata,Scott Gabara,scott_gabara@nps.gov,Annelida/Polychaeta,Monitored,invertebrate
National Park Service Channel Islands,Spirobranchus spinosus,Scott Gabara,scott_gabara@nps.gov,Annelida/Polychaeta,Monitored,invertebrate
National Park Service Channel Islands,Anthopleura artemisia,Scott Gabara,scott_gabara@nps.gov,Anthozoa,Monitored,invertebrate
National Park Service Channel Islands,Anthopleura elegantissima,Scott Gabara,scott_gabara@nps.gov,Anthozoa,Monitored,invertebrate
National Park Service Channel Islands,Anthopleura sola,Scott Gabara,scott_gabara@nps.gov,Anthozoa,Monitored,invertebrate
National Park Service Channel Islands,Anthopleura xanthogrammica   ,Scott Gabara,scott_gabara@nps.gov,Anthozoa,Monitored,invertebrate
National Park Service Channel Islands,Astrangia haimei,Scott Gabara,scott_gabara@nps.gov,Anthozoa,Monitored,invertebrate
National Park Service Channel Islands,Balanophyllia elegans,Scott Gabara,scott_gabara@nps.gov,Anthozoa,Monitored,invertebrate
National Park Service Channel Islands,Corynactis californica,Scott Gabara,scott_gabara@nps.gov,Anthozoa,Monitored,invertebrate
National Park Service Channel Islands,Eugorgia rubens,Scott Gabara,scott_gabara@nps.gov,Anthozoa,Monitored,invertebrate
National Park Service Channel Islands,Lophogorgia chilensis ,Scott Gabara,scott_gabara@nps.gov,Anthozoa,Monitored,invertebrate
National Park Service Channel Islands,Metridium senile,Scott Gabara,scott_gabara@nps.gov,Anthozoa,Monitored,invertebrate
National Park Service Channel Islands,Metridium spp. ,Scott Gabara,scott_gabara@nps.gov,Anthozoa,Monitored,invertebrate
National Park Service Channel Islands,Muricea farcimen,Scott Gabara,scott_gabara@nps.gov,Anthozoa,Monitored,invertebrate
National Park Service Channel Islands,Muricea fruticosa,Scott Gabara,scott_gabara@nps.gov,Anthozoa,Monitored,invertebrate
National Park Service Channel Islands,Urticina columbiana,Scott Gabara,scott_gabara@nps.gov,Anthozoa,Monitored,invertebrate
National Park Service Channel Islands,Urticina coriacea,Scott Gabara,scott_gabara@nps.gov,Anthozoa,Monitored,invertebrate
National Park Service Channel Islands,Urticina crassicornis,Scott Gabara,scott_gabara@nps.gov,Anthozoa,Monitored,invertebrate
National Park Service Channel Islands,Urticina lofotensis,Scott Gabara,scott_gabara@nps.gov,Anthozoa,Monitored,invertebrate
National Park Service Channel Islands,Urticina piscivora,Scott Gabara,scott_gabara@nps.gov,Anthozoa,Monitored,invertebrate
National Park Service Channel Islands,Balanus nubilus,Scott Gabara,scott_gabara@nps.gov,Arthropoda/Crustacea,Monitored,invertebrate
National Park Service Channel Islands,Cancer sp. ,Scott Gabara,scott_gabara@nps.gov,Arthropoda/Crustacea,Monitored,invertebrate
National Park Service Channel Islands,Panulirus interruptus,Scott Gabara,scott_gabara@nps.gov,Arthropoda/Crustacea,Monitored,invertebrate
National Park Service Channel Islands,Bugula californica,Scott Gabara,scott_gabara@nps.gov,Bryozoa,Monitored,invertebrate
National Park Service Channel Islands,Bugula neritina,Scott Gabara,scott_gabara@nps.gov,Bryozoa,Monitored,invertebrate
National Park Service Channel Islands,Celleporella sp.,Scott Gabara,scott_gabara@nps.gov,Bryozoa,Monitored,invertebrate
National Park Service Channel Islands,Costazia costazii,Scott Gabara,scott_gabara@nps.gov,Bryozoa,Monitored,invertebrate
National Park Service Channel Islands,Diaperoecia californica,Scott Gabara,scott_gabara@nps.gov,Bryozoa,Monitored,invertebrate
National Park Service Channel Islands,Disporella separata,Scott Gabara,scott_gabara@nps.gov,Bryozoa,Monitored,invertebrate
National Park Service Channel Islands,Heteropora pacifica,Scott Gabara,scott_gabara@nps.gov,Bryozoa,Monitored,invertebrate
National Park Service Channel Islands,Hipporina mexicana,Scott Gabara,scott_gabara@nps.gov,Bryozoa,Monitored,invertebrate
National Park Service Channel Islands,Membranipora villosa,Scott Gabara,scott_gabara@nps.gov,Bryozoa,Monitored,invertebrate
National Park Service Channel Islands,Phidolopora labiata,Scott Gabara,scott_gabara@nps.gov,Bryozoa,Monitored,invertebrate
National Park Service Channel Islands,Thalamoporella california,Scott Gabara,scott_gabara@nps.gov,Bryozoa,Monitored,invertebrate
National Park Service Channel Islands,Watersipora subatra,Scott Gabara,scott_gabara@nps.gov,Bryozoa,Monitored,invertebrate
National Park Service Channel Islands,Watersipora subtorquata,Scott Gabara,scott_gabara@nps.gov,Bryozoa,Monitored,invertebrate
National Park Service Channel Islands,Apostichopus californicus ,Scott Gabara,scott_gabara@nps.gov,Echinoderms,Monitored,invertebrate
National Park Service Channel Islands,Apostichopus parvimensis,Scott Gabara,scott_gabara@nps.gov,Echinoderms,Monitored,invertebrate
National Park Service Channel Islands,Arbacia stellata ,Scott Gabara,scott_gabara@nps.gov,Echinoderms,Monitored,invertebrate
National Park Service Channel Islands,Centrostephanus coronatus,Scott Gabara,scott_gabara@nps.gov,Echinoderms,Monitored,invertebrate
National Park Service Channel Islands,Cucumaria miniata,Scott Gabara,scott_gabara@nps.gov,Echinoderms,Monitored,invertebrate
National Park Service Channel Islands,Cucumaria piperata,Scott Gabara,scott_gabara@nps.gov,Echinoderms,Monitored,invertebrate
National Park Service Channel Islands,Cucumaria salma,Scott Gabara,scott_gabara@nps.gov,Echinoderms,Monitored,invertebrate
National Park Service Channel Islands,Dermasterias imbricata,Scott Gabara,scott_gabara@nps.gov,Echinoderms,Monitored,invertebrate
National Park Service Channel Islands,Linckia columbiae,Scott Gabara,scott_gabara@nps.gov,Echinoderms,Monitored,invertebrate
National Park Service Channel Islands,Lytechinus pictus,Scott Gabara,scott_gabara@nps.gov,Echinoderms,Monitored,invertebrate
National Park Service Channel Islands,Mesocentrotus franciscanus,Scott Gabara,scott_gabara@nps.gov,Echinoderms,Monitored,invertebrate
National Park Service Channel Islands,Ophiothrix spiculata,Scott Gabara,scott_gabara@nps.gov,Echinoderms,Monitored,invertebrate
National Park Service Channel Islands,Pachythyone rubra,Scott Gabara,scott_gabara@nps.gov,Echinoderms,Monitored,invertebrate
National Park Service Channel Islands,Patiria miniata ,Scott Gabara,scott_gabara@nps.gov,Echinoderms,Monitored,invertebrate
National Park Service Channel Islands,Pisaster giganteus,Scott Gabara,scott_gabara@nps.gov,Echinoderms,Monitored,invertebrate
National Park Service Channel Islands,Pisaster ochraceus,Scott Gabara,scott_gabara@nps.gov,Echinoderms,Monitored,invertebrate
National Park Service Channel Islands,Pycnopodia helianthoides ,Scott Gabara,scott_gabara@nps.gov,Echinoderms,Monitored,invertebrate
National Park Service Channel Islands,Strongylocentrotus purpuratus,Scott Gabara,scott_gabara@nps.gov,Echinoderms,Monitored,invertebrate
National Park Service Channel Islands,Abietinaria spp.,Scott Gabara,scott_gabara@nps.gov,Hydroids spp.,Monitored,invertebrate
National Park Service Channel Islands,Aglaophenia spp.,Scott Gabara,scott_gabara@nps.gov,Hydroids spp.,Monitored,invertebrate
National Park Service Channel Islands,Obelia spp.,Scott Gabara,scott_gabara@nps.gov,Hydroids spp.,Monitored,invertebrate
National Park Service Channel Islands,Plumularia spp.,Scott Gabara,scott_gabara@nps.gov,Hydroids spp.,Monitored,invertebrate
National Park Service Channel Islands,Stylaster californicus,Scott Gabara,scott_gabara@nps.gov,Hydrozoa,Monitored,invertebrate
National Park Service Channel Islands,Aplysia californica ,Scott Gabara,scott_gabara@nps.gov,Molluscs ,Monitored,invertebrate
National Park Service Channel Islands,Chaceia ovoidea,Scott Gabara,scott_gabara@nps.gov,Molluscs ,Monitored,invertebrate
National Park Service Channel Islands,Crassadoma gigantea,Scott Gabara,scott_gabara@nps.gov,Molluscs ,Monitored,invertebrate
National Park Service Channel Islands,Crossata californica,Scott Gabara,scott_gabara@nps.gov,Molluscs ,Monitored,invertebrate
National Park Service Channel Islands,Cryptochiton stelleri,Scott Gabara,scott_gabara@nps.gov,Molluscs ,Monitored,invertebrate
National Park Service Channel Islands,Enteroctopus dofleini,Scott Gabara,scott_gabara@nps.gov,Molluscs ,Monitored,invertebrate
National Park Service Channel Islands,Haliotis assimilis,Scott Gabara,scott_gabara@nps.gov,Molluscs ,Monitored,invertebrate
National Park Service Channel Islands,Haliotis corrugata,Scott Gabara,scott_gabara@nps.gov,Molluscs ,Monitored,invertebrate
National Park Service Channel Islands,Haliotis fulgens,Scott Gabara,scott_gabara@nps.gov,Molluscs ,Monitored,invertebrate
National Park Service Channel Islands,Haliotis rufescens ,Scott Gabara,scott_gabara@nps.gov,Molluscs ,Monitored,invertebrate
National Park Service Channel Islands,Haliotis sorenseni,Scott Gabara,scott_gabara@nps.gov,Molluscs ,Monitored,invertebrate
National Park Service Channel Islands,Kelletia kelletii ,Scott Gabara,scott_gabara@nps.gov,Molluscs ,Monitored,invertebrate
National Park Service Channel Islands,Megastraea undosa,Scott Gabara,scott_gabara@nps.gov,Molluscs ,Monitored,invertebrate
National Park Service Channel Islands,Megathura crenulata ,Scott Gabara,scott_gabara@nps.gov,Molluscs ,Monitored,invertebrate
National Park Service Channel Islands,Neobernaya spadicea,Scott Gabara,scott_gabara@nps.gov,Molluscs ,Monitored,invertebrate
National Park Service Channel Islands,Octopus bimaculatus,Scott Gabara,scott_gabara@nps.gov,Molluscs ,Monitored,invertebrate
National Park Service Channel Islands,Octopus rubescens,Scott Gabara,scott_gabara@nps.gov,Molluscs ,Monitored,invertebrate
National Park Service Channel Islands,Pomaulax gibberosus,Scott Gabara,scott_gabara@nps.gov,Molluscs ,Monitored,invertebrate
National Park Service Channel Islands,Tegula regina ,Scott Gabara,scott_gabara@nps.gov,Molluscs ,Monitored,invertebrate
National Park Service Channel Islands,Thylacodes squamigerus,Scott Gabara,scott_gabara@nps.gov,Molluscs ,Monitored,invertebrate
National Park Service Channel Islands,Acanthancora cyanocrypta,Scott Gabara,scott_gabara@nps.gov,Porifera,Monitored,invertebrate
National Park Service Channel Islands,Clathria pennata,Scott Gabara,scott_gabara@nps.gov,Porifera,Monitored,invertebrate
National Park Service Channel Islands,Haliclona permollis,Scott Gabara,scott_gabara@nps.gov,Porifera,Monitored,invertebrate
National Park Service Channel Islands,Leucandra losangelensis,Scott Gabara,scott_gabara@nps.gov,Porifera,Monitored,invertebrate
National Park Service Channel Islands,Leucilla nuttingi,Scott Gabara,scott_gabara@nps.gov,Porifera,Monitored,invertebrate
National Park Service Channel Islands,Leucosolenia elanor,Scott Gabara,scott_gabara@nps.gov,Porifera,Monitored,invertebrate
National Park Service Channel Islands,Plocamia karykina,Scott Gabara,scott_gabara@nps.gov,Porifera,Monitored,invertebrate
National Park Service Channel Islands,Polymastia pachymastia,Scott Gabara,scott_gabara@nps.gov,Porifera,Monitored,invertebrate
National Park Service Channel Islands,Polymastia pacifica,Scott Gabara,scott_gabara@nps.gov,Porifera,Monitored,invertebrate
National Park Service Channel Islands,Spheciospongia confoederata,Scott Gabara,scott_gabara@nps.gov,Porifera,Monitored,invertebrate
National Park Service Channel Islands,Tethya californiana,Scott Gabara,scott_gabara@nps.gov,Porifera,Monitored,invertebrate
National Park Service Channel Islands,Aplidium solidum,Scott Gabara,scott_gabara@nps.gov,Tunicate,Monitored,invertebrate
National Park Service Channel Islands,Aplidium sp.,Scott Gabara,scott_gabara@nps.gov,Tunicate,Monitored,invertebrate
National Park Service Channel Islands,Archidistoma psammion,Scott Gabara,scott_gabara@nps.gov,Tunicate,Monitored,invertebrate
National Park Service Channel Islands,Clavelina huntsmani,Scott Gabara,scott_gabara@nps.gov,Tunicate,Monitored,invertebrate
National Park Service Channel Islands,Cystodes lobatus,Scott Gabara,scott_gabara@nps.gov,Tunicate,Monitored,invertebrate
National Park Service Channel Islands,Pycnoclavella stanleyi,Scott Gabara,scott_gabara@nps.gov,Tunicate,Monitored,invertebrate
National Park Service Channel Islands,Styela montereyensis ,Scott Gabara,scott_gabara@nps.gov,Tunicate,Monitored,invertebrate