Example using CalCOFI,"** Note - if only common names are available, we can convert to scientific names although WORMS scientific names are appreciated",,,,,,,,,,,,,,,,,,,,,,,,
Project Request,Scientific Name,Point of Contact for Submission,Email,Group,Broad group,,,,,,,,,,,,,,,,,,,,
National Park Service Channel Islands,Alloclinus holderi,Scott Gabara,scott_gabara@nps.gov,island kelpfish,fish,,,,,,,,,,,,,,,,,,,,
National Park Service Channel Islands,Anarrhichthys ocellatus,Scott Gabara,scott_gabara@nps.gov,wolf eel,fish,,,,,,,,,,,,,,,,,,,,
National Park Service Channel Islands,Anisotremus davidsonii,Scott Gabara,scott_gabara@nps.gov,sargo,fish,,,,,,,,,,,,,,,,,,,,
National Park Service Channel Islands,Apogon atricaudus,Scott Gabara,scott_gabara@nps.gov,plain cardinalfish,fish,,,,,,,,,,,,,,,,,,,,
National Park Service Channel Islands,Apogon guadalupensis,Scott Gabara,scott_gabara@nps.gov,guadalupe cardinalfish,fish,,,,,,,,,,,,,,,,,,,,
National Park Service Channel Islands,Artedius corallinus,Scott Gabara,scott_gabara@nps.gov,coralline sculpin,fish,,,,,,,,,,,,,,,,,,,,
National Park Service Channel Islands,Artedius creaseri,Scott Gabara,scott_gabara@nps.gov,roughcheek sculpin,fish,,,,,,,,,,,,,,,,,,,,
National Park Service Channel Islands,Artedius harringtoni,Scott Gabara,scott_gabara@nps.gov,scalyhead sculpin,fish,,,,,,,,,,,,,,,,,,,,
National Park Service Channel Islands,Atherinops affinis,Scott Gabara,scott_gabara@nps.gov,top smelt,fish,,,,,,,,,,,,,,,,,,,,
National Park Service Channel Islands,Atherinopsis californiensis,Scott Gabara,scott_gabara@nps.gov,jack smelt,fish,,,,,,,,,,,,,,,,,,,,
National Park Service Channel Islands,Atractoscion nobilis,Scott Gabara,scott_gabara@nps.gov,white seabass,fish,,,,,,,,,,,,,,,,,,,,
National Park Service Channel Islands,Aulorhynchus flavidus,Scott Gabara,scott_gabara@nps.gov,tubesnout,fish,,,,,,,,,,,,,,,,,,,,
National Park Service Channel Islands,Azurina hirundo,Scott Gabara,scott_gabara@nps.gov,swallowtail damselfish,fish,,,,,,,,,,,,,,,,,,,,
National Park Service Channel Islands,Balistes polylepis,Scott Gabara,scott_gabara@nps.gov,finescale triggerfish,fish,,,,,,,,,,,,,,,,,,,,
National Park Service Channel Islands,Bathymasteridae,Scott Gabara,scott_gabara@nps.gov,ronquil spp.,fish,,,,,,,,,,,,,,,,,,,,
National Park Service Channel Islands,Brachyistius frenatus,Scott Gabara,scott_gabara@nps.gov,kelp surfperch,fish,,,,,,,,,,,,,,,,,,,,
National Park Service Channel Islands,Carcharodon carcharias,Scott Gabara,scott_gabara@nps.gov,white shark,fish,,,,,,,,,,,,,,,,,,,,
National Park Service Channel Islands,Caulolatilus princeps,Scott Gabara,scott_gabara@nps.gov,ocean whitefish,fish,,,,,,,,,,,,,,,,,,,,
National Park Service Channel Islands,Cebidichthys violaceus,Scott Gabara,scott_gabara@nps.gov,monkeyface prickleback,fish,,,,,,,,,,,,,,,,,,,,
National Park Service Channel Islands,Cephaloscyllium ventriosum,Scott Gabara,scott_gabara@nps.gov,swell shark,fish,,,,,,,,,,,,,,,,,,,,
National Park Service Channel Islands,Chaenopsis alepidota,Scott Gabara,scott_gabara@nps.gov,orangethroat pikeblenny,fish,,,,,,,,,,,,,,,,,,,,
National Park Service Channel Islands,Cheilotrema saturnum,Scott Gabara,scott_gabara@nps.gov,black croaker,fish,,,,,,,,,,,,,,,,,,,,
National Park Service Channel Islands,Chirolophis nugator,Scott Gabara,scott_gabara@nps.gov,mosshead warbonnet,fish,,,,,,,,,,,,,,,,,,,,
National Park Service Channel Islands,Chromis punctipinnis,Scott Gabara,scott_gabara@nps.gov,blacksmith,fish,,,,,,,,,,,,,,,,,,,,
National Park Service Channel Islands,Citharichthys stigmaeus,Scott Gabara,scott_gabara@nps.gov,speckled sanddab,fish,,,,,,,,,,,,,,,,,,,,
National Park Service Channel Islands,Cymatogaster aggregata,Scott Gabara,scott_gabara@nps.gov,shiner surfperch,fish,,,,,,,,,,,,,,,,,,,,
National Park Service Channel Islands,Embiotoca jacksoni,Scott Gabara,scott_gabara@nps.gov,black surfperch,fish,,,,,,,,,,,,,,,,,,,,
National Park Service Channel Islands,Embiotoca lateralis,Scott Gabara,scott_gabara@nps.gov,striped surfperch,fish,,,,,,,,,,,,,,,,,,,,
National Park Service Channel Islands,Engraulis mordax,Scott Gabara,scott_gabara@nps.gov,northern anchovy,fish,,,,,,,,,,,,,,,,,,,,
National Park Service Channel Islands,Galeorhinus galeus,Scott Gabara,scott_gabara@nps.gov,soupfin shark,fish,,,,,,,,,,,,,,,,,,,,
National Park Service Channel Islands,Gibbonsia elegans,Scott Gabara,scott_gabara@nps.gov,spotted kelpfish,fish,,,,,,,,,,,,,,,,,,,,
National Park Service Channel Islands,Gibbonsia montereyensis,Scott Gabara,scott_gabara@nps.gov,crevice kelpfish,fish,,,,,,,,,,,,,,,,,,,,
National Park Service Channel Islands,Girella nigricans,Scott Gabara,scott_gabara@nps.gov,opaleye,fish,,,,,,,,,,,,,,,,,,,,
National Park Service Channel Islands,Gymnothorax mordax,Scott Gabara,scott_gabara@nps.gov,California moray eel,fish,,,,,,,,,,,,,,,,,,,,
National Park Service Channel Islands,Halichoeres semicinctus,Scott Gabara,scott_gabara@nps.gov,rock wrasse,fish,,,,,,,,,,,,,,,,,,,,
National Park Service Channel Islands,Hermosilla azurea,Scott Gabara,scott_gabara@nps.gov,zebra perch,fish,,,,,,,,,,,,,,,,,,,,
National Park Service Channel Islands,Heterodontus francisci,Scott Gabara,scott_gabara@nps.gov,horn shark,fish,,,,,,,,,,,,,,,,,,,,
National Park Service Channel Islands,Heterostichus rostratus,Scott Gabara,scott_gabara@nps.gov,giant kelpfish,fish,,,,,,,,,,,,,,,,,,,,
National Park Service Channel Islands,Hexagrammos decagrammus,Scott Gabara,scott_gabara@nps.gov,kelp greenling,fish,,,,,,,,,,,,,,,,,,,,
National Park Service Channel Islands,Hexagrammos lagocephalus,Scott Gabara,scott_gabara@nps.gov,rock greenling,fish,,,,,,,,,,,,,,,,,,,,
National Park Service Channel Islands,Hyperprosopon anale,Scott Gabara,scott_gabara@nps.gov,spotfin surfperch,fish,,,,,,,,,,,,,,,,,,,,
National Park Service Channel Islands,Hyperprosopon argenteum,Scott Gabara,scott_gabara@nps.gov,walleye surfperch,fish,,,,,,,,,,,,,,,,,,,,
National Park Service Channel Islands,Hypsurus caryi,Scott Gabara,scott_gabara@nps.gov,rainbow surfperch,fish,,,,,,,,,,,,,,,,,,,,
National Park Service Channel Islands,Hypsypops rubicundus,Scott Gabara,scott_gabara@nps.gov,garibaldi,fish,,,,,,,,,,,,,,,,,,,,
National Park Service Channel Islands,Icelinus tenuis,Scott Gabara,scott_gabara@nps.gov,spotfin sculpin,fish,,,,,,,,,,,,,,,,,,,,
National Park Service Channel Islands,Leiocottus hirundo,Scott Gabara,scott_gabara@nps.gov,lavender sculpin,fish,,,,,,,,,,,,,,,,,,,,
National Park Service Channel Islands,Lythrypnus dalli,Scott Gabara,scott_gabara@nps.gov,blue-banded goby,fish,,,,,,,,,,,,,,,,,,,,
National Park Service Channel Islands,Lythrypnus zebra,Scott Gabara,scott_gabara@nps.gov,zebra goby,fish,,,,,,,,,,,,,,,,,,,,
National Park Service Channel Islands,Medialuna californiensis,Scott Gabara,scott_gabara@nps.gov,halfmoon,fish,,,,,,,,,,,,,,,,,,,,
National Park Service Channel Islands,Mola mola,Scott Gabara,scott_gabara@nps.gov,ocean sunfish,fish,,,,,,,,,,,,,,,,,,,,
National Park Service Channel Islands,Myliobatis californica,Scott Gabara,scott_gabara@nps.gov,bat ray,fish,,,,,,,,,,,,,,,,,,,,
National Park Service Channel Islands,Nautichthys oculofasciatus,Scott Gabara,scott_gabara@nps.gov,sailfin sculpin,fish,,,,,,,,,,,,,,,,,,,,
National Park Service Channel Islands,Neoclinus blanchardi,Scott Gabara,scott_gabara@nps.gov,sarcastic fringehead,fish,,,,,,,,,,,,,,,,,,,,
National Park Service Channel Islands,Neoclinus stephensae,Scott Gabara,scott_gabara@nps.gov,yellowfin fringehead,fish,,,,,,,,,,,,,,,,,,,,
National Park Service Channel Islands,Neoclinus uninotatus,Scott Gabara,scott_gabara@nps.gov,onespot fringehead,fish,,,,,,,,,,,,,,,,,,,,
National Park Service Channel Islands,Notorynchus cepedianus,Scott Gabara,scott_gabara@nps.gov,broadnose sevengill shark,fish,,,,,,,,,,,,,,,,,,,,
National Park Service Channel Islands,Ophiodon elongatus,Scott Gabara,scott_gabara@nps.gov,lingcod,fish,,,,,,,,,,,,,,,,,,,,
National Park Service Channel Islands,Orthonopias triacis,Scott Gabara,scott_gabara@nps.gov,snubnose sculpin,fish,,,,,,,,,,,,,,,,,,,,
National Park Service Channel Islands,Oxyjulis californica,Scott Gabara,scott_gabara@nps.gov,señorita,fish,,,,,,,,,,,,,,,,,,,,
National Park Service Channel Islands,Oxylebius pictus,Scott Gabara,scott_gabara@nps.gov,painted greenling,fish,,,,,,,,,,,,,,,,,,,,
National Park Service Channel Islands,Paralabrax clathratus,Scott Gabara,scott_gabara@nps.gov,kelp bass,fish,,,,,,,,,,,,,,,,,,,,
National Park Service Channel Islands,Paralabrax nebulifer,Scott Gabara,scott_gabara@nps.gov,barred sand bass,fish,,,,,,,,,,,,,,,,,,,,
National Park Service Channel Islands,Paralichthys californicus,Scott Gabara,scott_gabara@nps.gov,California halibut,fish,,,,,,,,,,,,,,,,,,,,
National Park Service Channel Islands,Phanerodon atripes,Scott Gabara,scott_gabara@nps.gov,sharpnose surfperch,fish,,,,,,,,,,,,,,,,,,,,
National Park Service Channel Islands,Phanerodon furcatus,Scott Gabara,scott_gabara@nps.gov,white surfperch,fish,,,,,,,,,,,,,,,,,,,,
National Park Service Channel Islands,Platyrhinoidis triseriata,Scott Gabara,scott_gabara@nps.gov,thornback ray,fish,,,,,,,,,,,,,,,,,,,,
National Park Service Channel Islands,Pleuronichthys coenosus,Scott Gabara,scott_gabara@nps.gov,c-o turbot,fish,,,,,,,,,,,,,,,,,,,,
National Park Service Channel Islands,Porichthys notatus,Scott Gabara,scott_gabara@nps.gov,plainfin midshipman,fish,,,,,,,,,,,,,,,,,,,,
National Park Service Channel Islands,Prionace glauca,Scott Gabara,scott_gabara@nps.gov,blue shark,fish,,,,,,,,,,,,,,,,,,,,
National Park Service Channel Islands,Rathbunella hypoplecta,Scott Gabara,scott_gabara@nps.gov,stripedfin ronquil,fish,,,,,,,,,,,,,,,,,,,,
National Park Service Channel Islands,Rhacochilus toxotes,Scott Gabara,scott_gabara@nps.gov,rubberlip surfperch,fish,,,,,,,,,,,,,,,,,,,,
National Park Service Channel Islands,Rhacochilus vacca,Scott Gabara,scott_gabara@nps.gov,pile perch,fish,,,,,,,,,,,,,,,,,,,,
National Park Service Channel Islands,Rhinogobiops nicholsii,Scott Gabara,scott_gabara@nps.gov,blackeye goby,fish,,,,,,,,,,,,,,,,,,,,
National Park Service Channel Islands,Ronquilus jordani,Scott Gabara,scott_gabara@nps.gov,northern ronquil,fish,,,,,,,,,,,,,,,,,,,,
National Park Service Channel Islands,Sarda chiliensis,Scott Gabara,scott_gabara@nps.gov,Pacific bonito,fish,,,,,,,,,,,,,,,,,,,,
National Park Service Channel Islands,Sardinops sagax,Scott Gabara,scott_gabara@nps.gov,Pacific sardine,fish,,,,,,,,,,,,,,,,,,,,
National Park Service Channel Islands,Scomber japonicus,Scott Gabara,scott_gabara@nps.gov,Pacific mackerel,fish,,,,,,,,,,,,,,,,,,,,
National Park Service Channel Islands,Scorpaena guttata,Scott Gabara,scott_gabara@nps.gov,California scorpionfish,fish,,,,,,,,,,,,,,,,,,,,
National Park Service Channel Islands,Scorpaenichthys marmoratus,Scott Gabara,scott_gabara@nps.gov,cabezon,fish,,,,,,,,,,,,,,,,,,,,
National Park Service Channel Islands,Sebastes atrovirens,Scott Gabara,scott_gabara@nps.gov,kelp rockfish,fish,,,,,,,,,,,,,,,,,,,,
National Park Service Channel Islands,Sebastes atrovirens/carnatus/caurinus/chrysomelas,Scott Gabara,scott_gabara@nps.gov,KGB(C) complex,fish,,,,,,,,,,,,,,,,,,,,
National Park Service Channel Islands,Sebastes auriculatus,Scott Gabara,scott_gabara@nps.gov,brown rockfish,fish,,,,,,,,,,,,,,,,,,,,
National Park Service Channel Islands,Sebastes carnatus,Scott Gabara,scott_gabara@nps.gov,gopher rockfish,fish,,,,,,,,,,,,,,,,,,,,
National Park Service Channel Islands,Sebastes caurinus,Scott Gabara,scott_gabara@nps.gov,copper rockfish,fish,,,,,,,,,,,,,,,,,,,,
National Park Service Channel Islands,Sebastes chrysomelas,Scott Gabara,scott_gabara@nps.gov,black and yellow rockfish,fish,,,,,,,,,,,,,,,,,,,,
National Park Service Channel Islands,Sebastes dallii,Scott Gabara,scott_gabara@nps.gov,calico rockfish,fish,,,,,,,,,,,,,,,,,,,,
National Park Service Channel Islands,Sebastes diploproa,Scott Gabara,scott_gabara@nps.gov,splitnose rockfish,fish,,,,,,,,,,,,,,,,,,,,
National Park Service Channel Islands,Sebastes entomelas,Scott Gabara,scott_gabara@nps.gov,widow rockfish,fish,,,,,,,,,,,,,,,,,,,,
National Park Service Channel Islands,Sebastes flavidus,Scott Gabara,scott_gabara@nps.gov,yellowtail rockfish,fish,,,,,,,,,,,,,,,,,,,,
National Park Service Channel Islands,Sebastes hopkinsi,Scott Gabara,scott_gabara@nps.gov,squarespot rockfish,fish,,,,,,,,,,,,,,,,,,,,
National Park Service Channel Islands,Sebastes melanops,Scott Gabara,scott_gabara@nps.gov,black rockfish,fish,,,,,,,,,,,,,,,,,,,,
National Park Service Channel Islands,Sebastes miniatus,Scott Gabara,scott_gabara@nps.gov,vermillion rockfish,fish,,,,,,,,,,,,,,,,,,,,
National Park Service Channel Islands,Sebastes mystinus,Scott Gabara,scott_gabara@nps.gov,blue rockfish,fish,,,,,,,,,,,,,,,,,,,,
National Park Service Channel Islands,Sebastes paucispinis,Scott Gabara,scott_gabara@nps.gov,bocaccio,fish,,,,,,,,,,,,,,,,,,,,
National Park Service Channel Islands,Sebastes pinniger,Scott Gabara,scott_gabara@nps.gov,canary rockfish,fish,,,,,,,,,,,,,,,,,,,,
National Park Service Channel Islands,Sebastes rastrelliger,Scott Gabara,scott_gabara@nps.gov,grass rockfish,fish,,,,,,,,,,,,,,,,,,,,
National Park Service Channel Islands,Sebastes rosaceus,Scott Gabara,scott_gabara@nps.gov,rosy rockfish,fish,,,,,,,,,,,,,,,,,,,,
National Park Service Channel Islands,Sebastes saxicola,Scott Gabara,scott_gabara@nps.gov,stripetail rockfish,fish,,,,,,,,,,,,,,,,,,,,
National Park Service Channel Islands,Sebastes semicinctus,Scott Gabara,scott_gabara@nps.gov,halfbanded rockfish,fish,,,,,,,,,,,,,,,,,,,,
National Park Service Channel Islands,Sebastes serranoides,Scott Gabara,scott_gabara@nps.gov,olive rockfish,fish,,,,,,,,,,,,,,,,,,,,
National Park Service Channel Islands,Sebastes serriceps,Scott Gabara,scott_gabara@nps.gov,treefish,fish,,,,,,,,,,,,,,,,,,,,
National Park Service Channel Islands,Semicossyphus pulcher,Scott Gabara,scott_gabara@nps.gov,California sheephead,fish,,,,,,,,,,,,,,,,,,,,
National Park Service Channel Islands,Seriola lalandi,Scott Gabara,scott_gabara@nps.gov,yellowtail,fish,,,,,,,,,,,,,,,,,,,,
National Park Service Channel Islands,Sphyraena argentea,Scott Gabara,scott_gabara@nps.gov,Pacific barracuda,fish,,,,,,,,,,,,,,,,,,,,
National Park Service Channel Islands,Squatina californica,Scott Gabara,scott_gabara@nps.gov,Pacific angel shark,fish,,,,,,,,,,,,,,,,,,,,
National Park Service Channel Islands,Stereolepis gigas,Scott Gabara,scott_gabara@nps.gov,giant black sea bass,fish,,,,,,,,,,,,,,,,,,,,
National Park Service Channel Islands,Stichaeidae,Scott Gabara,scott_gabara@nps.gov,prickleback spp.,fish,,,,,,,,,,,,,,,,,,,,
National Park Service Channel Islands,Syngnathus spp.,Scott Gabara,scott_gabara@nps.gov,pipefish spp.,fish,,,,,,,,,,,,,,,,,,,,
National Park Service Channel Islands,Trachurus symmetricus,Scott Gabara,scott_gabara@nps.gov,jack mackerel,fish,,,,,,,,,,,,,,,,,,,,
National Park Service Channel Islands,Triakis semifasciata,Scott Gabara,scott_gabara@nps.gov,leopard shark,fish,,,,,,,,,,,,,,,,,,,,
National Park Service Channel Islands,Xystreurys liolepis,Scott Gabara,scott_gabara@nps.gov,fantail sole,fish,,,,,,,,,,,,,,,,,,,,
National Park Service Channel Islands,Chaetopterus sp.,Scott Gabara,scott_gabara@nps.gov,Annelida/Polychaeta,invertebrate,,,,,,,,,,,,,,,,,,,,
National Park Service Channel Islands,Diopatra ornata,Scott Gabara,scott_gabara@nps.gov,Annelida/Polychaeta,invertebrate,,,,,,,,,,,,,,,,,,,,
National Park Service Channel Islands,Dodecaceria concharum,Scott Gabara,scott_gabara@nps.gov,Annelida/Polychaeta,invertebrate,,,,,,,,,,,,,,,,,,,,
National Park Service Channel Islands,Dodecaceria fewkesi,Scott Gabara,scott_gabara@nps.gov,Annelida/Polychaeta,invertebrate,,,,,,,,,,,,,,,,,,,,
National Park Service Channel Islands,Eudistylia polymorpha,Scott Gabara,scott_gabara@nps.gov,Annelida/Polychaeta,invertebrate,,,,,,,,,,,,,,,,,,,,
National Park Service Channel Islands,Phragmatopoma californica ,Scott Gabara,scott_gabara@nps.gov,Annelida/Polychaeta,invertebrate,,,,,,,,,,,,,,,,,,,,
National Park Service Channel Islands,Pista elongata,Scott Gabara,scott_gabara@nps.gov,Annelida/Polychaeta,invertebrate,,,,,,,,,,,,,,,,,,,,
National Park Service Channel Islands,Salmacina tribranchiata,Scott Gabara,scott_gabara@nps.gov,Annelida/Polychaeta,invertebrate,,,,,,,,,,,,,,,,,,,,
National Park Service Channel Islands,Spirobranchus spinosus,Scott Gabara,scott_gabara@nps.gov,Annelida/Polychaeta,invertebrate,,,,,,,,,,,,,,,,,,,,
National Park Service Channel Islands,Anthopleura artemisia,Scott Gabara,scott_gabara@nps.gov,Anthozoa,invertebrate,,,,,,,,,,,,,,,,,,,,
National Park Service Channel Islands,Anthopleura elegantissima,Scott Gabara,scott_gabara@nps.gov,Anthozoa,invertebrate,,,,,,,,,,,,,,,,,,,,
National Park Service Channel Islands,Anthopleura sola,Scott Gabara,scott_gabara@nps.gov,Anthozoa,invertebrate,,,,,,,,,,,,,,,,,,,,
National Park Service Channel Islands,Anthopleura xanthogrammica   ,Scott Gabara,scott_gabara@nps.gov,Anthozoa,invertebrate,,,,,,,,,,,,,,,,,,,,
National Park Service Channel Islands,Astrangia haimei,Scott Gabara,scott_gabara@nps.gov,Anthozoa,invertebrate,,,,,,,,,,,,,,,,,,,,
National Park Service Channel Islands,Balanophyllia elegans,Scott Gabara,scott_gabara@nps.gov,Anthozoa,invertebrate,,,,,,,,,,,,,,,,,,,,
National Park Service Channel Islands,Corynactis californica,Scott Gabara,scott_gabara@nps.gov,Anthozoa,invertebrate,,,,,,,,,,,,,,,,,,,,
National Park Service Channel Islands,Eugorgia rubens,Scott Gabara,scott_gabara@nps.gov,Anthozoa,invertebrate,,,,,,,,,,,,,,,,,,,,
National Park Service Channel Islands,Lophogorgia chilensis ,Scott Gabara,scott_gabara@nps.gov,Anthozoa,invertebrate,,,,,,,,,,,,,,,,,,,,
National Park Service Channel Islands,Metridium senile,Scott Gabara,scott_gabara@nps.gov,Anthozoa,invertebrate,,,,,,,,,,,,,,,,,,,,
National Park Service Channel Islands,Metridium spp. ,Scott Gabara,scott_gabara@nps.gov,Anthozoa,invertebrate,,,,,,,,,,,,,,,,,,,,
National Park Service Channel Islands,Muricea farcimen,Scott Gabara,scott_gabara@nps.gov,Anthozoa,invertebrate,,,,,,,,,,,,,,,,,,,,
National Park Service Channel Islands,Muricea fruticosa,Scott Gabara,scott_gabara@nps.gov,Anthozoa,invertebrate,,,,,,,,,,,,,,,,,,,,
National Park Service Channel Islands,Urticina columbiana,Scott Gabara,scott_gabara@nps.gov,Anthozoa,invertebrate,,,,,,,,,,,,,,,,,,,,
National Park Service Channel Islands,Urticina coriacea,Scott Gabara,scott_gabara@nps.gov,Anthozoa,invertebrate,,,,,,,,,,,,,,,,,,,,
National Park Service Channel Islands,Urticina crassicornis,Scott Gabara,scott_gabara@nps.gov,Anthozoa,invertebrate,,,,,,,,,,,,,,,,,,,,
National Park Service Channel Islands,Urticina lofotensis,Scott Gabara,scott_gabara@nps.gov,Anthozoa,invertebrate,,,,,,,,,,,,,,,,,,,,
National Park Service Channel Islands,Urticina piscivora,Scott Gabara,scott_gabara@nps.gov,Anthozoa,invertebrate,,,,,,,,,,,,,,,,,,,,
National Park Service Channel Islands,Balanus nubilus,Scott Gabara,scott_gabara@nps.gov,Arthropoda/Crustacea,invertebrate,,,,,,,,,,,,,,,,,,,,
National Park Service Channel Islands,Cancer sp. ,Scott Gabara,scott_gabara@nps.gov,Arthropoda/Crustacea,invertebrate,,,,,,,,,,,,,,,,,,,,
National Park Service Channel Islands,Panulirus interruptus,Scott Gabara,scott_gabara@nps.gov,Arthropoda/Crustacea,invertebrate,,,,,,,,,,,,,,,,,,,,
National Park Service Channel Islands,Bugula californica,Scott Gabara,scott_gabara@nps.gov,Bryozoa,invertebrate,,,,,,,,,,,,,,,,,,,,
National Park Service Channel Islands,Bugula neritina,Scott Gabara,scott_gabara@nps.gov,Bryozoa,invertebrate,,,,,,,,,,,,,,,,,,,,
National Park Service Channel Islands,Celleporella sp.,Scott Gabara,scott_gabara@nps.gov,Bryozoa,invertebrate,,,,,,,,,,,,,,,,,,,,
National Park Service Channel Islands,Costazia costazii,Scott Gabara,scott_gabara@nps.gov,Bryozoa,invertebrate,,,,,,,,,,,,,,,,,,,,
National Park Service Channel Islands,Diaperoecia californica,Scott Gabara,scott_gabara@nps.gov,Bryozoa,invertebrate,,,,,,,,,,,,,,,,,,,,
National Park Service Channel Islands,Disporella separata,Scott Gabara,scott_gabara@nps.gov,Bryozoa,invertebrate,,,,,,,,,,,,,,,,,,,,
National Park Service Channel Islands,Heteropora pacifica,Scott Gabara,scott_gabara@nps.gov,Bryozoa,invertebrate,,,,,,,,,,,,,,,,,,,,
National Park Service Channel Islands,Hipporina mexicana,Scott Gabara,scott_gabara@nps.gov,Bryozoa,invertebrate,,,,,,,,,,,,,,,,,,,,
National Park Service Channel Islands,Membranipora villosa,Scott Gabara,scott_gabara@nps.gov,Bryozoa,invertebrate,,,,,,,,,,,,,,,,,,,,
National Park Service Channel Islands,Phidolopora labiata,Scott Gabara,scott_gabara@nps.gov,Bryozoa,invertebrate,,,,,,,,,,,,,,,,,,,,
National Park Service Channel Islands,Thalamoporella california,Scott Gabara,scott_gabara@nps.gov,Bryozoa,invertebrate,,,,,,,,,,,,,,,,,,,,
National Park Service Channel Islands,Watersipora subatra,Scott Gabara,scott_gabara@nps.gov,Bryozoa,invertebrate,,,,,,,,,,,,,,,,,,,,
National Park Service Channel Islands,Watersipora subtorquata,Scott Gabara,scott_gabara@nps.gov,Bryozoa,invertebrate,,,,,,,,,,,,,,,,,,,,
National Park Service Channel Islands,Apostichopus californicus ,Scott Gabara,scott_gabara@nps.gov,Echinoderms,invertebrate,,,,,,,,,,,,,,,,,,,,
National Park Service Channel Islands,Apostichopus parvimensis,Scott Gabara,scott_gabara@nps.gov,Echinoderms,invertebrate,,,,,,,,,,,,,,,,,,,,
National Park Service Channel Islands,Arbacia stellata ,Scott Gabara,scott_gabara@nps.gov,Echinoderms,invertebrate,,,,,,,,,,,,,,,,,,,,
National Park Service Channel Islands,Centrostephanus coronatus,Scott Gabara,scott_gabara@nps.gov,Echinoderms,invertebrate,,,,,,,,,,,,,,,,,,,,
National Park Service Channel Islands,Cucumaria miniata,Scott Gabara,scott_gabara@nps.gov,Echinoderms,invertebrate,,,,,,,,,,,,,,,,,,,,
National Park Service Channel Islands,Cucumaria piperata,Scott Gabara,scott_gabara@nps.gov,Echinoderms,invertebrate,,,,,,,,,,,,,,,,,,,,
National Park Service Channel Islands,Cucumaria salma,Scott Gabara,scott_gabara@nps.gov,Echinoderms,invertebrate,,,,,,,,,,,,,,,,,,,,
National Park Service Channel Islands,Dermasterias imbricata,Scott Gabara,scott_gabara@nps.gov,Echinoderms,invertebrate,,,,,,,,,,,,,,,,,,,,
National Park Service Channel Islands,Linckia columbiae,Scott Gabara,scott_gabara@nps.gov,Echinoderms,invertebrate,,,,,,,,,,,,,,,,,,,,
National Park Service Channel Islands,Lytechinus pictus,Scott Gabara,scott_gabara@nps.gov,Echinoderms,invertebrate,,,,,,,,,,,,,,,,,,,,
National Park Service Channel Islands,Mesocentrotus franciscanus,Scott Gabara,scott_gabara@nps.gov,Echinoderms,invertebrate,,,,,,,,,,,,,,,,,,,,
National Park Service Channel Islands,Ophiothrix spiculata,Scott Gabara,scott_gabara@nps.gov,Echinoderms,invertebrate,,,,,,,,,,,,,,,,,,,,
National Park Service Channel Islands,Pachythyone rubra,Scott Gabara,scott_gabara@nps.gov,Echinoderms,invertebrate,,,,,,,,,,,,,,,,,,,,
National Park Service Channel Islands,Patiria miniata ,Scott Gabara,scott_gabara@nps.gov,Echinoderms,invertebrate,,,,,,,,,,,,,,,,,,,,
National Park Service Channel Islands,Pisaster giganteus,Scott Gabara,scott_gabara@nps.gov,Echinoderms,invertebrate,,,,,,,,,,,,,,,,,,,,
National Park Service Channel Islands,Pisaster ochraceus,Scott Gabara,scott_gabara@nps.gov,Echinoderms,invertebrate,,,,,,,,,,,,,,,,,,,,
National Park Service Channel Islands,Pycnopodia helianthoides ,Scott Gabara,scott_gabara@nps.gov,Echinoderms,invertebrate,,,,,,,,,,,,,,,,,,,,
National Park Service Channel Islands,Strongylocentrotus purpuratus,Scott Gabara,scott_gabara@nps.gov,Echinoderms,invertebrate,,,,,,,,,,,,,,,,,,,,
National Park Service Channel Islands,Abietinaria spp.,Scott Gabara,scott_gabara@nps.gov,Hydroids spp.,invertebrate,,,,,,,,,,,,,,,,,,,,
National Park Service Channel Islands,Aglaophenia spp.,Scott Gabara,scott_gabara@nps.gov,Hydroids spp.,invertebrate,,,,,,,,,,,,,,,,,,,,
National Park Service Channel Islands,Obelia spp.,Scott Gabara,scott_gabara@nps.gov,Hydroids spp.,invertebrate,,,,,,,,,,,,,,,,,,,,
National Park Service Channel Islands,Plumularia spp.,Scott Gabara,scott_gabara@nps.gov,Hydroids spp.,invertebrate,,,,,,,,,,,,,,,,,,,,
National Park Service Channel Islands,Stylaster californicus,Scott Gabara,scott_gabara@nps.gov,Hydrozoa,invertebrate,,,,,,,,,,,,,,,,,,,,
National Park Service Channel Islands,Aplysia californica ,Scott Gabara,scott_gabara@nps.gov,Molluscs ,invertebrate,,,,,,,,,,,,,,,,,,,,
National Park Service Channel Islands,Chaceia ovoidea,Scott Gabara,scott_gabara@nps.gov,Molluscs ,invertebrate,,,,,,,,,,,,,,,,,,,,
National Park Service Channel Islands,Crassadoma gigantea,Scott Gabara,scott_gabara@nps.gov,Molluscs ,invertebrate,,,,,,,,,,,,,,,,,,,,
National Park Service Channel Islands,Crossata californica,Scott Gabara,scott_gabara@nps.gov,Molluscs ,invertebrate,,,,,,,,,,,,,,,,,,,,
National Park Service Channel Islands,Cryptochiton stelleri,Scott Gabara,scott_gabara@nps.gov,Molluscs ,invertebrate,,,,,,,,,,,,,,,,,,,,
National Park Service Channel Islands,Enteroctopus dofleini,Scott Gabara,scott_gabara@nps.gov,Molluscs ,invertebrate,,,,,,,,,,,,,,,,,,,,
National Park Service Channel Islands,Haliotis assimilis,Scott Gabara,scott_gabara@nps.gov,Molluscs ,invertebrate,,,,,,,,,,,,,,,,,,,,
National Park Service Channel Islands,Haliotis corrugata,Scott Gabara,scott_gabara@nps.gov,Molluscs ,invertebrate,,,,,,,,,,,,,,,,,,,,
National Park Service Channel Islands,Haliotis fulgens,Scott Gabara,scott_gabara@nps.gov,Molluscs ,invertebrate,,,,,,,,,,,,,,,,,,,,
National Park Service Channel Islands,Haliotis rufescens ,Scott Gabara,scott_gabara@nps.gov,Molluscs ,invertebrate,,,,,,,,,,,,,,,,,,,,
National Park Service Channel Islands,Haliotis sorenseni,Scott Gabara,scott_gabara@nps.gov,Molluscs ,invertebrate,,,,,,,,,,,,,,,,,,,,
National Park Service Channel Islands,Kelletia kelletii ,Scott Gabara,scott_gabara@nps.gov,Molluscs ,invertebrate,,,,,,,,,,,,,,,,,,,,
National Park Service Channel Islands,Megastraea undosa,Scott Gabara,scott_gabara@nps.gov,Molluscs ,invertebrate,,,,,,,,,,,,,,,,,,,,
National Park Service Channel Islands,Megathura crenulata ,Scott Gabara,scott_gabara@nps.gov,Molluscs ,invertebrate,,,,,,,,,,,,,,,,,,,,
National Park Service Channel Islands,Neobernaya spadicea,Scott Gabara,scott_gabara@nps.gov,Molluscs ,invertebrate,,,,,,,,,,,,,,,,,,,,
National Park Service Channel Islands,Octopus bimaculatus,Scott Gabara,scott_gabara@nps.gov,Molluscs ,invertebrate,,,,,,,,,,,,,,,,,,,,
National Park Service Channel Islands,Octopus rubescens,Scott Gabara,scott_gabara@nps.gov,Molluscs ,invertebrate,,,,,,,,,,,,,,,,,,,,
National Park Service Channel Islands,Pomaulax gibberosus,Scott Gabara,scott_gabara@nps.gov,Molluscs ,invertebrate,,,,,,,,,,,,,,,,,,,,
National Park Service Channel Islands,Tegula regina ,Scott Gabara,scott_gabara@nps.gov,Molluscs ,invertebrate,,,,,,,,,,,,,,,,,,,,
National Park Service Channel Islands,Thylacodes squamigerus,Scott Gabara,scott_gabara@nps.gov,Molluscs ,invertebrate,,,,,,,,,,,,,,,,,,,,
National Park Service Channel Islands,Acanthancora cyanocrypta,Scott Gabara,scott_gabara@nps.gov,Porifera,invertebrate,,,,,,,,,,,,,,,,,,,,
National Park Service Channel Islands,Clathria pennata,Scott Gabara,scott_gabara@nps.gov,Porifera,invertebrate,,,,,,,,,,,,,,,,,,,,
National Park Service Channel Islands,Haliclona permollis,Scott Gabara,scott_gabara@nps.gov,Porifera,invertebrate,,,,,,,,,,,,,,,,,,,,
National Park Service Channel Islands,Leucandra losangelensis,Scott Gabara,scott_gabara@nps.gov,Porifera,invertebrate,,,,,,,,,,,,,,,,,,,,
National Park Service Channel Islands,Leucilla nuttingi,Scott Gabara,scott_gabara@nps.gov,Porifera,invertebrate,,,,,,,,,,,,,,,,,,,,
National Park Service Channel Islands,Leucosolenia elanor,Scott Gabara,scott_gabara@nps.gov,Porifera,invertebrate,,,,,,,,,,,,,,,,,,,,
National Park Service Channel Islands,Plocamia karykina,Scott Gabara,scott_gabara@nps.gov,Porifera,invertebrate,,,,,,,,,,,,,,,,,,,,
National Park Service Channel Islands,Polymastia pachymastia,Scott Gabara,scott_gabara@nps.gov,Porifera,invertebrate,,,,,,,,,,,,,,,,,,,,
National Park Service Channel Islands,Polymastia pacifica,Scott Gabara,scott_gabara@nps.gov,Porifera,invertebrate,,,,,,,,,,,,,,,,,,,,
National Park Service Channel Islands,Spheciospongia confoederata,Scott Gabara,scott_gabara@nps.gov,Porifera,invertebrate,,,,,,,,,,,,,,,,,,,,
National Park Service Channel Islands,Tethya californiana,Scott Gabara,scott_gabara@nps.gov,Porifera,invertebrate,,,,,,,,,,,,,,,,,,,,
National Park Service Channel Islands,Aplidium solidum,Scott Gabara,scott_gabara@nps.gov,Tunicate,invertebrate,,,,,,,,,,,,,,,,,,,,
National Park Service Channel Islands,Aplidium sp.,Scott Gabara,scott_gabara@nps.gov,Tunicate,invertebrate,,,,,,,,,,,,,,,,,,,,
National Park Service Channel Islands,Archidistoma psammion,Scott Gabara,scott_gabara@nps.gov,Tunicate,invertebrate,,,,,,,,,,,,,,,,,,,,
National Park Service Channel Islands,Clavelina huntsmani,Scott Gabara,scott_gabara@nps.gov,Tunicate,invertebrate,,,,,,,,,,,,,,,,,,,,
National Park Service Channel Islands,Cystodes lobatus,Scott Gabara,scott_gabara@nps.gov,Tunicate,invertebrate,,,,,,,,,,,,,,,,,,,,
National Park Service Channel Islands,Pycnoclavella stanleyi,Scott Gabara,scott_gabara@nps.gov,Tunicate,invertebrate,,,,,,,,,,,,,,,,,,,,
National Park Service Channel Islands,Styela montereyensis ,Scott Gabara,scott_gabara@nps.gov,Tunicate,invertebrate,,,,,,,,,,,,,,,,,,,,
,,,,,,,,,,,,,,,,,,,,,,,,,
,,,,,,,,,,,,,,,,,,,,,,,,,
,,,,,,,,,,,,,,,,,,,,,,,,,
,,,,,,,,,,,,,,,,,,,,,,,,,
,,,,,,,,,,,,,,,,,,,,,,,,,
,,,,,,,,,,,,,,,,,,,,,,,,,
,,,,,,,,,,,,,,,,,,,,,,,,,
,,,,,,,,,,,,,,,,,,,,,,,,,
,,,,,,,,,,,,,,,,,,,,,,,,,
,,,,,,,,,,,,,,,,,,,,,,,,,
,,,,,,,,,,,,,,,,,,,,,,,,,
,,,,,,,,,,,,,,,,,,,,,,,,,
,,,,,,,,,,,,,,,,,,,,,,,,,
,,,,,,,,,,,,,,,,,,,,,,,,,
,,,,,,,,,,,,,,,,,,,,,,,,,
,,,,,,,,,,,,,,,,,,,,,,,,,
,,,,,,,,,,,,,,,,,,,,,,,,,
,,,,,,,,,,,,,,,,,,,,,,,,,
,,,,,,,,,,,,,,,,,,,,,,,,,
,,,,,,,,,,,,,,,,,,,,,,,,,
,,,,,,,,,,,,,,,,,,,,,,,,,
,,,,,,,,,,,,,,,,,,,,,,,,,
,,,,,,,,,,,,,,,,,,,,,,,,,
,,,,,,,,,,,,,,,,,,,,,,,,,
,,,,,,,,,,,,,,,,,,,,,,,,,
,,,,,,,,,,,,,,,,,,,,,,,,,
,,,,,,,,,,,,,,,,,,,,,,,,,
,,,,,,,,,,,,,,,,,,,,,,,,,
,,,,,,,,,,,,,,,,,,,,,,,,,
,,,,,,,,,,,,,,,,,,,,,,,,,
,,,,,,,,,,,,,,,,,,,,,,,,,
,,,,,,,,,,,,,,,,,,,,,,,,,
,,,,,,,,,,,,,,,,,,,,,,,,,
,,,,,,,,,,,,,,,,,,,,,,,,,
,,,,,,,,,,,,,,,,,,,,,,,,,
,,,,,,,,,,,,,,,,,,,,,,,,,
,,,,,,,,,,,,,,,,,,,,,,,,,
,,,,,,,,,,,,,,,,,,,,,,,,,
,,,,,,,,,,,,,,,,,,,,,,,,,
,,,,,,,,,,,,,,,,,,,,,,,,,
,,,,,,,,,,,,,,,,,,,,,,,,,
,,,,,,,,,,,,,,,,,,,,,,,,,
,,,,,,,,,,,,,,,,,,,,,,,,,
,,,,,,,,,,,,,,,,,,,,,,,,,
,,,,,,,,,,,,,,,,,,,,,,,,,
,,,,,,,,,,,,,,,,,,,,,,,,,
,,,,,,,,,,,,,,,,,,,,,,,,,
,,,,,,,,,,,,,,,,,,,,,,,,,
,,,,,,,,,,,,,,,,,,,,,,,,,
,,,,,,,,,,,,,,,,,,,,,,,,,
,,,,,,,,,,,,,,,,,,,,,,,,,
,,,,,,,,,,,,,,,,,,,,,,,,,
,,,,,,,,,,,,,,,,,,,,,,,,,
,,,,,,,,,,,,,,,,,,,,,,,,,
,,,,,,,,,,,,,,,,,,,,,,,,,
,,,,,,,,,,,,,,,,,,,,,,,,,
,,,,,,,,,,,,,,,,,,,,,,,,,
,,,,,,,,,,,,,,,,,,,,,,,,,
,,,,,,,,,,,,,,,,,,,,,,,,,
,,,,,,,,,,,,,,,,,,,,,,,,,
,,,,,,,,,,,,,,,,,,,,,,,,,
,,,,,,,,,,,,,,,,,,,,,,,,,
,,,,,,,,,,,,,,,,,,,,,,,,,
,,,,,,,,,,,,,,,,,,,,,,,,,
,,,,,,,,,,,,,,,,,,,,,,,,,
,,,,,,,,,,,,,,,,,,,,,,,,,
,,,,,,,,,,,,,,,,,,,,,,,,,
,,,,,,,,,,,,,,,,,,,,,,,,,
,,,,,,,,,,,,,,,,,,,,,,,,,
,,,,,,,,,,,,,,,,,,,,,,,,,
,,,,,,,,,,,,,,,,,,,,,,,,,
,,,,,,,,,,,,,,,,,,,,,,,,,
,,,,,,,,,,,,,,,,,,,,,,,,,
,,,,,,,,,,,,,,,,,,,,,,,,,
,,,,,,,,,,,,,,,,,,,,,,,,,
,,,,,,,,,,,,,,,,,,,,,,,,,
,,,,,,,,,,,,,,,,,,,,,,,,,
,,,,,,,,,,,,,,,,,,,,,,,,,
,,,,,,,,,,,,,,,,,,,,,,,,,
,,,,,,,,,,,,,,,,,,,,,,,,,
,,,,,,,,,,,,,,,,,,,,,,,,,
,,,,,,,,,,,,,,,,,,,,,,,,,
,,,,,,,,,,,,,,,,,,,,,,,,,
,,,,,,,,,,,,,,,,,,,,,,,,,
,,,,,,,,,,,,,,,,,,,,,,,,,
,,,,,,,,,,,,,,,,,,,,,,,,,
,,,,,,,,,,,,,,,,,,,,,,,,,
,,,,,,,,,,,,,,,,,,,,,,,,,
,,,,,,,,,,,,,,,,,,,,,,,,,
,,,,,,,,,,,,,,,,,,,,,,,,,
,,,,,,,,,,,,,,,,,,,,,,,,,
,,,,,,,,,,,,,,,,,,,,,,,,,
,,,,,,,,,,,,,,,,,,,,,,,,,
,,,,,,,,,,,,,,,,,,,,,,,,,
,,,,,,,,,,,,,,,,,,,,,,,,,
,,,,,,,,,,,,,,,,,,,,,,,,,
,,,,,,,,,,,,,,,,,,,,,,,,,
,,,,,,,,,,,,,,,,,,,,,,,,,
,,,,,,,,,,,,,,,,,,,,,,,,,
,,,,,,,,,,,,,,,,,,,,,,,,,
,,,,,,,,,,,,,,,,,,,,,,,,,
,,,,,,,,,,,,,,,,,,,,,,,,,
,,,,,,,,,,,,,,,,,,,,,,,,,
,,,,,,,,,,,,,,,,,,,,,,,,,
,,,,,,,,,,,,,,,,,,,,,,,,,
,,,,,,,,,,,,,,,,,,,,,,,,,
,,,,,,,,,,,,,,,,,,,,,,,,,
,,,,,,,,,,,,,,,,,,,,,,,,,
,,,,,,,,,,,,,,,,,,,,,,,,,
,,,,,,,,,,,,,,,,,,,,,,,,,
,,,,,,,,,,,,,,,,,,,,,,,,,
,,,,,,,,,,,,,,,,,,,,,,,,,
,,,,,,,,,,,,,,,,,,,,,,,,,
,,,,,,,,,,,,,,,,,,,,,,,,,
,,,,,,,,,,,,,,,,,,,,,,,,,
,,,,,,,,,,,,,,,,,,,,,,,,,
,,,,,,,,,,,,,,,,,,,,,,,,,
,,,,,,,,,,,,,,,,,,,,,,,,,
,,,,,,,,,,,,,,,,,,,,,,,,,
,,,,,,,,,,,,,,,,,,,,,,,,,
,,,,,,,,,,,,,,,,,,,,,,,,,
,,,,,,,,,,,,,,,,,,,,,,,,,
,,,,,,,,,,,,,,,,,,,,,,,,,
,,,,,,,,,,,,,,,,,,,,,,,,,
,,,,,,,,,,,,,,,,,,,,,,,,,
,,,,,,,,,,,,,,,,,,,,,,,,,
,,,,,,,,,,,,,,,,,,,,,,,,,
,,,,,,,,,,,,,,,,,,,,,,,,,
,,,,,,,,,,,,,,,,,,,,,,,,,
,,,,,,,,,,,,,,,,,,,,,,,,,
,,,,,,,,,,,,,,,,,,,,,,,,,
,,,,,,,,,,,,,,,,,,,,,,,,,
,,,,,,,,,,,,,,,,,,,,,,,,,
,,,,,,,,,,,,,,,,,,,,,,,,,
,,,,,,,,,,,,,,,,,,,,,,,,,
,,,,,,,,,,,,,,,,,,,,,,,,,
,,,,,,,,,,,,,,,,,,,,,,,,,
,,,,,,,,,,,,,,,,,,,,,,,,,
,,,,,,,,,,,,,,,,,,,,,,,,,
,,,,,,,,,,,,,,,,,,,,,,,,,
,,,,,,,,,,,,,,,,,,,,,,,,,
,,,,,,,,,,,,,,,,,,,,,,,,,
,,,,,,,,,,,,,,,,,,,,,,,,,
,,,,,,,,,,,,,,,,,,,,,,,,,
,,,,,,,,,,,,,,,,,,,,,,,,,
,,,,,,,,,,,,,,,,,,,,,,,,,
,,,,,,,,,,,,,,,,,,,,,,,,,
,,,,,,,,,,,,,,,,,,,,,,,,,
,,,,,,,,,,,,,,,,,,,,,,,,,
,,,,,,,,,,,,,,,,,,,,,,,,,
,,,,,,,,,,,,,,,,,,,,,,,,,
,,,,,,,,,,,,,,,,,,,,,,,,,
,,,,,,,,,,,,,,,,,,,,,,,,,
,,,,,,,,,,,,,,,,,,,,,,,,,
,,,,,,,,,,,,,,,,,,,,,,,,,
,,,,,,,,,,,,,,,,,,,,,,,,,
,,,,,,,,,,,,,,,,,,,,,,,,,
,,,,,,,,,,,,,,,,,,,,,,,,,
,,,,,,,,,,,,,,,,,,,,,,,,,
,,,,,,,,,,,,,,,,,,,,,,,,,
,,,,,,,,,,,,,,,,,,,,,,,,,
,,,,,,,,,,,,,,,,,,,,,,,,,
,,,,,,,,,,,,,,,,,,,,,,,,,
,,,,,,,,,,,,,,,,,,,,,,,,,
,,,,,,,,,,,,,,,,,,,,,,,,,
,,,,,,,,,,,,,,,,,,,,,,,,,
,,,,,,,,,,,,,,,,,,,,,,,,,
,,,,,,,,,,,,,,,,,,,,,,,,,
,,,,,,,,,,,,,,,,,,,,,,,,,
,,,,,,,,,,,,,,,,,,,,,,,,,
,,,,,,,,,,,,,,,,,,,,,,,,,
,,,,,,,,,,,,,,,,,,,,,,,,,
,,,,,,,,,,,,,,,,,,,,,,,,,
,,,,,,,,,,,,,,,,,,,,,,,,,
,,,,,,,,,,,,,,,,,,,,,,,,,
,,,,,,,,,,,,,,,,,,,,,,,,,
,,,,,,,,,,,,,,,,,,,,,,,,,
,,,,,,,,,,,,,,,,,,,,,,,,,
,,,,,,,,,,,,,,,,,,,,,,,,,
,,,,,,,,,,,,,,,,,,,,,,,,,
,,,,,,,,,,,,,,,,,,,,,,,,,
,,,,,,,,,,,,,,,,,,,,,,,,,
,,,,,,,,,,,,,,,,,,,,,,,,,
,,,,,,,,,,,,,,,,,,,,,,,,,
,,,,,,,,,,,,,,,,,,,,,,,,,
,,,,,,,,,,,,,,,,,,,,,,,,,
,,,,,,,,,,,,,,,,,,,,,,,,,
,,,,,,,,,,,,,,,,,,,,,,,,,
,,,,,,,,,,,,,,,,,,,,,,,,,
,,,,,,,,,,,,,,,,,,,,,,,,,
,,,,,,,,,,,,,,,,,,,,,,,,,
,,,,,,,,,,,,,,,,,,,,,,,,,
,,,,,,,,,,,,,,,,,,,,,,,,,
,,,,,,,,,,,,,,,,,,,,,,,,,
,,,,,,,,,,,,,,,,,,,,,,,,,
,,,,,,,,,,,,,,,,,,,,,,,,,
,,,,,,,,,,,,,,,,,,,,,,,,,
,,,,,,,,,,,,,,,,,,,,,,,,,
,,,,,,,,,,,,,,,,,,,,,,,,,
,,,,,,,,,,,,,,,,,,,,,,,,,
,,,,,,,,,,,,,,,,,,,,,,,,,
,,,,,,,,,,,,,,,,,,,,,,,,,
,,,,,,,,,,,,,,,,,,,,,,,,,
,,,,,,,,,,,,,,,,,,,,,,,,,
,,,,,,,,,,,,,,,,,,,,,,,,,
,,,,,,,,,,,,,,,,,,,,,,,,,
,,,,,,,,,,,,,,,,,,,,,,,,,
,,,,,,,,,,,,,,,,,,,,,,,,,
,,,,,,,,,,,,,,,,,,,,,,,,,
,,,,,,,,,,,,,,,,,,,,,,,,,
,,,,,,,,,,,,,,,,,,,,,,,,,
,,,,,,,,,,,,,,,,,,,,,,,,,
,,,,,,,,,,,,,,,,,,,,,,,,,
,,,,,,,,,,,,,,,,,,,,,,,,,
,,,,,,,,,,,,,,,,,,,,,,,,,
,,,,,,,,,,,,,,,,,,,,,,,,,
,,,,,,,,,,,,,,,,,,,,,,,,,
,,,,,,,,,,,,,,,,,,,,,,,,,
,,,,,,,,,,,,,,,,,,,,,,,,,
,,,,,,,,,,,,,,,,,,,,,,,,,
,,,,,,,,,,,,,,,,,,,,,,,,,
,,,,,,,,,,,,,,,,,,,,,,,,,
,,,,,,,,,,,,,,,,,,,,,,,,,
,,,,,,,,,,,,,,,,,,,,,,,,,
,,,,,,,,,,,,,,,,,,,,,,,,,
,,,,,,,,,,,,,,,,,,,,,,,,,
,,,,,,,,,,,,,,,,,,,,,,,,,
,,,,,,,,,,,,,,,,,,,,,,,,,
,,,,,,,,,,,,,,,,,,,,,,,,,
,,,,,,,,,,,,,,,,,,,,,,,,,
,,,,,,,,,,,,,,,,,,,,,,,,,
,,,,,,,,,,,,,,,,,,,,,,,,,
,,,,,,,,,,,,,,,,,,,,,,,,,
,,,,,,,,,,,,,,,,,,,,,,,,,
,,,,,,,,,,,,,,,,,,,,,,,,,
,,,,,,,,,,,,,,,,,,,,,,,,,
,,,,,,,,,,,,,,,,,,,,,,,,,
,,,,,,,,,,,,,,,,,,,,,,,,,
,,,,,,,,,,,,,,,,,,,,,,,,,
,,,,,,,,,,,,,,,,,,,,,,,,,
,,,,,,,,,,,,,,,,,,,,,,,,,
,,,,,,,,,,,,,,,,,,,,,,,,,
,,,,,,,,,,,,,,,,,,,,,,,,,
,,,,,,,,,,,,,,,,,,,,,,,,,
,,,,,,,,,,,,,,,,,,,,,,,,,
,,,,,,,,,,,,,,,,,,,,,,,,,
,,,,,,,,,,,,,,,,,,,,,,,,,
,,,,,,,,,,,,,,,,,,,,,,,,,
,,,,,,,,,,,,,,,,,,,,,,,,,
,,,,,,,,,,,,,,,,,,,,,,,,,
,,,,,,,,,,,,,,,,,,,,,,,,,
,,,,,,,,,,,,,,,,,,,,,,,,,
,,,,,,,,,,,,,,,,,,,,,,,,,
,,,,,,,,,,,,,,,,,,,,,,,,,
,,,,,,,,,,,,,,,,,,,,,,,,,
,,,,,,,,,,,,,,,,,,,,,,,,,
,,,,,,,,,,,,,,,,,,,,,,,,,
,,,,,,,,,,,,,,,,,,,,,,,,,
,,,,,,,,,,,,,,,,,,,,,,,,,
,,,,,,,,,,,,,,,,,,,,,,,,,
,,,,,,,,,,,,,,,,,,,,,,,,,
,,,,,,,,,,,,,,,,,,,,,,,,,
,,,,,,,,,,,,,,,,,,,,,,,,,
,,,,,,,,,,,,,,,,,,,,,,,,,
,,,,,,,,,,,,,,,,,,,,,,,,,
,,,,,,,,,,,,,,,,,,,,,,,,,
,,,,,,,,,,,,,,,,,,,,,,,,,
,,,,,,,,,,,,,,,,,,,,,,,,,
,,,,,,,,,,,,,,,,,,,,,,,,,
,,,,,,,,,,,,,,,,,,,,,,,,,
,,,,,,,,,,,,,,,,,,,,,,,,,
,,,,,,,,,,,,,,,,,,,,,,,,,
,,,,,,,,,,,,,,,,,,,,,,,,,
,,,,,,,,,,,,,,,,,,,,,,,,,
,,,,,,,,,,,,,,,,,,,,,,,,,
,,,,,,,,,,,,,,,,,,,,,,,,,
,,,,,,,,,,,,,,,,,,,,,,,,,
,,,,,,,,,,,,,,,,,,,,,,,,,
,,,,,,,,,,,,,,,,,,,,,,,,,
,,,,,,,,,,,,,,,,,,,,,,,,,
,,,,,,,,,,,,,,,,,,,,,,,,,
,,,,,,,,,,,,,,,,,,,,,,,,,
,,,,,,,,,,,,,,,,,,,,,,,,,
,,,,,,,,,,,,,,,,,,,,,,,,,
,,,,,,,,,,,,,,,,,,,,,,,,,
,,,,,,,,,,,,,,,,,,,,,,,,,
,,,,,,,,,,,,,,,,,,,,,,,,,
,,,,,,,,,,,,,,,,,,,,,,,,,
,,,,,,,,,,,,,,,,,,,,,,,,,
,,,,,,,,,,,,,,,,,,,,,,,,,
,,,,,,,,,,,,,,,,,,,,,,,,,
,,,,,,,,,,,,,,,,,,,,,,,,,
,,,,,,,,,,,,,,,,,,,,,,,,,
,,,,,,,,,,,,,,,,,,,,,,,,,
,,,,,,,,,,,,,,,,,,,,,,,,,
,,,,,,,,,,,,,,,,,,,,,,,,,
,,,,,,,,,,,,,,,,,,,,,,,,,
,,,,,,,,,,,,,,,,,,,,,,,,,
,,,,,,,,,,,,,,,,,,,,,,,,,
,,,,,,,,,,,,,,,,,,,,,,,,,
,,,,,,,,,,,,,,,,,,,,,,,,,
,,,,,,,,,,,,,,,,,,,,,,,,,
,,,,,,,,,,,,,,,,,,,,,,,,,
,,,,,,,,,,,,,,,,,,,,,,,,,
,,,,,,,,,,,,,,,,,,,,,,,,,
,,,,,,,,,,,,,,,,,,,,,,,,,
,,,,,,,,,,,,,,,,,,,,,,,,,
,,,,,,,,,,,,,,,,,,,,,,,,,
,,,,,,,,,,,,,,,,,,,,,,,,,
,,,,,,,,,,,,,,,,,,,,,,,,,
,,,,,,,,,,,,,,,,,,,,,,,,,
,,,,,,,,,,,,,,,,,,,,,,,,,
,,,,,,,,,,,,,,,,,,,,,,,,,
,,,,,,,,,,,,,,,,,,,,,,,,,
,,,,,,,,,,,,,,,,,,,,,,,,,
,,,,,,,,,,,,,,,,,,,,,,,,,
,,,,,,,,,,,,,,,,,,,,,,,,,
,,,,,,,,,,,,,,,,,,,,,,,,,
,,,,,,,,,,,,,,,,,,,,,,,,,
,,,,,,,,,,,,,,,,,,,,,,,,,
,,,,,,,,,,,,,,,,,,,,,,,,,
,,,,,,,,,,,,,,,,,,,,,,,,,
,,,,,,,,,,,,,,,,,,,,,,,,,
,,,,,,,,,,,,,,,,,,,,,,,,,
,,,,,,,,,,,,,,,,,,,,,,,,,
,,,,,,,,,,,,,,,,,,,,,,,,,
,,,,,,,,,,,,,,,,,,,,,,,,,
,,,,,,,,,,,,,,,,,,,,,,,,,
,,,,,,,,,,,,,,,,,,,,,,,,,
,,,,,,,,,,,,,,,,,,,,,,,,,
,,,,,,,,,,,,,,,,,,,,,,,,,
,,,,,,,,,,,,,,,,,,,,,,,,,
,,,,,,,,,,,,,,,,,,,,,,,,,
,,,,,,,,,,,,,,,,,,,,,,,,,
,,,,,,,,,,,,,,,,,,,,,,,,,
,,,,,,,,,,,,,,,,,,,,,,,,,
,,,,,,,,,,,,,,,,,,,,,,,,,
,,,,,,,,,,,,,,,,,,,,,,,,,
,,,,,,,,,,,,,,,,,,,,,,,,,
,,,,,,,,,,,,,,,,,,,,,,,,,
,,,,,,,,,,,,,,,,,,,,,,,,,
,,,,,,,,,,,,,,,,,,,,,,,,,
,,,,,,,,,,,,,,,,,,,,,,,,,
,,,,,,,,,,,,,,,,,,,,,,,,,
,,,,,,,,,,,,,,,,,,,,,,,,,
,,,,,,,,,,,,,,,,,,,,,,,,,
,,,,,,,,,,,,,,,,,,,,,,,,,
,,,,,,,,,,,,,,,,,,,,,,,,,
,,,,,,,,,,,,,,,,,,,,,,,,,
,,,,,,,,,,,,,,,,,,,,,,,,,
,,,,,,,,,,,,,,,,,,,,,,,,,
,,,,,,,,,,,,,,,,,,,,,,,,,
,,,,,,,,,,,,,,,,,,,,,,,,,
,,,,,,,,,,,,,,,,,,,,,,,,,
,,,,,,,,,,,,,,,,,,,,,,,,,
,,,,,,,,,,,,,,,,,,,,,,,,,
,,,,,,,,,,,,,,,,,,,,,,,,,
,,,,,,,,,,,,,,,,,,,,,,,,,
,,,,,,,,,,,,,,,,,,,,,,,,,
,,,,,,,,,,,,,,,,,,,,,,,,,
,,,,,,,,,,,,,,,,,,,,,,,,,
,,,,,,,,,,,,,,,,,,,,,,,,,
,,,,,,,,,,,,,,,,,,,,,,,,,
,,,,,,,,,,,,,,,,,,,,,,,,,
,,,,,,,,,,,,,,,,,,,,,,,,,
,,,,,,,,,,,,,,,,,,,,,,,,,
,,,,,,,,,,,,,,,,,,,,,,,,,
,,,,,,,,,,,,,,,,,,,,,,,,,
,,,,,,,,,,,,,,,,,,,,,,,,,
,,,,,,,,,,,,,,,,,,,,,,,,,
,,,,,,,,,,,,,,,,,,,,,,,,,
,,,,,,,,,,,,,,,,,,,,,,,,,
,,,,,,,,,,,,,,,,,,,,,,,,,
,,,,,,,,,,,,,,,,,,,,,,,,,
,,,,,,,,,,,,,,,,,,,,,,,,,
,,,,,,,,,,,,,,,,,,,,,,,,,
,,,,,,,,,,,,,,,,,,,,,,,,,
,,,,,,,,,,,,,,,,,,,,,,,,,
,,,,,,,,,,,,,,,,,,,,,,,,,
,,,,,,,,,,,,,,,,,,,,,,,,,
,,,,,,,,,,,,,,,,,,,,,,,,,
,,,,,,,,,,,,,,,,,,,,,,,,,
,,,,,,,,,,,,,,,,,,,,,,,,,
,,,,,,,,,,,,,,,,,,,,,,,,,
,,,,,,,,,,,,,,,,,,,,,,,,,
,,,,,,,,,,,,,,,,,,,,,,,,,
,,,,,,,,,,,,,,,,,,,,,,,,,
,,,,,,,,,,,,,,,,,,,,,,,,,
,,,,,,,,,,,,,,,,,,,,,,,,,
,,,,,,,,,,,,,,,,,,,,,,,,,
,,,,,,,,,,,,,,,,,,,,,,,,,
,,,,,,,,,,,,,,,,,,,,,,,,,
,,,,,,,,,,,,,,,,,,,,,,,,,
,,,,,,,,,,,,,,,,,,,,,,,,,
,,,,,,,,,,,,,,,,,,,,,,,,,
,,,,,,,,,,,,,,,,,,,,,,,,,
,,,,,,,,,,,,,,,,,,,,,,,,,
,,,,,,,,,,,,,,,,,,,,,,,,,
,,,,,,,,,,,,,,,,,,,,,,,,,
,,,,,,,,,,,,,,,,,,,,,,,,,
,,,,,,,,,,,,,,,,,,,,,,,,,
,,,,,,,,,,,,,,,,,,,,,,,,,
,,,,,,,,,,,,,,,,,,,,,,,,,
,,,,,,,,,,,,,,,,,,,,,,,,,
,,,,,,,,,,,,,,,,,,,,,,,,,
,,,,,,,,,,,,,,,,,,,,,,,,,
,,,,,,,,,,,,,,,,,,,,,,,,,
,,,,,,,,,,,,,,,,,,,,,,,,,
,,,,,,,,,,,,,,,,,,,,,,,,,
,,,,,,,,,,,,,,,,,,,,,,,,,
,,,,,,,,,,,,,,,,,,,,,,,,,
,,,,,,,,,,,,,,,,,,,,,,,,,
,,,,,,,,,,,,,,,,,,,,,,,,,
,,,,,,,,,,,,,,,,,,,,,,,,,
,,,,,,,,,,,,,,,,,,,,,,,,,
,,,,,,,,,,,,,,,,,,,,,,,,,
,,,,,,,,,,,,,,,,,,,,,,,,,
,,,,,,,,,,,,,,,,,,,,,,,,,
,,,,,,,,,,,,,,,,,,,,,,,,,
,,,,,,,,,,,,,,,,,,,,,,,,,
,,,,,,,,,,,,,,,,,,,,,,,,,
,,,,,,,,,,,,,,,,,,,,,,,,,
,,,,,,,,,,,,,,,,,,,,,,,,,
,,,,,,,,,,,,,,,,,,,,,,,,,
,,,,,,,,,,,,,,,,,,,,,,,,,
,,,,,,,,,,,,,,,,,,,,,,,,,
,,,,,,,,,,,,,,,,,,,,,,,,,
,,,,,,,,,,,,,,,,,,,,,,,,,
,,,,,,,,,,,,,,,,,,,,,,,,,
,,,,,,,,,,,,,,,,,,,,,,,,,
,,,,,,,,,,,,,,,,,,,,,,,,,
,,,,,,,,,,,,,,,,,,,,,,,,,
,,,,,,,,,,,,,,,,,,,,,,,,,
,,,,,,,,,,,,,,,,,,,,,,,,,
,,,,,,,,,,,,,,,,,,,,,,,,,
,,,,,,,,,,,,,,,,,,,,,,,,,
,,,,,,,,,,,,,,,,,,,,,,,,,
,,,,,,,,,,,,,,,,,,,,,,,,,
,,,,,,,,,,,,,,,,,,,,,,,,,
,,,,,,,,,,,,,,,,,,,,,,,,,
,,,,,,,,,,,,,,,,,,,,,,,,,
,,,,,,,,,,,,,,,,,,,,,,,,,
,,,,,,,,,,,,,,,,,,,,,,,,,
,,,,,,,,,,,,,,,,,,,,,,,,,
,,,,,,,,,,,,,,,,,,,,,,,,,
,,,,,,,,,,,,,,,,,,,,,,,,,
,,,,,,,,,,,,,,,,,,,,,,,,,
,,,,,,,,,,,,,,,,,,,,,,,,,
,,,,,,,,,,,,,,,,,,,,,,,,,
,,,,,,,,,,,,,,,,,,,,,,,,,
,,,,,,,,,,,,,,,,,,,,,,,,,
,,,,,,,,,,,,,,,,,,,,,,,,,
,,,,,,,,,,,,,,,,,,,,,,,,,
,,,,,,,,,,,,,,,,,,,,,,,,,
,,,,,,,,,,,,,,,,,,,,,,,,,
,,,,,,,,,,,,,,,,,,,,,,,,,
,,,,,,,,,,,,,,,,,,,,,,,,,
,,,,,,,,,,,,,,,,,,,,,,,,,
,,,,,,,,,,,,,,,,,,,,,,,,,
,,,,,,,,,,,,,,,,,,,,,,,,,
,,,,,,,,,,,,,,,,,,,,,,,,,
,,,,,,,,,,,,,,,,,,,,,,,,,
,,,,,,,,,,,,,,,,,,,,,,,,,
,,,,,,,,,,,,,,,,,,,,,,,,,
,,,,,,,,,,,,,,,,,,,,,,,,,
,,,,,,,,,,,,,,,,,,,,,,,,,
,,,,,,,,,,,,,,,,,,,,,,,,,
,,,,,,,,,,,,,,,,,,,,,,,,,
,,,,,,,,,,,,,,,,,,,,,,,,,
,,,,,,,,,,,,,,,,,,,,,,,,,
,,,,,,,,,,,,,,,,,,,,,,,,,
,,,,,,,,,,,,,,,,,,,,,,,,,
,,,,,,,,,,,,,,,,,,,,,,,,,
,,,,,,,,,,,,,,,,,,,,,,,,,
,,,,,,,,,,,,,,,,,,,,,,,,,
,,,,,,,,,,,,,,,,,,,,,,,,,
,,,,,,,,,,,,,,,,,,,,,,,,,
,,,,,,,,,,,,,,,,,,,,,,,,,
,,,,,,,,,,,,,,,,,,,,,,,,,
,,,,,,,,,,,,,,,,,,,,,,,,,
,,,,,,,,,,,,,,,,,,,,,,,,,
,,,,,,,,,,,,,,,,,,,,,,,,,
,,,,,,,,,,,,,,,,,,,,,,,,,
,,,,,,,,,,,,,,,,,,,,,,,,,
,,,,,,,,,,,,,,,,,,,,,,,,,
,,,,,,,,,,,,,,,,,,,,,,,,,
,,,,,,,,,,,,,,,,,,,,,,,,,
,,,,,,,,,,,,,,,,,,,,,,,,,
,,,,,,,,,,,,,,,,,,,,,,,,,
,,,,,,,,,,,,,,,,,,,,,,,,,
,,,,,,,,,,,,,,,,,,,,,,,,,
,,,,,,,,,,,,,,,,,,,,,,,,,
,,,,,,,,,,,,,,,,,,,,,,,,,
,,,,,,,,,,,,,,,,,,,,,,,,,
,,,,,,,,,,,,,,,,,,,,,,,,,
,,,,,,,,,,,,,,,,,,,,,,,,,
,,,,,,,,,,,,,,,,,,,,,,,,,
,,,,,,,,,,,,,,,,,,,,,,,,,
,,,,,,,,,,,,,,,,,,,,,,,,,
,,,,,,,,,,,,,,,,,,,,,,,,,
,,,,,,,,,,,,,,,,,,,,,,,,,
,,,,,,,,,,,,,,,,,,,,,,,,,
,,,,,,,,,,,,,,,,,,,,,,,,,
,,,,,,,,,,,,,,,,,,,,,,,,,
,,,,,,,,,,,,,,,,,,,,,,,,,
,,,,,,,,,,,,,,,,,,,,,,,,,
,,,,,,,,,,,,,,,,,,,,,,,,,
,,,,,,,,,,,,,,,,,,,,,,,,,
,,,,,,,,,,,,,,,,,,,,,,,,,
,,,,,,,,,,,,,,,,,,,,,,,,,
,,,,,,,,,,,,,,,,,,,,,,,,,
,,,,,,,,,,,,,,,,,,,,,,,,,
,,,,,,,,,,,,,,,,,,,,,,,,,
,,,,,,,,,,,,,,,,,,,,,,,,,
,,,,,,,,,,,,,,,,,,,,,,,,,
,,,,,,,,,,,,,,,,,,,,,,,,,
,,,,,,,,,,,,,,,,,,,,,,,,,
,,,,,,,,,,,,,,,,,,,,,,,,,
,,,,,,,,,,,,,,,,,,,,,,,,,
,,,,,,,,,,,,,,,,,,,,,,,,,
,,,,,,,,,,,,,,,,,,,,,,,,,
,,,,,,,,,,,,,,,,,,,,,,,,,
,,,,,,,,,,,,,,,,,,,,,,,,,
,,,,,,,,,,,,,,,,,,,,,,,,,
,,,,,,,,,,,,,,,,,,,,,,,,,
,,,,,,,,,,,,,,,,,,,,,,,,,
,,,,,,,,,,,,,,,,,,,,,,,,,
,,,,,,,,,,,,,,,,,,,,,,,,,
,,,,,,,,,,,,,,,,,,,,,,,,,
,,,,,,,,,,,,,,,,,,,,,,,,,
,,,,,,,,,,,,,,,,,,,,,,,,,
,,,,,,,,,,,,,,,,,,,,,,,,,
,,,,,,,,,,,,,,,,,,,,,,,,,
,,,,,,,,,,,,,,,,,,,,,,,,,
,,,,,,,,,,,,,,,,,,,,,,,,,
,,,,,,,,,,,,,,,,,,,,,,,,,
,,,,,,,,,,,,,,,,,,,,,,,,,
,,,,,,,,,,,,,,,,,,,,,,,,,
,,,,,,,,,,,,,,,,,,,,,,,,,
,,,,,,,,,,,,,,,,,,,,,,,,,
,,,,,,,,,,,,,,,,,,,,,,,,,
,,,,,,,,,,,,,,,,,,,,,,,,,
,,,,,,,,,,,,,,,,,,,,,,,,,
,,,,,,,,,,,,,,,,,,,,,,,,,
,,,,,,,,,,,,,,,,,,,,,,,,,
,,,,,,,,,,,,,,,,,,,,,,,,,
,,,,,,,,,,,,,,,,,,,,,,,,,
,,,,,,,,,,,,,,,,,,,,,,,,,
,,,,,,,,,,,,,,,,,,,,,,,,,
,,,,,,,,,,,,,,,,,,,,,,,,,
,,,,,,,,,,,,,,,,,,,,,,,,,
,,,,,,,,,,,,,,,,,,,,,,,,,
,,,,,,,,,,,,,,,,,,,,,,,,,
,,,,,,,,,,,,,,,,,,,,,,,,,
,,,,,,,,,,,,,,,,,,,,,,,,,
,,,,,,,,,,,,,,,,,,,,,,,,,
,,,,,,,,,,,,,,,,,,,,,,,,,
,,,,,,,,,,,,,,,,,,,,,,,,,
,,,,,,,,,,,,,,,,,,,,,,,,,
,,,,,,,,,,,,,,,,,,,,,,,,,
,,,,,,,,,,,,,,,,,,,,,,,,,
,,,,,,,,,,,,,,,,,,,,,,,,,
,,,,,,,,,,,,,,,,,,,,,,,,,
,,,,,,,,,,,,,,,,,,,,,,,,,
,,,,,,,,,,,,,,,,,,,,,,,,,
,,,,,,,,,,,,,,,,,,,,,,,,,
,,,,,,,,,,,,,,,,,,,,,,,,,
,,,,,,,,,,,,,,,,,,,,,,,,,
,,,,,,,,,,,,,,,,,,,,,,,,,
,,,,,,,,,,,,,,,,,,,,,,,,,
,,,,,,,,,,,,,,,,,,,,,,,,,
,,,,,,,,,,,,,,,,,,,,,,,,,
,,,,,,,,,,,,,,,,,,,,,,,,,
,,,,,,,,,,,,,,,,,,,,,,,,,
,,,,,,,,,,,,,,,,,,,,,,,,,
,,,,,,,,,,,,,,,,,,,,,,,,,
,,,,,,,,,,,,,,,,,,,,,,,,,
,,,,,,,,,,,,,,,,,,,,,,,,,
,,,,,,,,,,,,,,,,,,,,,,,,,
,,,,,,,,,,,,,,,,,,,,,,,,,
,,,,,,,,,,,,,,,,,,,,,,,,,
,,,,,,,,,,,,,,,,,,,,,,,,,
,,,,,,,,,,,,,,,,,,,,,,,,,
,,,,,,,,,,,,,,,,,,,,,,,,,
,,,,,,,,,,,,,,,,,,,,,,,,,
,,,,,,,,,,,,,,,,,,,,,,,,,
,,,,,,,,,,,,,,,,,,,,,,,,,
,,,,,,,,,,,,,,,,,,,,,,,,,
,,,,,,,,,,,,,,,,,,,,,,,,,
,,,,,,,,,,,,,,,,,,,,,,,,,
,,,,,,,,,,,,,,,,,,,,,,,,,
,,,,,,,,,,,,,,,,,,,,,,,,,
,,,,,,,,,,,,,,,,,,,,,,,,,
,,,,,,,,,,,,,,,,,,,,,,,,,
,,,,,,,,,,,,,,,,,,,,,,,,,
,,,,,,,,,,,,,,,,,,,,,,,,,
,,,,,,,,,,,,,,,,,,,,,,,,,
,,,,,,,,,,,,,,,,,,,,,,,,,
,,,,,,,,,,,,,,,,,,,,,,,,,
,,,,,,,,,,,,,,,,,,,,,,,,,
,,,,,,,,,,,,,,,,,,,,,,,,,
,,,,,,,,,,,,,,,,,,,,,,,,,
,,,,,,,,,,,,,,,,,,,,,,,,,
,,,,,,,,,,,,,,,,,,,,,,,,,
,,,,,,,,,,,,,,,,,,,,,,,,,
,,,,,,,,,,,,,,,,,,,,,,,,,
,,,,,,,,,,,,,,,,,,,,,,,,,
,,,,,,,,,,,,,,,,,,,,,,,,,
,,,,,,,,,,,,,,,,,,,,,,,,,
,,,,,,,,,,,,,,,,,,,,,,,,,
,,,,,,,,,,,,,,,,,,,,,,,,,
,,,,,,,,,,,,,,,,,,,,,,,,,
,,,,,,,,,,,,,,,,,,,,,,,,,
,,,,,,,,,,,,,,,,,,,,,,,,,
,,,,,,,,,,,,,,,,,,,,,,,,,
,,,,,,,,,,,,,,,,,,,,,,,,,
,,,,,,,,,,,,,,,,,,,,,,,,,
,,,,,,,,,,,,,,,,,,,,,,,,,
,,,,,,,,,,,,,,,,,,,,,,,,,
,,,,,,,,,,,,,,,,,,,,,,,,,
,,,,,,,,,,,,,,,,,,,,,,,,,
,,,,,,,,,,,,,,,,,,,,,,,,,
,,,,,,,,,,,,,,,,,,,,,,,,,
,,,,,,,,,,,,,,,,,,,,,,,,,
,,,,,,,,,,,,,,,,,,,,,,,,,
,,,,,,,,,,,,,,,,,,,,,,,,,
,,,,,,,,,,,,,,,,,,,,,,,,,
,,,,,,,,,,,,,,,,,,,,,,,,,
,,,,,,,,,,,,,,,,,,,,,,,,,
,,,,,,,,,,,,,,,,,,,,,,,,,
,,,,,,,,,,,,,,,,,,,,,,,,,
,,,,,,,,,,,,,,,,,,,,,,,,,
,,,,,,,,,,,,,,,,,,,,,,,,,
,,,,,,,,,,,,,,,,,,,,,,,,,
,,,,,,,,,,,,,,,,,,,,,,,,,
,,,,,,,,,,,,,,,,,,,,,,,,,
,,,,,,,,,,,,,,,,,,,,,,,,,
,,,,,,,,,,,,,,,,,,,,,,,,,
,,,,,,,,,,,,,,,,,,,,,,,,,
,,,,,,,,,,,,,,,,,,,,,,,,,
,,,,,,,,,,,,,,,,,,,,,,,,,
,,,,,,,,,,,,,,,,,,,,,,,,,
,,,,,,,,,,,,,,,,,,,,,,,,,
,,,,,,,,,,,,,,,,,,,,,,,,,
,,,,,,,,,,,,,,,,,,,,,,,,,
,,,,,,,,,,,,,,,,,,,,,,,,,
,,,,,,,,,,,,,,,,,,,,,,,,,
,,,,,,,,,,,,,,,,,,,,,,,,,
,,,,,,,,,,,,,,,,,,,,,,,,,
,,,,,,,,,,,,,,,,,,,,,,,,,
,,,,,,,,,,,,,,,,,,,,,,,,,
,,,,,,,,,,,,,,,,,,,,,,,,,
,,,,,,,,,,,,,,,,,,,,,,,,,
,,,,,,,,,,,,,,,,,,,,,,,,,
,,,,,,,,,,,,,,,,,,,,,,,,,
,,,,,,,,,,,,,,,,,,,,,,,,,
,,,,,,,,,,,,,,,,,,,,,,,,,
,,,,,,,,,,,,,,,,,,,,,,,,,
,,,,,,,,,,,,,,,,,,,,,,,,,
,,,,,,,,,,,,,,,,,,,,,,,,,
,,,,,,,,,,,,,,,,,,,,,,,,,
,,,,,,,,,,,,,,,,,,,,,,,,,
,,,,,,,,,,,,,,,,,,,,,,,,,
,,,,,,,,,,,,,,,,,,,,,,,,,
,,,,,,,,,,,,,,,,,,,,,,,,,
,,,,,,,,,,,,,,,,,,,,,,,,,
,,,,,,,,,,,,,,,,,,,,,,,,,
,,,,,,,,,,,,,,,,,,,,,,,,,
,,,,,,,,,,,,,,,,,,,,,,,,,
,,,,,,,,,,,,,,,,,,,,,,,,,
,,,,,,,,,,,,,,,,,,,,,,,,,
,,,,,,,,,,,,,,,,,,,,,,,,,
,,,,,,,,,,,,,,,,,,,,,,,,,
,,,,,,,,,,,,,,,,,,,,,,,,,
,,,,,,,,,,,,,,,,,,,,,,,,,
,,,,,,,,,,,,,,,,,,,,,,,,,
,,,,,,,,,,,,,,,,,,,,,,,,,
,,,,,,,,,,,,,,,,,,,,,,,,,
,,,,,,,,,,,,,,,,,,,,,,,,,
,,,,,,,,,,,,,,,,,,,,,,,,,
,,,,,,,,,,,,,,,,,,,,,,,,,
,,,,,,,,,,,,,,,,,,,,,,,,,
,,,,,,,,,,,,,,,,,,,,,,,,,
,,,,,,,,,,,,,,,,,,,,,,,,,
,,,,,,,,,,,,,,,,,,,,,,,,,
,,,,,,,,,,,,,,,,,,,,,,,,,
,,,,,,,,,,,,,,,,,,,,,,,,,
,,,,,,,,,,,,,,,,,,,,,,,,,
,,,,,,,,,,,,,,,,,,,,,,,,,
,,,,,,,,,,,,,,,,,,,,,,,,,
,,,,,,,,,,,,,,,,,,,,,,,,,
,,,,,,,,,,,,,,,,,,,,,,,,,
,,,,,,,,,,,,,,,,,,,,,,,,,
,,,,,,,,,,,,,,,,,,,,,,,,,
,,,,,,,,,,,,,,,,,,,,,,,,,
,,,,,,,,,,,,,,,,,,,,,,,,,
,,,,,,,,,,,,,,,,,,,,,,,,,
,,,,,,,,,,,,,,,,,,,,,,,,,
,,,,,,,,,,,,,,,,,,,,,,,,,
,,,,,,,,,,,,,,,,,,,,,,,,,
,,,,,,,,,,,,,,,,,,,,,,,,,
,,,,,,,,,,,,,,,,,,,,,,,,,
,,,,,,,,,,,,,,,,,,,,,,,,,
,,,,,,,,,,,,,,,,,,,,,,,,,
,,,,,,,,,,,,,,,,,,,,,,,,,
,,,,,,,,,,,,,,,,,,,,,,,,,
,,,,,,,,,,,,,,,,,,,,,,,,,
,,,,,,,,,,,,,,,,,,,,,,,,,
,,,,,,,,,,,,,,,,,,,,,,,,,
,,,,,,,,,,,,,,,,,,,,,,,,,
,,,,,,,,,,,,,,,,,,,,,,,,,
,,,,,,,,,,,,,,,,,,,,,,,,,
,,,,,,,,,,,,,,,,,,,,,,,,,
,,,,,,,,,,,,,,,,,,,,,,,,,
,,,,,,,,,,,,,,,,,,,,,,,,,
,,,,,,,,,,,,,,,,,,,,,,,,,
,,,,,,,,,,,,,,,,,,,,,,,,,
,,,,,,,,,,,,,,,,,,,,,,,,,
,,,,,,,,,,,,,,,,,,,,,,,,,
,,,,,,,,,,,,,,,,,,,,,,,,,
,,,,,,,,,,,,,,,,,,,,,,,,,
,,,,,,,,,,,,,,,,,,,,,,,,,
,,,,,,,,,,,,,,,,,,,,,,,,,
,,,,,,,,,,,,,,,,,,,,,,,,,
,,,,,,,,,,,,,,,,,,,,,,,,,
,,,,,,,,,,,,,,,,,,,,,,,,,
,,,,,,,,,,,,,,,,,,,,,,,,,
,,,,,,,,,,,,,,,,,,,,,,,,,
,,,,,,,,,,,,,,,,,,,,,,,,,
,,,,,,,,,,,,,,,,,,,,,,,,,
,,,,,,,,,,,,,,,,,,,,,,,,,
,,,,,,,,,,,,,,,,,,,,,,,,,
,,,,,,,,,,,,,,,,,,,,,,,,,
,,,,,,,,,,,,,,,,,,,,,,,,,
,,,,,,,,,,,,,,,,,,,,,,,,,
,,,,,,,,,,,,,,,,,,,,,,,,,
,,,,,,,,,,,,,,,,,,,,,,,,,
,,,,,,,,,,,,,,,,,,,,,,,,,
,,,,,,,,,,,,,,,,,,,,,,,,,
,,,,,,,,,,,,,,,,,,,,,,,,,
,,,,,,,,,,,,,,,,,,,,,,,,,
,,,,,,,,,,,,,,,,,,,,,,,,,
,,,,,,,,,,,,,,,,,,,,,,,,,
,,,,,,,,,,,,,,,,,,,,,,,,,
,,,,,,,,,,,,,,,,,,,,,,,,,
,,,,,,,,,,,,,,,,,,,,,,,,,
,,,,,,,,,,,,,,,,,,,,,,,,,
,,,,,,,,,,,,,,,,,,,,,,,,,
,,,,,,,,,,,,,,,,,,,,,,,,,
,,,,,,,,,,,,,,,,,,,,,,,,,
,,,,,,,,,,,,,,,,,,,,,,,,,
,,,,,,,,,,,,,,,,,,,,,,,,,
,,,,,,,,,,,,,,,,,,,,,,,,,
,,,,,,,,,,,,,,,,,,,,,,,,,
,,,,,,,,,,,,,,,,,,,,,,,,,
,,,,,,,,,,,,,,,,,,,,,,,,,
,,,,,,,,,,,,,,,,,,,,,,,,,
,,,,,,,,,,,,,,,,,,,,,,,,,
,,,,,,,,,,,,,,,,,,,,,,,,,
,,,,,,,,,,,,,,,,,,,,,,,,,
,,,,,,,,,,,,,,,,,,,,,,,,,
,,,,,,,,,,,,,,,,,,,,,,,,,
,,,,,,,,,,,,,,,,,,,,,,,,,
,,,,,,,,,,,,,,,,,,,,,,,,,
,,,,,,,,,,,,,,,,,,,,,,,,,
,,,,,,,,,,,,,,,,,,,,,,,,,
,,,,,,,,,,,,,,,,,,,,,,,,,
,,,,,,,,,,,,,,,,,,,,,,,,,
,,,,,,,,,,,,,,,,,,,,,,,,,
,,,,,,,,,,,,,,,,,,,,,,,,,
,,,,,,,,,,,,,,,,,,,,,,,,,
,,,,,,,,,,,,,,,,,,,,,,,,,
,,,,,,,,,,,,,,,,,,,,,,,,,
,,,,,,,,,,,,,,,,,,,,,,,,,
,,,,,,,,,,,,,,,,,,,,,,,,,
,,,,,,,,,,,,,,,,,,,,,,,,,
,,,,,,,,,,,,,,,,,,,,,,,,,
,,,,,,,,,,,,,,,,,,,,,,,,,
,,,,,,,,,,,,,,,,,,,,,,,,,
,,,,,,,,,,,,,,,,,,,,,,,,,
,,,,,,,,,,,,,,,,,,,,,,,,,
,,,,,,,,,,,,,,,,,,,,,,,,,
,,,,,,,,,,,,,,,,,,,,,,,,,
,,,,,,,,,,,,,,,,,,,,,,,,,
