"qseqid.x","gi","accession","mismatch_forward","forward_start","forward_stop","staxids","distinct_entries.x","qseqid.y","mismatch_reverse","reverse_start","reverse_stop","distinct_entries.y","product_length","taxid","species","superkingdom","kingdom","phylum","subphylum","superclass","class","subclass","order","family","subfamily","genus","infraorder","subcohort","superorder","superfamily","tribe","subspecies","subgenus","species.group","parvorder","varietas"
"forward_row_1",1059791178,"AH013728.2",3,101,121,"264759",2,"reverse_row_1",0,331,305,2,230,3370991,"Atopogale cubana",NA,"Metazoa","Chordata","Craniata","Sarcopterygii","Mammalia",NA,"Eulipotyphla","Solenodontidae",NA,"Atopogale",NA,NA,"Laurasiatheria",NA,NA,NA,NA,NA,NA,NA
"forward_row_1",71067665,"DQ073480.1",2,194,211,"261736",2,"reverse_row_1",0,407,381,2,213,261736,"Euoticus elegantulus",NA,"Metazoa","Chordata","Craniata","Sarcopterygii","Mammalia",NA,"Primates","Galagidae",NA,"Euoticus","Lorisiformes",NA,"Euarchontoglires",NA,NA,NA,NA,NA,NA,NA
"forward_row_1",312145566,"HQ283935.1",2,167,187,"65618",2,"reverse_row_1",0,383,357,2,216,65618,"Thylogale brunii",NA,"Metazoa","Chordata","Craniata","Sarcopterygii","Mammalia",NA,"Diprotodontia","Macropodidae",NA,"Thylogale",NA,NA,NA,NA,NA,NA,NA,NA,NA,NA
"forward_row_1",1028909287,"KX098449.1",3,206,226,"1849957",2,"reverse_row_1",0,424,398,2,218,1849957,"Doedicurus sp.",NA,"Metazoa","Chordata","Craniata","Sarcopterygii","Mammalia",NA,"Cingulata","Chlamyphoridae",NA,"Doedicurus",NA,NA,"Xenarthra",NA,NA,NA,NA,NA,NA,NA
"forward_row_1",1036304757,"KX369035.1",3,185,205,"1860146",2,"reverse_row_1",0,413,387,2,228,1860146,"Xenicus longipes",NA,"Metazoa","Chordata","Craniata","Sarcopterygii","Aves",NA,"Passeriformes","Acanthisittidae",NA,"Xenicus",NA,NA,NA,NA,NA,NA,NA,NA,NA,NA
"forward_row_1",1559953773,"KY410989.1",3,301,321,"226563",2,"reverse_row_1",0,519,493,2,218,226563,"Nannosciurus melanotis",NA,"Metazoa","Chordata","Craniata","Sarcopterygii","Mammalia",NA,"Rodentia","Sciuridae","Callosciurinae","Nannosciurus",NA,NA,"Euarchontoglires",NA,"Callosciurini",NA,NA,NA,NA,NA
"forward_row_1",1595961178,"MK434261.1",2,305,322,"2558235",2,"reverse_row_1",0,528,502,2,223,2558235,"Canirallus oculeus",NA,"Metazoa","Chordata","Craniata","Sarcopterygii","Aves",NA,"Gruiformes","Rallidae",NA,"Canirallus",NA,NA,NA,NA,NA,NA,NA,NA,NA,NA
"forward_row_1",1672732419,"MK847864.1",2,155,175,"201717",2,"reverse_row_1",0,370,344,2,215,201717,"Myotragus balearicus",NA,"Metazoa","Chordata","Craniata","Sarcopterygii","Mammalia",NA,"Artiodactyla","Bovidae","Caprinae","Myotragus","Pecora",NA,"Laurasiatheria",NA,NA,NA,NA,NA,NA,NA
"forward_row_1",1865332580,"MN927585.1",3,1426,1446,"30405",2,"reverse_row_1",1,1652,1626,2,226,30405,"Rollulus rouloul",NA,"Metazoa","Chordata","Craniata","Sarcopterygii","Aves",NA,"Galliformes","Phasianidae","Perdicinae","Rollulus",NA,NA,"Galloanserae",NA,NA,NA,NA,NA,NA,NA
"forward_row_1",2708114909,"OR750881.1",2,306,323,"54484",2,"reverse_row_1",2,528,504,2,222,54484,"Porphyrio mantelli",NA,"Metazoa","Chordata","Craniata","Sarcopterygii","Aves",NA,"Gruiformes","Rallidae",NA,"Porphyrio",NA,NA,NA,NA,NA,NA,NA,NA,NA,NA
"forward_row_1",2866542079,"PQ723612.1",3,302,322,"2497798",2,"reverse_row_1",0,523,497,2,221,2497798,"Poliocephalus rufopectus",NA,"Metazoa","Chordata","Craniata","Sarcopterygii","Aves",NA,"Podicipediformes","Podicipedidae",NA,"Poliocephalus",NA,NA,NA,NA,NA,NA,NA,NA,NA,NA
"forward_row_1",33385552,"AY218028.1",3,217,237,"156905",2,"reverse_row_1",0,432,412,2,215,156905,"Scelotes bipes",NA,"Metazoa","Chordata","Craniata","Sarcopterygii","Lepidosauria",NA,"Squamata","Scincidae","Scincinae","Scelotes","Scinciformata",NA,NA,NA,NA,NA,NA,NA,NA,NA
"forward_row_1",67090568,"DQ055719.1",3,35,55,"239969",2,"reverse_row_1",0,263,237,2,228,239969,"Pachyornis australis",NA,"Metazoa","Chordata","Craniata","Sarcopterygii","Aves",NA,"Dinornithiformes","Emeidae",NA,"Pachyornis",NA,NA,"Palaeognathae",NA,NA,NA,NA,NA,NA,NA
"forward_row_1",261348153,"GQ925784.1",3,215,235,"9238",2,"reverse_row_1",0,442,416,2,227,9238,"Pygoscelis adeliae",NA,"Metazoa","Chordata","Craniata","Sarcopterygii","Aves",NA,"Sphenisciformes","Spheniscidae",NA,"Pygoscelis",NA,NA,NA,NA,NA,NA,NA,NA,NA,NA
"forward_row_1",261348166,"GQ925785.1",3,215,235,"9238",2,"reverse_row_1",0,442,416,2,227,9238,"Pygoscelis adeliae",NA,"Metazoa","Chordata","Craniata","Sarcopterygii","Aves",NA,"Sphenisciformes","Spheniscidae",NA,"Pygoscelis",NA,NA,NA,NA,NA,NA,NA,NA,NA,NA
"forward_row_1",261348179,"GQ925786.1",3,215,235,"9238",2,"reverse_row_1",0,442,416,2,227,9238,"Pygoscelis adeliae",NA,"Metazoa","Chordata","Craniata","Sarcopterygii","Aves",NA,"Sphenisciformes","Spheniscidae",NA,"Pygoscelis",NA,NA,NA,NA,NA,NA,NA,NA,NA,NA
"forward_row_1",261348217,"GQ925789.1",3,215,235,"9238",2,"reverse_row_1",0,442,416,2,227,9238,"Pygoscelis adeliae",NA,"Metazoa","Chordata","Craniata","Sarcopterygii","Aves",NA,"Sphenisciformes","Spheniscidae",NA,"Pygoscelis",NA,NA,NA,NA,NA,NA,NA,NA,NA,NA
"forward_row_1",410708974,"JQ389801.1",2,233,253,"884336",2,"reverse_row_1",0,422,401,2,189,884336,"Cordylus ukingensis",NA,"Metazoa","Chordata","Craniata","Sarcopterygii","Lepidosauria",NA,"Squamata","Cordylidae","Cordylinae","Cordylus","Scinciformata",NA,NA,"Cordyloidea",NA,NA,NA,NA,NA,NA
"forward_row_1",527355051,"KC993005.1",3,283,303,"1357419",2,"reverse_row_1",0,499,473,2,216,1357419,"Sciurus vulgaris",NA,"Metazoa","Chordata","Craniata","Sarcopterygii","Mammalia",NA,"Rodentia","Sciuridae","Sciurinae","Sciurus",NA,NA,"Euarchontoglires",NA,"Sciurini","Sciurus vulgaris fuscoater",NA,NA,NA,NA
"forward_row_1",558478975,"KF661089.1",3,123,143,"9612",2,"reverse_row_1",0,339,313,2,216,9612,"Canis lupus",NA,"Metazoa","Chordata","Craniata","Sarcopterygii","Mammalia",NA,"Carnivora","Canidae",NA,"Canis",NA,NA,"Laurasiatheria",NA,NA,NA,NA,NA,NA,NA
"forward_row_1",820869586,"KR132591.1",3,1254,1274,"9691",2,"reverse_row_1",0,1471,1445,2,217,9691,"Panthera pardus",NA,"Metazoa","Chordata","Craniata","Sarcopterygii","Mammalia",NA,"Carnivora","Felidae","Pantherinae","Panthera",NA,NA,"Laurasiatheria",NA,NA,NA,NA,NA,NA,NA
"forward_row_1",848117515,"KR180302.1",3,279,299,"9733",2,"reverse_row_1",0,497,471,2,218,9733,"Orcinus orca",NA,"Metazoa","Chordata","Craniata","Sarcopterygii","Mammalia",NA,"Artiodactyla","Delphinidae",NA,"Orcinus","Cetacea",NA,"Laurasiatheria",NA,NA,NA,NA,NA,"Odontoceti",NA
"forward_row_1",1041501730,"KU057259.1",3,169,189,"1868287",2,"reverse_row_1",0,394,368,2,225,1868287,"Sylvilagus andinus",NA,"Metazoa","Chordata","Craniata","Sarcopterygii","Mammalia",NA,"Lagomorpha","Leporidae",NA,"Sylvilagus",NA,NA,"Euarchontoglires",NA,NA,NA,NA,NA,NA,NA
"forward_row_1",1039678278,"KU605058.1",2,186,204,"9838",2,"reverse_row_1",0,401,375,2,215,9838,"Camelus dromedarius",NA,"Metazoa","Chordata","Craniata","Sarcopterygii","Mammalia",NA,"Artiodactyla","Camelidae",NA,"Camelus",NA,NA,"Laurasiatheria",NA,NA,NA,NA,NA,NA,NA
"forward_row_1",1039678330,"KU605062.1",2,295,313,"9838",2,"reverse_row_1",0,510,484,2,215,9838,"Camelus dromedarius",NA,"Metazoa","Chordata","Craniata","Sarcopterygii","Mammalia",NA,"Artiodactyla","Camelidae",NA,"Camelus",NA,NA,"Laurasiatheria",NA,NA,NA,NA,NA,NA,NA
"forward_row_1",1039678345,"KU605063.1",2,295,313,"9838",2,"reverse_row_1",0,510,484,2,215,9838,"Camelus dromedarius",NA,"Metazoa","Chordata","Craniata","Sarcopterygii","Mammalia",NA,"Artiodactyla","Camelidae",NA,"Camelus",NA,NA,"Laurasiatheria",NA,NA,NA,NA,NA,NA,NA
"forward_row_1",1039678372,"KU605065.1",2,200,218,"9838",2,"reverse_row_1",0,415,389,2,215,9838,"Camelus dromedarius",NA,"Metazoa","Chordata","Craniata","Sarcopterygii","Mammalia",NA,"Artiodactyla","Camelidae",NA,"Camelus",NA,NA,"Laurasiatheria",NA,NA,NA,NA,NA,NA,NA
"forward_row_1",1039678421,"KU605069.1",2,272,290,"9838",2,"reverse_row_1",0,487,461,2,215,9838,"Camelus dromedarius",NA,"Metazoa","Chordata","Craniata","Sarcopterygii","Mammalia",NA,"Artiodactyla","Camelidae",NA,"Camelus",NA,NA,"Laurasiatheria",NA,NA,NA,NA,NA,NA,NA
"forward_row_1",1039678436,"KU605070.1",2,295,313,"9838",2,"reverse_row_1",0,510,484,2,215,9838,"Camelus dromedarius",NA,"Metazoa","Chordata","Craniata","Sarcopterygii","Mammalia",NA,"Artiodactyla","Camelidae",NA,"Camelus",NA,NA,"Laurasiatheria",NA,NA,NA,NA,NA,NA,NA
"forward_row_1",1169129464,"KX857763.1",3,299,319,"37029",2,"reverse_row_1",0,515,489,2,216,37029,"Prionailurus bengalensis",NA,"Metazoa","Chordata","Craniata","Sarcopterygii","Mammalia",NA,"Carnivora","Felidae","Felinae","Prionailurus",NA,NA,"Laurasiatheria",NA,NA,NA,NA,NA,NA,NA
"forward_row_1",1169129478,"KX857764.1",3,299,319,"37029",2,"reverse_row_1",0,515,489,2,216,37029,"Prionailurus bengalensis",NA,"Metazoa","Chordata","Craniata","Sarcopterygii","Mammalia",NA,"Carnivora","Felidae","Felinae","Prionailurus",NA,NA,"Laurasiatheria",NA,NA,NA,NA,NA,NA,NA
"forward_row_1",1169129828,"KX857789.1",3,274,294,"37029",2,"reverse_row_1",0,490,464,2,216,37029,"Prionailurus bengalensis",NA,"Metazoa","Chordata","Craniata","Sarcopterygii","Mammalia",NA,"Carnivora","Felidae","Felinae","Prionailurus",NA,NA,"Laurasiatheria",NA,NA,NA,NA,NA,NA,NA
"forward_row_1",1169129856,"KX857791.1",3,299,319,"37029",2,"reverse_row_1",0,515,489,2,216,37029,"Prionailurus bengalensis",NA,"Metazoa","Chordata","Craniata","Sarcopterygii","Mammalia",NA,"Carnivora","Felidae","Felinae","Prionailurus",NA,NA,"Laurasiatheria",NA,NA,NA,NA,NA,NA,NA
"forward_row_1",1149320466,"KY052101.1",3,258,278,"1954410",2,"reverse_row_1",0,473,447,2,215,1954410,"Muntiacus sp. THA4",NA,"Metazoa","Chordata","Craniata","Sarcopterygii","Mammalia",NA,"Artiodactyla","Cervidae","Muntiacinae","Muntiacus","Pecora",NA,"Laurasiatheria",NA,NA,NA,NA,NA,NA,NA
"forward_row_1",1177808636,"KY117559.1",3,262,282,"1826178",2,"reverse_row_1",0,477,451,2,215,1826178,"Muntiacus atherodes",NA,"Metazoa","Chordata","Craniata","Sarcopterygii","Mammalia",NA,"Artiodactyla","Cervidae","Muntiacinae","Muntiacus","Pecora",NA,"Laurasiatheria",NA,NA,NA,NA,NA,NA,NA
"forward_row_1",1559952559,"KY410903.1",3,298,318,"64678",2,"reverse_row_1",0,514,488,2,216,64678,"Callosciurus notatus",NA,"Metazoa","Chordata","Craniata","Sarcopterygii","Mammalia",NA,"Rodentia","Sciuridae","Callosciurinae","Callosciurus",NA,NA,"Euarchontoglires",NA,"Callosciurini",NA,NA,NA,NA,NA
"forward_row_1",1559953662,"KY410981.1",3,300,320,"461710",2,"reverse_row_1",0,517,491,2,217,461710,"Tamiops mcclellandii",NA,"Metazoa","Chordata","Craniata","Sarcopterygii","Mammalia",NA,"Rodentia","Sciuridae","Callosciurinae","Tamiops",NA,NA,"Euarchontoglires",NA,"Callosciurini",NA,NA,NA,NA,NA
"forward_row_1",1559953869,"KY410996.1",3,297,317,"64681",2,"reverse_row_1",0,515,489,2,218,64681,"Funambulus pennantii",NA,"Metazoa","Chordata","Craniata","Sarcopterygii","Mammalia",NA,"Rodentia","Sciuridae","Callosciurinae","Funambulus",NA,NA,"Euarchontoglires",NA,"Funambulini",NA,NA,NA,NA,NA
"forward_row_1",1198272632,"KY814711.1",3,226,246,"34854",2,"reverse_row_1",0,445,419,2,219,34854,"Rattus exulans",NA,"Metazoa","Chordata","Craniata","Sarcopterygii","Mammalia",NA,"Rodentia","Muridae","Murinae","Rattus",NA,NA,"Euarchontoglires",NA,NA,NA,NA,NA,NA,NA
"forward_row_1",1198272660,"KY814713.1",3,286,306,"34854",2,"reverse_row_1",0,502,479,2,216,34854,"Rattus exulans",NA,"Metazoa","Chordata","Craniata","Sarcopterygii","Mammalia",NA,"Rodentia","Muridae","Murinae","Rattus",NA,NA,"Euarchontoglires",NA,NA,NA,NA,NA,NA,NA
"forward_row_1",1227110556,"KY980752.1",3,153,172,"274615",2,"reverse_row_1",3,340,316,2,187,274615,"Schistocerca pallens",NA,"Metazoa","Arthropoda","Hexapoda",NA,"Insecta","Pterygota","Orthoptera","Acrididae","Cyrtacanthacridinae","Schistocerca","Acrididea",NA,NA,"Acridoidea",NA,NA,NA,NA,NA,NA
"forward_row_1",1188497209,"KY987542.1",3,285,305,"1983451",2,"reverse_row_1",0,501,475,2,216,1983451,"Platygonus compressus",NA,"Metazoa","Chordata","Craniata","Sarcopterygii","Mammalia",NA,"Artiodactyla","Tayassuidae",NA,"Platygonus",NA,NA,"Laurasiatheria",NA,NA,NA,NA,NA,NA,NA
"forward_row_1",1188497231,"KY987544.1",3,292,312,"1983451",2,"reverse_row_1",0,508,482,2,216,1983451,"Platygonus compressus",NA,"Metazoa","Chordata","Craniata","Sarcopterygii","Mammalia",NA,"Artiodactyla","Tayassuidae",NA,"Platygonus",NA,NA,"Laurasiatheria",NA,NA,NA,NA,NA,NA,NA
"forward_row_1",1188497276,"KY987548.1",3,297,317,"1983451",2,"reverse_row_1",0,513,487,2,216,1983451,"Platygonus compressus",NA,"Metazoa","Chordata","Craniata","Sarcopterygii","Mammalia",NA,"Artiodactyla","Tayassuidae",NA,"Platygonus",NA,NA,"Laurasiatheria",NA,NA,NA,NA,NA,NA,NA
"forward_row_1",1188497371,"KY987555.1",3,251,271,"9829",2,"reverse_row_1",0,467,441,2,216,9829,"Dicotyles tajacu",NA,"Metazoa","Chordata","Craniata","Sarcopterygii","Mammalia",NA,"Artiodactyla","Tayassuidae",NA,"Dicotyles",NA,NA,"Laurasiatheria",NA,NA,NA,NA,NA,NA,NA
"forward_row_1",1795718835,"LR742774.1",3,270,290,"9615",2,"reverse_row_1",0,486,460,2,216,9615,"Canis lupus",NA,"Metazoa","Chordata","Craniata","Sarcopterygii","Mammalia",NA,"Carnivora","Canidae",NA,"Canis",NA,NA,"Laurasiatheria",NA,NA,"Canis lupus familiaris",NA,NA,NA,NA
"forward_row_1",1795715379,"LR745087.1",3,295,315,"9615",2,"reverse_row_1",0,511,485,2,216,9615,"Canis lupus",NA,"Metazoa","Chordata","Craniata","Sarcopterygii","Mammalia",NA,"Carnivora","Canidae",NA,"Canis",NA,NA,"Laurasiatheria",NA,NA,"Canis lupus familiaris",NA,NA,NA,NA
"forward_row_1",2031777355,"LR884207.1",2,293,313,"9925",2,"reverse_row_1",0,508,482,2,215,9925,"Capra hircus",NA,"Metazoa","Chordata","Craniata","Sarcopterygii","Mammalia",NA,"Artiodactyla","Bovidae","Caprinae","Capra","Pecora",NA,"Laurasiatheria",NA,NA,NA,NA,NA,NA,NA
"forward_row_1",1468550251,"LS992579.1",2,293,313,"9925",2,"reverse_row_1",0,508,482,2,215,9925,"Capra hircus",NA,"Metazoa","Chordata","Craniata","Sarcopterygii","Mammalia",NA,"Artiodactyla","Bovidae","Caprinae","Capra","Pecora",NA,"Laurasiatheria",NA,NA,NA,NA,NA,NA,NA
"forward_row_1",1468550255,"LS992583.1",2,293,313,"9925",2,"reverse_row_1",0,508,482,2,215,9925,"Capra hircus",NA,"Metazoa","Chordata","Craniata","Sarcopterygii","Mammalia",NA,"Artiodactyla","Bovidae","Caprinae","Capra","Pecora",NA,"Laurasiatheria",NA,NA,NA,NA,NA,NA,NA
"forward_row_1",1468550324,"LS992641.1",2,293,313,"9925",2,"reverse_row_1",0,508,482,2,215,9925,"Capra hircus",NA,"Metazoa","Chordata","Craniata","Sarcopterygii","Mammalia",NA,"Artiodactyla","Bovidae","Caprinae","Capra","Pecora",NA,"Laurasiatheria",NA,NA,NA,NA,NA,NA,NA
"forward_row_1",1468550336,"LS992653.1",2,293,313,"9925",2,"reverse_row_1",0,508,482,2,215,9925,"Capra hircus",NA,"Metazoa","Chordata","Craniata","Sarcopterygii","Mammalia",NA,"Artiodactyla","Bovidae","Caprinae","Capra","Pecora",NA,"Laurasiatheria",NA,NA,NA,NA,NA,NA,NA
"forward_row_1",1468550339,"LS992656.1",2,293,313,"9925",2,"reverse_row_1",0,508,482,2,215,9925,"Capra hircus",NA,"Metazoa","Chordata","Craniata","Sarcopterygii","Mammalia",NA,"Artiodactyla","Bovidae","Caprinae","Capra","Pecora",NA,"Laurasiatheria",NA,NA,NA,NA,NA,NA,NA
"forward_row_1",1344456586,"MF134653.1",3,651,671,"268291",2,"reverse_row_1",0,866,840,2,215,268291,"Bison priscus",NA,"Metazoa","Chordata","Craniata","Sarcopterygii","Mammalia",NA,"Artiodactyla","Bovidae","Bovinae","Bison","Pecora",NA,"Laurasiatheria",NA,NA,NA,NA,NA,NA,NA
"forward_row_1",1280120369,"MF134660.1",3,300,320,"1983743",2,"reverse_row_1",1,515,489,2,215,1983743,"Haringtonhippus francisci",NA,"Metazoa","Chordata","Craniata","Sarcopterygii","Mammalia",NA,"Perissodactyla","Equidae",NA,"Haringtonhippus",NA,NA,"Laurasiatheria",NA,NA,NA,NA,NA,NA,NA
"forward_row_1",1280120397,"MF134662.1",3,300,320,"1983743",2,"reverse_row_1",0,515,489,2,215,1983743,"Haringtonhippus francisci",NA,"Metazoa","Chordata","Craniata","Sarcopterygii","Mammalia",NA,"Perissodactyla","Equidae",NA,"Haringtonhippus",NA,NA,"Laurasiatheria",NA,NA,NA,NA,NA,NA,NA
"forward_row_1",1297050412,"MF180231.1",0,295,313,"13095",2,"reverse_row_1",0,519,493,2,224,13095,"Hypophthalmichthys molitrix",NA,"Metazoa","Chordata","Craniata","Actinopterygii","Actinopteri","Neopterygii","Cypriniformes","Xenocyprididae","Xenocypridinae","Hypophthalmichthys",NA,"Ostariophysi","Cypriniphysae",NA,NA,NA,NA,NA,NA,NA
"forward_row_1",1248842844,"MF279250.1",3,234,254,"1088130",2,"reverse_row_1",0,449,423,2,215,1088130,"Rusa timorensis",NA,"Metazoa","Chordata","Craniata","Sarcopterygii","Mammalia",NA,"Artiodactyla","Cervidae","Cervinae","Rusa","Pecora",NA,"Laurasiatheria",NA,NA,NA,NA,NA,NA,NA
"forward_row_1",1273480894,"MF595518.1",3,298,318,"187118",2,"reverse_row_1",0,525,499,2,227,187118,"Ectopistes migratorius",NA,"Metazoa","Chordata","Craniata","Sarcopterygii","Aves",NA,"Columbiformes","Columbidae",NA,"Ectopistes",NA,NA,NA,NA,NA,NA,NA,NA,NA,NA
"forward_row_1",1278208991,"MF669492.1",3,292,312,"9742",2,"reverse_row_1",0,509,483,2,217,9742,"Phocoena phocoena",NA,"Metazoa","Chordata","Craniata","Sarcopterygii","Mammalia",NA,"Artiodactyla","Phocoenidae",NA,"Phocoena","Cetacea",NA,"Laurasiatheria",NA,NA,NA,NA,NA,"Odontoceti",NA
"forward_row_1",1735593290,"MF776868.1",3,284,304,"94623",2,"reverse_row_1",1,511,485,2,227,94623,"Pinguinus impennis",NA,"Metazoa","Chordata","Craniata","Sarcopterygii","Aves",NA,"Charadriiformes","Laridae",NA,"Pinguinus",NA,NA,NA,NA,NA,NA,NA,NA,NA,NA
"forward_row_1",1326033454,"MF872240.1",3,288,308,"9860",2,"reverse_row_1",0,503,477,2,215,9860,"Cervus elaphus",NA,"Metazoa","Chordata","Craniata","Sarcopterygii","Mammalia",NA,"Artiodactyla","Cervidae","Cervinae","Cervus","Pecora",NA,"Laurasiatheria",NA,NA,NA,NA,NA,NA,NA
"forward_row_1",1524754213,"MH937514.1",3,274,294,"2491732",2,"reverse_row_1",0,492,466,2,218,2491732,"Elasmotherium sibiricum",NA,"Metazoa","Chordata","Craniata","Sarcopterygii","Mammalia",NA,"Perissodactyla","Rhinocerotidae",NA,"Elasmotherium",NA,NA,"Laurasiatheria",NA,NA,NA,NA,NA,NA,NA
"forward_row_1",1595961233,"MK434265.1",2,278,295,"2558236",2,"reverse_row_1",2,498,473,2,220,2558236,"Aptornis otidiformis",NA,"Metazoa","Chordata","Craniata","Sarcopterygii","Aves",NA,"Gruiformes","Aptornithidae",NA,"Aptornis",NA,NA,NA,NA,NA,NA,NA,NA,NA,NA
"forward_row_1",1789850097,"MK937013.1",3,62,82,"9612",2,"reverse_row_1",0,278,252,2,216,9612,"Canis lupus",NA,"Metazoa","Chordata","Craniata","Sarcopterygii","Mammalia",NA,"Carnivora","Canidae",NA,"Canis",NA,NA,"Laurasiatheria",NA,NA,NA,NA,NA,NA,NA
"forward_row_1",1789850151,"MK937017.1",3,290,310,"9612",2,"reverse_row_1",0,506,480,2,216,9612,"Canis lupus",NA,"Metazoa","Chordata","Craniata","Sarcopterygii","Mammalia",NA,"Carnivora","Canidae",NA,"Canis",NA,NA,"Laurasiatheria",NA,NA,NA,NA,NA,NA,NA
"forward_row_1",1777433935,"MN196504.1",2,1616,1636,"100858",2,"reverse_row_1",0,1843,1817,2,227,100858,"Threskiornis aethiopicus",NA,"Metazoa","Chordata","Craniata","Sarcopterygii","Aves",NA,"Pelecaniformes","Threskiornithidae",NA,"Threskiornis",NA,NA,NA,NA,NA,NA,NA,NA,NA,NA
"forward_row_1",2214481823,"MN460849.1",3,225,245,"41261",2,"reverse_row_1",0,442,416,2,217,41261,"Glis glis",NA,"Metazoa","Chordata","Craniata","Sarcopterygii","Mammalia",NA,"Rodentia","Gliridae","Glirinae","Glis",NA,NA,"Euarchontoglires",NA,NA,NA,NA,NA,NA,NA
"forward_row_1",1827515107,"MN699622.1",3,271,291,"9615",2,"reverse_row_1",0,487,461,2,216,9615,"Canis lupus",NA,"Metazoa","Chordata","Craniata","Sarcopterygii","Mammalia",NA,"Carnivora","Canidae",NA,"Canis",NA,NA,"Laurasiatheria",NA,NA,"Canis lupus familiaris",NA,NA,NA,NA
"forward_row_1",1827515149,"MN699625.1",3,281,301,"9615",2,"reverse_row_1",0,497,471,2,216,9615,"Canis lupus",NA,"Metazoa","Chordata","Craniata","Sarcopterygii","Mammalia",NA,"Carnivora","Canidae",NA,"Canis",NA,NA,"Laurasiatheria",NA,NA,"Canis lupus familiaris",NA,NA,NA,NA
"forward_row_1",1836272516,"MT028216.1",3,300,320,"166293",2,"reverse_row_1",0,515,489,2,215,166293,"Martes americana",NA,"Metazoa","Chordata","Craniata","Sarcopterygii","Mammalia",NA,"Carnivora","Mustelidae","Guloninae","Martes",NA,NA,"Laurasiatheria","Musteloidea",NA,"Martes americana caurina",NA,NA,NA,NA
"forward_row_1",1866608416,"MT559408.1",3,305,325,"94194",2,"reverse_row_1",0,522,496,2,217,94194,"Prionodon linsang",NA,"Metazoa","Chordata","Craniata","Sarcopterygii","Mammalia",NA,"Carnivora","Viverridae","Prionodontinae","Prionodon",NA,NA,"Laurasiatheria",NA,NA,NA,NA,NA,NA,NA
"forward_row_1",1899921924,"MT913781.1",3,261,281,"2770979",2,"reverse_row_1",0,480,454,2,219,2770979,"Panthera spelaea",NA,"Metazoa","Chordata","Craniata","Sarcopterygii","Mammalia",NA,"Carnivora","Felidae","Pantherinae","Panthera",NA,NA,"Laurasiatheria",NA,NA,NA,NA,NA,NA,NA
"forward_row_1",1967014820,"MW228407.1",2,81,101,"37189",2,"reverse_row_1",0,296,270,2,215,37189,"Hippotragus niger",NA,"Metazoa","Chordata","Craniata","Sarcopterygii","Mammalia",NA,"Artiodactyla","Bovidae","Hippotraginae","Hippotragus","Pecora",NA,"Laurasiatheria",NA,NA,NA,NA,NA,NA,NA
"forward_row_1",2032036050,"MW689249.1",2,630,650,"9909",2,"reverse_row_1",0,845,819,2,215,9909,"Bos primigenius",NA,"Metazoa","Chordata","Craniata","Sarcopterygii","Mammalia",NA,"Artiodactyla","Bovidae","Bovinae","Bos","Pecora",NA,"Laurasiatheria",NA,NA,NA,NA,NA,NA,NA
"forward_row_1",2032036107,"MW689253.1",2,632,652,"9913",2,"reverse_row_1",0,847,821,2,215,9913,"Bos taurus",NA,"Metazoa","Chordata","Craniata","Sarcopterygii","Mammalia",NA,"Artiodactyla","Bovidae","Bovinae","Bos","Pecora",NA,"Laurasiatheria",NA,NA,NA,NA,NA,NA,NA
"forward_row_1",2057493070,"MW846092.1",3,263,283,"46122",2,"reverse_row_1",0,479,453,2,216,46122,"Equus sp.",NA,"Metazoa","Chordata","Craniata","Sarcopterygii","Mammalia",NA,"Perissodactyla","Equidae",NA,"Equus",NA,NA,"Laurasiatheria",NA,NA,NA,NA,NA,NA,NA
"forward_row_1",2057493112,"MW846095.1",3,154,174,"46122",2,"reverse_row_1",0,371,345,2,217,46122,"Equus sp.",NA,"Metazoa","Chordata","Craniata","Sarcopterygii","Mammalia",NA,"Perissodactyla","Equidae",NA,"Equus",NA,NA,"Laurasiatheria",NA,NA,NA,NA,NA,NA,NA
"forward_row_1",2057493630,"MW846132.1",3,301,321,"46122",2,"reverse_row_1",0,514,492,2,213,46122,"Equus sp.",NA,"Metazoa","Chordata","Craniata","Sarcopterygii","Mammalia",NA,"Perissodactyla","Equidae",NA,"Equus",NA,NA,"Laurasiatheria",NA,NA,NA,NA,NA,NA,NA
"forward_row_1",2057493742,"MW846140.1",3,277,297,"46122",2,"reverse_row_1",0,494,468,2,217,46122,"Equus sp.",NA,"Metazoa","Chordata","Craniata","Sarcopterygii","Mammalia",NA,"Perissodactyla","Equidae",NA,"Equus",NA,NA,"Laurasiatheria",NA,NA,NA,NA,NA,NA,NA
"forward_row_1",2057493756,"MW846141.1",3,253,273,"46122",2,"reverse_row_1",0,470,444,2,217,46122,"Equus sp.",NA,"Metazoa","Chordata","Craniata","Sarcopterygii","Mammalia",NA,"Perissodactyla","Equidae",NA,"Equus",NA,NA,"Laurasiatheria",NA,NA,NA,NA,NA,NA,NA
"forward_row_1",2057493796,"MW846144.1",3,301,321,"46122",2,"reverse_row_1",0,510,492,2,209,46122,"Equus sp.",NA,"Metazoa","Chordata","Craniata","Sarcopterygii","Mammalia",NA,"Perissodactyla","Equidae",NA,"Equus",NA,NA,"Laurasiatheria",NA,NA,NA,NA,NA,NA,NA
"forward_row_1",2057493866,"MW846149.1",2,304,321,"46122",2,"reverse_row_1",0,517,491,2,213,46122,"Equus sp.",NA,"Metazoa","Chordata","Craniata","Sarcopterygii","Mammalia",NA,"Perissodactyla","Equidae",NA,"Equus",NA,NA,"Laurasiatheria",NA,NA,NA,NA,NA,NA,NA
"forward_row_1",2255172962,"MW883525.1",3,237,257,"1094189",2,"reverse_row_1",0,466,440,2,229,1094189,"Menura alberti",NA,"Metazoa","Chordata","Craniata","Sarcopterygii","Aves",NA,"Passeriformes","Menuridae",NA,"Menura",NA,NA,NA,NA,NA,NA,NA,NA,NA,NA
"forward_row_1",2255173132,"MW883538.1",2,296,314,"2952816",2,"reverse_row_1",0,523,497,2,227,2952816,"Cyclopsitta diophthalma",NA,"Metazoa","Chordata","Craniata","Sarcopterygii","Aves",NA,"Psittaciformes","Psittacidae",NA,"Cyclopsitta",NA,NA,NA,NA,NA,"Cyclopsitta diophthalma coxeni",NA,NA,NA,NA
"forward_row_1",2255172713,"MZ128788.1",2,242,262,"2489341",2,"reverse_row_1",0,470,444,2,228,2489341,"Strigops habroptila",NA,"Metazoa","Chordata","Craniata","Sarcopterygii","Aves",NA,"Psittaciformes","Psittacidae",NA,"Strigops",NA,NA,NA,NA,NA,NA,NA,NA,NA,NA
"forward_row_1",2275335085,"MZ430521.1",2,295,313,"2966214",2,"reverse_row_1",0,510,484,2,215,2966214,"Camelus knoblochi",NA,"Metazoa","Chordata","Craniata","Sarcopterygii","Mammalia",NA,"Artiodactyla","Camelidae",NA,"Camelus",NA,NA,"Laurasiatheria",NA,NA,NA,NA,NA,NA,NA
"forward_row_1",2102343647,"MZ595099.1",2,191,211,"9315",2,"reverse_row_1",0,412,386,2,221,9315,"Notamacropus eugenii",NA,"Metazoa","Chordata","Craniata","Sarcopterygii","Mammalia",NA,"Diprotodontia","Macropodidae",NA,"Notamacropus",NA,NA,NA,NA,NA,NA,NA,NA,NA,NA
"forward_row_1",2095841949,"MZ672024.1",3,1178,1198,"13125",2,"reverse_row_1",0,1399,1373,2,221,13125,"Lynx lynx",NA,"Metazoa","Chordata","Craniata","Sarcopterygii","Mammalia",NA,"Carnivora","Felidae","Felinae","Lynx",NA,NA,"Laurasiatheria",NA,NA,NA,NA,NA,NA,NA
"forward_row_1",2132854038,"OK513018.1",3,911,931,"402889",2,"reverse_row_1",0,1130,1104,2,219,402889,"Panthera leo",NA,"Metazoa","Chordata","Craniata","Sarcopterygii","Mammalia",NA,"Carnivora","Felidae","Pantherinae","Panthera",NA,NA,"Laurasiatheria",NA,NA,"Panthera leo atrox",NA,NA,NA,NA
"forward_row_1",2165717499,"OL547441.1",2,288,308,"9823",2,"reverse_row_1",0,504,478,2,216,9823,"Sus scrofa",NA,"Metazoa","Chordata","Craniata","Sarcopterygii","Mammalia",NA,"Artiodactyla","Suidae",NA,"Sus",NA,NA,"Laurasiatheria",NA,NA,NA,NA,NA,NA,NA
"forward_row_1",2165717527,"OL547443.1",2,286,306,"9823",2,"reverse_row_1",0,502,476,2,216,9823,"Sus scrofa",NA,"Metazoa","Chordata","Craniata","Sarcopterygii","Mammalia",NA,"Artiodactyla","Suidae",NA,"Sus",NA,NA,"Laurasiatheria",NA,NA,NA,NA,NA,NA,NA
"forward_row_1",2165717555,"OL547445.1",2,292,312,"9823",2,"reverse_row_1",0,508,482,2,216,9823,"Sus scrofa",NA,"Metazoa","Chordata","Craniata","Sarcopterygii","Mammalia",NA,"Artiodactyla","Suidae",NA,"Sus",NA,NA,"Laurasiatheria",NA,NA,NA,NA,NA,NA,NA
"forward_row_1",2165717569,"OL547446.1",2,294,314,"9823",2,"reverse_row_1",0,510,484,2,216,9823,"Sus scrofa",NA,"Metazoa","Chordata","Craniata","Sarcopterygii","Mammalia",NA,"Artiodactyla","Suidae",NA,"Sus",NA,NA,"Laurasiatheria",NA,NA,NA,NA,NA,NA,NA
"forward_row_1",2165717583,"OL547447.1",2,297,317,"9823",2,"reverse_row_1",0,513,487,2,216,9823,"Sus scrofa",NA,"Metazoa","Chordata","Craniata","Sarcopterygii","Mammalia",NA,"Artiodactyla","Suidae",NA,"Sus",NA,NA,"Laurasiatheria",NA,NA,NA,NA,NA,NA,NA
"forward_row_1",2165717597,"OL547448.1",2,286,306,"9823",2,"reverse_row_1",0,502,476,2,216,9823,"Sus scrofa",NA,"Metazoa","Chordata","Craniata","Sarcopterygii","Mammalia",NA,"Artiodactyla","Suidae",NA,"Sus",NA,NA,"Laurasiatheria",NA,NA,NA,NA,NA,NA,NA
"forward_row_1",2165717625,"OL547450.1",2,294,314,"9823",2,"reverse_row_1",0,510,484,2,216,9823,"Sus scrofa",NA,"Metazoa","Chordata","Craniata","Sarcopterygii","Mammalia",NA,"Artiodactyla","Suidae",NA,"Sus",NA,NA,"Laurasiatheria",NA,NA,NA,NA,NA,NA,NA
"forward_row_1",2165717639,"OL547451.1",2,290,310,"9823",2,"reverse_row_1",0,506,480,2,216,9823,"Sus scrofa",NA,"Metazoa","Chordata","Craniata","Sarcopterygii","Mammalia",NA,"Artiodactyla","Suidae",NA,"Sus",NA,NA,"Laurasiatheria",NA,NA,NA,NA,NA,NA,NA
"forward_row_1",2165717653,"OL547452.1",2,290,310,"9823",2,"reverse_row_1",0,506,480,2,216,9823,"Sus scrofa",NA,"Metazoa","Chordata","Craniata","Sarcopterygii","Mammalia",NA,"Artiodactyla","Suidae",NA,"Sus",NA,NA,"Laurasiatheria",NA,NA,NA,NA,NA,NA,NA
"forward_row_1",2165717667,"OL547453.1",2,293,313,"9823",2,"reverse_row_1",0,509,483,2,216,9823,"Sus scrofa",NA,"Metazoa","Chordata","Craniata","Sarcopterygii","Mammalia",NA,"Artiodactyla","Suidae",NA,"Sus",NA,NA,"Laurasiatheria",NA,NA,NA,NA,NA,NA,NA
"forward_row_1",2165717681,"OL547454.1",2,293,313,"9823",2,"reverse_row_1",0,509,483,2,216,9823,"Sus scrofa",NA,"Metazoa","Chordata","Craniata","Sarcopterygii","Mammalia",NA,"Artiodactyla","Suidae",NA,"Sus",NA,NA,"Laurasiatheria",NA,NA,NA,NA,NA,NA,NA
"forward_row_1",2165717695,"OL547455.1",2,295,315,"9823",2,"reverse_row_1",0,511,485,2,216,9823,"Sus scrofa",NA,"Metazoa","Chordata","Craniata","Sarcopterygii","Mammalia",NA,"Artiodactyla","Suidae",NA,"Sus",NA,NA,"Laurasiatheria",NA,NA,NA,NA,NA,NA,NA
"forward_row_1",2165717723,"OL547457.1",2,295,315,"9823",2,"reverse_row_1",0,511,485,2,216,9823,"Sus scrofa",NA,"Metazoa","Chordata","Craniata","Sarcopterygii","Mammalia",NA,"Artiodactyla","Suidae",NA,"Sus",NA,NA,"Laurasiatheria",NA,NA,NA,NA,NA,NA,NA
"forward_row_1",2165717737,"OL547458.1",2,287,307,"9823",2,"reverse_row_1",0,503,477,2,216,9823,"Sus scrofa",NA,"Metazoa","Chordata","Craniata","Sarcopterygii","Mammalia",NA,"Artiodactyla","Suidae",NA,"Sus",NA,NA,"Laurasiatheria",NA,NA,NA,NA,NA,NA,NA
"forward_row_1",2165717751,"OL547459.1",2,292,312,"9823",2,"reverse_row_1",0,508,482,2,216,9823,"Sus scrofa",NA,"Metazoa","Chordata","Craniata","Sarcopterygii","Mammalia",NA,"Artiodactyla","Suidae",NA,"Sus",NA,NA,"Laurasiatheria",NA,NA,NA,NA,NA,NA,NA
"forward_row_1",2165717793,"OL547462.1",2,281,301,"9823",2,"reverse_row_1",0,497,471,2,216,9823,"Sus scrofa",NA,"Metazoa","Chordata","Craniata","Sarcopterygii","Mammalia",NA,"Artiodactyla","Suidae",NA,"Sus",NA,NA,"Laurasiatheria",NA,NA,NA,NA,NA,NA,NA
"forward_row_1",2165717835,"OL547465.1",2,293,313,"9823",2,"reverse_row_1",0,509,483,2,216,9823,"Sus scrofa",NA,"Metazoa","Chordata","Craniata","Sarcopterygii","Mammalia",NA,"Artiodactyla","Suidae",NA,"Sus",NA,NA,"Laurasiatheria",NA,NA,NA,NA,NA,NA,NA
"forward_row_1",2165717863,"OL547467.1",2,296,316,"9823",2,"reverse_row_1",0,512,486,2,216,9823,"Sus scrofa",NA,"Metazoa","Chordata","Craniata","Sarcopterygii","Mammalia",NA,"Artiodactyla","Suidae",NA,"Sus",NA,NA,"Laurasiatheria",NA,NA,NA,NA,NA,NA,NA
"forward_row_1",2165717877,"OL547468.1",2,279,299,"9823",2,"reverse_row_1",0,495,469,2,216,9823,"Sus scrofa",NA,"Metazoa","Chordata","Craniata","Sarcopterygii","Mammalia",NA,"Artiodactyla","Suidae",NA,"Sus",NA,NA,"Laurasiatheria",NA,NA,NA,NA,NA,NA,NA
"forward_row_1",2165717891,"OL547469.1",2,294,314,"9823",2,"reverse_row_1",0,510,484,2,216,9823,"Sus scrofa",NA,"Metazoa","Chordata","Craniata","Sarcopterygii","Mammalia",NA,"Artiodactyla","Suidae",NA,"Sus",NA,NA,"Laurasiatheria",NA,NA,NA,NA,NA,NA,NA
"forward_row_1",2165717905,"OL547470.1",2,297,317,"9823",2,"reverse_row_1",0,513,487,2,216,9823,"Sus scrofa",NA,"Metazoa","Chordata","Craniata","Sarcopterygii","Mammalia",NA,"Artiodactyla","Suidae",NA,"Sus",NA,NA,"Laurasiatheria",NA,NA,NA,NA,NA,NA,NA
"forward_row_1",2165717919,"OL547471.1",2,293,313,"9823",2,"reverse_row_1",0,509,483,2,216,9823,"Sus scrofa",NA,"Metazoa","Chordata","Craniata","Sarcopterygii","Mammalia",NA,"Artiodactyla","Suidae",NA,"Sus",NA,NA,"Laurasiatheria",NA,NA,NA,NA,NA,NA,NA
"forward_row_1",2165717933,"OL547472.1",2,292,312,"9823",2,"reverse_row_1",0,508,482,2,216,9823,"Sus scrofa",NA,"Metazoa","Chordata","Craniata","Sarcopterygii","Mammalia",NA,"Artiodactyla","Suidae",NA,"Sus",NA,NA,"Laurasiatheria",NA,NA,NA,NA,NA,NA,NA
"forward_row_1",2165717948,"OL547473.1",2,296,316,"9823",2,"reverse_row_1",0,512,486,2,216,9823,"Sus scrofa",NA,"Metazoa","Chordata","Craniata","Sarcopterygii","Mammalia",NA,"Artiodactyla","Suidae",NA,"Sus",NA,NA,"Laurasiatheria",NA,NA,NA,NA,NA,NA,NA
"forward_row_1",2165717962,"OL547474.1",2,265,285,"9823",2,"reverse_row_1",0,481,455,2,216,9823,"Sus scrofa",NA,"Metazoa","Chordata","Craniata","Sarcopterygii","Mammalia",NA,"Artiodactyla","Suidae",NA,"Sus",NA,NA,"Laurasiatheria",NA,NA,NA,NA,NA,NA,NA
"forward_row_1",2165717976,"OL547475.1",2,289,309,"9823",2,"reverse_row_1",0,505,479,2,216,9823,"Sus scrofa",NA,"Metazoa","Chordata","Craniata","Sarcopterygii","Mammalia",NA,"Artiodactyla","Suidae",NA,"Sus",NA,NA,"Laurasiatheria",NA,NA,NA,NA,NA,NA,NA
"forward_row_1",2165718032,"OL547479.1",2,287,307,"9823",2,"reverse_row_1",0,503,477,2,216,9823,"Sus scrofa",NA,"Metazoa","Chordata","Craniata","Sarcopterygii","Mammalia",NA,"Artiodactyla","Suidae",NA,"Sus",NA,NA,"Laurasiatheria",NA,NA,NA,NA,NA,NA,NA
"forward_row_1",2315389769,"OL825719.1",3,275,295,"1983743",2,"reverse_row_1",0,490,464,2,215,1983743,"Haringtonhippus francisci",NA,"Metazoa","Chordata","Craniata","Sarcopterygii","Mammalia",NA,"Perissodactyla","Equidae",NA,"Haringtonhippus",NA,NA,"Laurasiatheria",NA,NA,NA,NA,NA,NA,NA
"forward_row_1",2315389783,"OL825720.1",3,243,263,"1983743",2,"reverse_row_1",0,458,432,2,215,1983743,"Haringtonhippus francisci",NA,"Metazoa","Chordata","Craniata","Sarcopterygii","Mammalia",NA,"Perissodactyla","Equidae",NA,"Haringtonhippus",NA,NA,"Laurasiatheria",NA,NA,NA,NA,NA,NA,NA
"forward_row_1",2315389811,"OL825722.1",3,228,248,"1983743",2,"reverse_row_1",0,443,417,2,215,1983743,"Haringtonhippus francisci",NA,"Metazoa","Chordata","Craniata","Sarcopterygii","Mammalia",NA,"Perissodactyla","Equidae",NA,"Haringtonhippus",NA,NA,"Laurasiatheria",NA,NA,NA,NA,NA,NA,NA
"forward_row_1",2229434135,"OM574933.1",3,293,313,"10117",2,"reverse_row_1",0,512,486,2,219,10117,"Rattus rattus",NA,"Metazoa","Chordata","Craniata","Sarcopterygii","Mammalia",NA,"Rodentia","Muridae","Murinae","Rattus",NA,NA,"Euarchontoglires",NA,NA,NA,NA,NA,NA,NA
"forward_row_1",2515404520,"OM743362.1",3,288,308,"9612",2,"reverse_row_1",0,504,478,2,216,9612,"Canis lupus",NA,"Metazoa","Chordata","Craniata","Sarcopterygii","Mammalia",NA,"Carnivora","Canidae",NA,"Canis",NA,NA,"Laurasiatheria",NA,NA,NA,NA,NA,NA,NA
"forward_row_1",2515404590,"OM743367.1",3,275,295,"9612",2,"reverse_row_1",0,491,465,2,216,9612,"Canis lupus",NA,"Metazoa","Chordata","Craniata","Sarcopterygii","Mammalia",NA,"Carnivora","Canidae",NA,"Canis",NA,NA,"Laurasiatheria",NA,NA,NA,NA,NA,NA,NA
"forward_row_1",2515405472,"OM743430.1",3,286,306,"9612",2,"reverse_row_1",0,502,476,2,216,9612,"Canis lupus",NA,"Metazoa","Chordata","Craniata","Sarcopterygii","Mammalia",NA,"Carnivora","Canidae",NA,"Canis",NA,NA,"Laurasiatheria",NA,NA,NA,NA,NA,NA,NA
"forward_row_1",2449204948,"OM809963.1",3,293,313,"3371160",2,"reverse_row_1",0,508,482,2,215,3371160,"Stenocranius gregalis",NA,"Metazoa","Chordata","Craniata","Sarcopterygii","Mammalia",NA,"Rodentia","Cricetidae",NA,"Stenocranius",NA,NA,"Euarchontoglires",NA,NA,NA,NA,NA,NA,NA
"forward_row_1",2449205340,"OM809991.1",3,293,313,"3371160",2,"reverse_row_1",0,508,482,2,215,3371160,"Stenocranius gregalis",NA,"Metazoa","Chordata","Craniata","Sarcopterygii","Mammalia",NA,"Rodentia","Cricetidae",NA,"Stenocranius",NA,NA,"Euarchontoglires",NA,NA,NA,NA,NA,NA,NA
"forward_row_1",2248385337,"ON468506.1",2,67,87,"59529",2,"reverse_row_1",0,282,256,2,215,59529,"Gazella subgutturosa",NA,"Metazoa","Chordata","Craniata","Sarcopterygii","Mammalia",NA,"Artiodactyla","Bovidae","Antilopinae","Gazella","Pecora",NA,"Laurasiatheria",NA,NA,NA,NA,NA,NA,NA
"forward_row_1",2587257328,"OP803074.1",3,301,321,"222863",2,"reverse_row_1",0,518,492,2,217,222863,"Coelodonta antiquitatis",NA,"Metazoa","Chordata","Craniata","Sarcopterygii","Mammalia",NA,"Perissodactyla","Rhinocerotidae",NA,"Coelodonta",NA,NA,"Laurasiatheria",NA,NA,NA,NA,NA,NA,NA
"forward_row_1",2512242242,"OQ160758.1",3,305,325,"3014084",2,"reverse_row_1",0,523,497,2,218,3014084,"Tamiops mcclellandii",NA,"Metazoa","Chordata","Craniata","Sarcopterygii","Mammalia",NA,"Rodentia","Sciuridae","Callosciurinae","Tamiops",NA,NA,"Euarchontoglires",NA,"Callosciurini","Tamiops mcclellandii collinus",NA,NA,NA,NA
"forward_row_1",2512242620,"OQ160785.1",3,307,327,"461707",2,"reverse_row_1",0,525,499,2,218,461707,"Dremomys gularis",NA,"Metazoa","Chordata","Craniata","Sarcopterygii","Mammalia",NA,"Rodentia","Sciuridae","Callosciurinae","Dremomys",NA,NA,"Euarchontoglires",NA,"Callosciurini",NA,NA,NA,NA,NA
"forward_row_1",2512242662,"OQ160788.1",3,307,327,"3014088",2,"reverse_row_1",1,525,499,2,218,3014088,"Callosciurus caniceps",NA,"Metazoa","Chordata","Craniata","Sarcopterygii","Mammalia",NA,"Rodentia","Sciuridae","Callosciurinae","Callosciurus",NA,NA,"Euarchontoglires",NA,"Callosciurini","Callosciurus caniceps caniceps",NA,NA,NA,NA
"forward_row_1",2644582749,"OQ160843.1",2,575,595,"9909",2,"reverse_row_1",0,790,764,2,215,9909,"Bos primigenius",NA,"Metazoa","Chordata","Craniata","Sarcopterygii","Mammalia",NA,"Artiodactyla","Bovidae","Bovinae","Bos","Pecora",NA,"Laurasiatheria",NA,NA,NA,NA,NA,NA,NA
"forward_row_1",2644582834,"OQ160849.1",2,641,661,"9909",2,"reverse_row_1",0,856,830,2,215,9909,"Bos primigenius",NA,"Metazoa","Chordata","Craniata","Sarcopterygii","Mammalia",NA,"Artiodactyla","Bovidae","Bovinae","Bos","Pecora",NA,"Laurasiatheria",NA,NA,NA,NA,NA,NA,NA
"forward_row_1",2644582904,"OQ160854.1",1,583,600,"9909",2,"reverse_row_1",0,795,769,2,212,9909,"Bos primigenius",NA,"Metazoa","Chordata","Craniata","Sarcopterygii","Mammalia",NA,"Artiodactyla","Bovidae","Bovinae","Bos","Pecora",NA,"Laurasiatheria",NA,NA,NA,NA,NA,NA,NA
"forward_row_1",2626078911,"OQ590031.1",2,292,312,"37186",2,"reverse_row_1",0,507,481,2,215,37186,"Hippotragus equinus",NA,"Metazoa","Chordata","Craniata","Sarcopterygii","Mammalia",NA,"Artiodactyla","Bovidae","Hippotraginae","Hippotragus","Pecora",NA,"Laurasiatheria",NA,NA,NA,NA,NA,NA,NA
"forward_row_1",2694307218,"OQ889160.1",3,278,298,"2003782",2,"reverse_row_1",0,496,470,2,218,2003782,"Stephanorhinus kirchbergensis",NA,"Metazoa","Chordata","Craniata","Sarcopterygii","Mammalia",NA,"Perissodactyla","Rhinocerotidae",NA,"Stephanorhinus",NA,NA,"Laurasiatheria",NA,NA,NA,NA,NA,NA,NA
"forward_row_1",2532152776,"OR120165.1",3,111,131,"9739",2,"reverse_row_1",0,329,303,2,218,9739,"Tursiops truncatus",NA,"Metazoa","Chordata","Craniata","Sarcopterygii","Mammalia",NA,"Artiodactyla","Delphinidae",NA,"Tursiops","Cetacea",NA,"Laurasiatheria",NA,NA,NA,NA,NA,"Odontoceti",NA
"forward_row_1",2543971535,"OR129839.1",3,280,300,"9615",2,"reverse_row_1",1,496,475,2,216,9615,"Canis lupus",NA,"Metazoa","Chordata","Craniata","Sarcopterygii","Mammalia",NA,"Carnivora","Canidae",NA,"Canis",NA,NA,"Laurasiatheria",NA,NA,"Canis lupus familiaris",NA,NA,NA,NA
"forward_row_1",2719241407,"OR449076.1",3,302,322,"3051453",2,"reverse_row_1",0,518,492,2,216,3051453,"Crocidura serezkyensis",NA,"Metazoa","Chordata","Craniata","Sarcopterygii","Mammalia",NA,"Eulipotyphla","Soricidae","Crocidurinae","Crocidura",NA,NA,"Laurasiatheria",NA,NA,NA,NA,NA,NA,NA
"forward_row_1",2233313835,"OW568916.1",2,293,313,"9923",2,"reverse_row_1",0,508,482,2,215,9923,"Capra aegagrus",NA,"Metazoa","Chordata","Craniata","Sarcopterygii","Mammalia",NA,"Artiodactyla","Bovidae","Caprinae","Capra","Pecora",NA,"Laurasiatheria",NA,NA,NA,NA,NA,NA,NA
"forward_row_1",2739354249,"PP454634.1",3,288,308,"9615",2,"reverse_row_1",0,504,478,2,216,9615,"Canis lupus",NA,"Metazoa","Chordata","Craniata","Sarcopterygii","Mammalia",NA,"Carnivora","Canidae",NA,"Canis",NA,NA,"Laurasiatheria",NA,NA,"Canis lupus familiaris",NA,NA,NA,NA
"forward_row_1",2739354263,"PP454635.1",3,279,299,"9615",2,"reverse_row_1",0,495,469,2,216,9615,"Canis lupus",NA,"Metazoa","Chordata","Craniata","Sarcopterygii","Mammalia",NA,"Carnivora","Canidae",NA,"Canis",NA,NA,"Laurasiatheria",NA,NA,"Canis lupus familiaris",NA,NA,NA,NA
"forward_row_1",2739354277,"PP454636.1",3,284,304,"9615",2,"reverse_row_1",0,500,474,2,216,9615,"Canis lupus",NA,"Metazoa","Chordata","Craniata","Sarcopterygii","Mammalia",NA,"Carnivora","Canidae",NA,"Canis",NA,NA,"Laurasiatheria",NA,NA,"Canis lupus familiaris",NA,NA,NA,NA
"forward_row_1",2739354291,"PP454637.1",3,277,297,"9615",2,"reverse_row_1",0,493,467,2,216,9615,"Canis lupus",NA,"Metazoa","Chordata","Craniata","Sarcopterygii","Mammalia",NA,"Carnivora","Canidae",NA,"Canis",NA,NA,"Laurasiatheria",NA,NA,"Canis lupus familiaris",NA,NA,NA,NA
"forward_row_1",2739354347,"PP454641.1",3,242,262,"9615",2,"reverse_row_1",0,458,432,2,216,9615,"Canis lupus",NA,"Metazoa","Chordata","Craniata","Sarcopterygii","Mammalia",NA,"Carnivora","Canidae",NA,"Canis",NA,NA,"Laurasiatheria",NA,NA,"Canis lupus familiaris",NA,NA,NA,NA
"forward_row_1",2739354375,"PP454643.1",3,280,300,"9615",2,"reverse_row_1",0,496,470,2,216,9615,"Canis lupus",NA,"Metazoa","Chordata","Craniata","Sarcopterygii","Mammalia",NA,"Carnivora","Canidae",NA,"Canis",NA,NA,"Laurasiatheria",NA,NA,"Canis lupus familiaris",NA,NA,NA,NA
"forward_row_1",2739354417,"PP454646.1",3,285,305,"9615",2,"reverse_row_1",0,501,475,2,216,9615,"Canis lupus",NA,"Metazoa","Chordata","Craniata","Sarcopterygii","Mammalia",NA,"Carnivora","Canidae",NA,"Canis",NA,NA,"Laurasiatheria",NA,NA,"Canis lupus familiaris",NA,NA,NA,NA
"forward_row_1",2739354501,"PP454652.1",3,277,297,"9615",2,"reverse_row_1",0,493,467,2,216,9615,"Canis lupus",NA,"Metazoa","Chordata","Craniata","Sarcopterygii","Mammalia",NA,"Carnivora","Canidae",NA,"Canis",NA,NA,"Laurasiatheria",NA,NA,"Canis lupus familiaris",NA,NA,NA,NA
"forward_row_1",2739354529,"PP454654.1",3,279,299,"9615",2,"reverse_row_1",0,495,469,2,216,9615,"Canis lupus",NA,"Metazoa","Chordata","Craniata","Sarcopterygii","Mammalia",NA,"Carnivora","Canidae",NA,"Canis",NA,NA,"Laurasiatheria",NA,NA,"Canis lupus familiaris",NA,NA,NA,NA
"forward_row_1",2739354585,"PP454658.1",3,285,305,"9615",2,"reverse_row_1",0,501,475,2,216,9615,"Canis lupus",NA,"Metazoa","Chordata","Craniata","Sarcopterygii","Mammalia",NA,"Carnivora","Canidae",NA,"Canis",NA,NA,"Laurasiatheria",NA,NA,"Canis lupus familiaris",NA,NA,NA,NA
"forward_row_1",2739354641,"PP454662.1",3,273,293,"9615",2,"reverse_row_1",0,489,463,2,216,9615,"Canis lupus",NA,"Metazoa","Chordata","Craniata","Sarcopterygii","Mammalia",NA,"Carnivora","Canidae",NA,"Canis",NA,NA,"Laurasiatheria",NA,NA,"Canis lupus familiaris",NA,NA,NA,NA
"forward_row_1",2739354669,"PP454664.1",3,270,290,"9615",2,"reverse_row_1",0,486,460,2,216,9615,"Canis lupus",NA,"Metazoa","Chordata","Craniata","Sarcopterygii","Mammalia",NA,"Carnivora","Canidae",NA,"Canis",NA,NA,"Laurasiatheria",NA,NA,"Canis lupus familiaris",NA,NA,NA,NA
"forward_row_1",2739354697,"PP454666.1",3,294,314,"9615",2,"reverse_row_1",0,510,484,2,216,9615,"Canis lupus",NA,"Metazoa","Chordata","Craniata","Sarcopterygii","Mammalia",NA,"Carnivora","Canidae",NA,"Canis",NA,NA,"Laurasiatheria",NA,NA,"Canis lupus familiaris",NA,NA,NA,NA
"forward_row_1",2739354767,"PP454671.1",3,284,304,"9615",2,"reverse_row_1",0,500,474,2,216,9615,"Canis lupus",NA,"Metazoa","Chordata","Craniata","Sarcopterygii","Mammalia",NA,"Carnivora","Canidae",NA,"Canis",NA,NA,"Laurasiatheria",NA,NA,"Canis lupus familiaris",NA,NA,NA,NA
"forward_row_1",2739355075,"PP454693.1",3,275,295,"9615",2,"reverse_row_1",0,491,465,2,216,9615,"Canis lupus",NA,"Metazoa","Chordata","Craniata","Sarcopterygii","Mammalia",NA,"Carnivora","Canidae",NA,"Canis",NA,NA,"Laurasiatheria",NA,NA,"Canis lupus familiaris",NA,NA,NA,NA
"forward_row_1",2739355089,"PP454694.1",3,202,222,"9615",2,"reverse_row_1",0,418,392,2,216,9615,"Canis lupus",NA,"Metazoa","Chordata","Craniata","Sarcopterygii","Mammalia",NA,"Carnivora","Canidae",NA,"Canis",NA,NA,"Laurasiatheria",NA,NA,"Canis lupus familiaris",NA,NA,NA,NA
"forward_row_1",2739355105,"PP454695.1",3,255,275,"9615",2,"reverse_row_1",0,471,446,2,216,9615,"Canis lupus",NA,"Metazoa","Chordata","Craniata","Sarcopterygii","Mammalia",NA,"Carnivora","Canidae",NA,"Canis",NA,NA,"Laurasiatheria",NA,NA,"Canis lupus familiaris",NA,NA,NA,NA
"forward_row_1",2739355119,"PP454696.1",3,182,202,"9615",2,"reverse_row_1",0,398,372,2,216,9615,"Canis lupus",NA,"Metazoa","Chordata","Craniata","Sarcopterygii","Mammalia",NA,"Carnivora","Canidae",NA,"Canis",NA,NA,"Laurasiatheria",NA,NA,"Canis lupus familiaris",NA,NA,NA,NA
"forward_row_1",2739355133,"PP454697.1",3,187,207,"9615",2,"reverse_row_1",0,399,377,2,212,9615,"Canis lupus",NA,"Metazoa","Chordata","Craniata","Sarcopterygii","Mammalia",NA,"Carnivora","Canidae",NA,"Canis",NA,NA,"Laurasiatheria",NA,NA,"Canis lupus familiaris",NA,NA,NA,NA
"forward_row_1",2739355147,"PP454698.1",3,271,291,"9615",2,"reverse_row_1",0,487,461,2,216,9615,"Canis lupus",NA,"Metazoa","Chordata","Craniata","Sarcopterygii","Mammalia",NA,"Carnivora","Canidae",NA,"Canis",NA,NA,"Laurasiatheria",NA,NA,"Canis lupus familiaris",NA,NA,NA,NA
"forward_row_1",2739355161,"PP454699.1",3,275,295,"9615",2,"reverse_row_1",0,491,465,2,216,9615,"Canis lupus",NA,"Metazoa","Chordata","Craniata","Sarcopterygii","Mammalia",NA,"Carnivora","Canidae",NA,"Canis",NA,NA,"Laurasiatheria",NA,NA,"Canis lupus familiaris",NA,NA,NA,NA
"forward_row_1",2812965367,"PP554764.1",2,288,308,"9925",2,"reverse_row_1",0,503,477,2,215,9925,"Capra hircus",NA,"Metazoa","Chordata","Craniata","Sarcopterygii","Mammalia",NA,"Artiodactyla","Bovidae","Caprinae","Capra","Pecora",NA,"Laurasiatheria",NA,NA,NA,NA,NA,NA,NA
"forward_row_1",2812965549,"PP554777.1",2,279,299,"9925",2,"reverse_row_1",0,494,468,2,215,9925,"Capra hircus",NA,"Metazoa","Chordata","Craniata","Sarcopterygii","Mammalia",NA,"Artiodactyla","Bovidae","Caprinae","Capra","Pecora",NA,"Laurasiatheria",NA,NA,NA,NA,NA,NA,NA
"forward_row_1",2812965843,"PP554798.1",2,284,304,"9925",2,"reverse_row_1",0,499,473,2,215,9925,"Capra hircus",NA,"Metazoa","Chordata","Craniata","Sarcopterygii","Mammalia",NA,"Artiodactyla","Bovidae","Caprinae","Capra","Pecora",NA,"Laurasiatheria",NA,NA,NA,NA,NA,NA,NA
"forward_row_1",2812965984,"PP554808.1",2,293,313,"9925",2,"reverse_row_1",0,508,482,2,215,9925,"Capra hircus",NA,"Metazoa","Chordata","Craniata","Sarcopterygii","Mammalia",NA,"Artiodactyla","Bovidae","Caprinae","Capra","Pecora",NA,"Laurasiatheria",NA,NA,NA,NA,NA,NA,NA
"forward_row_1",2733868498,"PP812317.1",3,239,259,"9615",2,"reverse_row_1",0,455,434,2,216,9615,"Canis lupus",NA,"Metazoa","Chordata","Craniata","Sarcopterygii","Mammalia",NA,"Carnivora","Canidae",NA,"Canis",NA,NA,"Laurasiatheria",NA,NA,"Canis lupus familiaris",NA,NA,NA,NA
"forward_row_1",2733868539,"PP812320.1",3,263,283,"9615",2,"reverse_row_1",0,479,458,2,216,9615,"Canis lupus",NA,"Metazoa","Chordata","Craniata","Sarcopterygii","Mammalia",NA,"Carnivora","Canidae",NA,"Canis",NA,NA,"Laurasiatheria",NA,NA,"Canis lupus familiaris",NA,NA,NA,NA
