Project Request,Scientific name,Point of Contact for Submission,Email,Common Name,Survey Type,sp_code,speciesOrNo
Trindidad Headline,OCTOPUS RUBESCENS,Eric Bjorkstedt,eric.bjorkstedt@noaa.gov,,Encountered,57080XXXLV,1
Trindidad Headline,"""STOCKY"" COPEPOD",Eric Bjorkstedt,eric.bjorkstedt@noaa.gov,,Encountered,611799999x,1
Trindidad Headline,SCOLECITHRICELLA SPP,Eric Bjorkstedt,eric.bjorkstedt@noaa.gov,,Encountered,6117XX97XX,1
Trindidad Headline,PARAEUCHAETA SP,Eric Bjorkstedt,eric.bjorkstedt@noaa.gov,,Encountered,6117XX98XX,1
Trindidad Headline,CALANUS MARSHALLAE,Eric Bjorkstedt,eric.bjorkstedt@noaa.gov,,Encountered,6118010204,1
Trindidad Headline,CALANUS PACIFICUS,Eric Bjorkstedt,eric.bjorkstedt@noaa.gov,,Encountered,6118010205,1
Trindidad Headline,NEOCALANUS CRISTATUS,Eric Bjorkstedt,eric.bjorkstedt@noaa.gov,,Encountered,6118010403,1
Trindidad Headline,NEOCALANUS PLUMCHRUS,Eric Bjorkstedt,eric.bjorkstedt@noaa.gov,,Encountered,6118010404,1
Trindidad Headline,MESOCALANUS TENUICORNIS,Eric Bjorkstedt,eric.bjorkstedt@noaa.gov,,Encountered,6118010901,1
Trindidad Headline,EUCALANUS CALIFORNICUS,Eric Bjorkstedt,eric.bjorkstedt@noaa.gov,,Encountered,6118030102,1
Trindidad Headline,EUCALANUS BUNGII,Eric Bjorkstedt,eric.bjorkstedt@noaa.gov,,Encountered,6118030102,1
Trindidad Headline,EUCALANUS HYALINUS,Eric Bjorkstedt,eric.bjorkstedt@noaa.gov,,Encountered,6118030108,1
Trindidad Headline,RHINCALANUS NASUTUS,Eric Bjorkstedt,eric.bjorkstedt@noaa.gov,,Encountered,6118030202,1
Trindidad Headline,PARACALANUS PARVUS,Eric Bjorkstedt,eric.bjorkstedt@noaa.gov,,Encountered,6118040101,1
Trindidad Headline,CALOCALANUS STYLIREMIS,Eric Bjorkstedt,eric.bjorkstedt@noaa.gov,,Encountered,6118040201,1
Trindidad Headline,CALOCALANUS PAVO,Eric Bjorkstedt,eric.bjorkstedt@noaa.gov,,Encountered,6118040202,1
Trindidad Headline,CALOCALANUS TENUIS,Eric Bjorkstedt,eric.bjorkstedt@noaa.gov,,Encountered,6118040402,1
Trindidad Headline,CALOCALANUS PAVONINUS,Eric Bjorkstedt,eric.bjorkstedt@noaa.gov,,Encountered,611804999x,1
Trindidad Headline,CLAUSOCALANUS ARCUICORNIS,Eric Bjorkstedt,eric.bjorkstedt@noaa.gov,,Encountered,6118050101,1
Trindidad Headline,CLAUSOCALANUS FURCATUS,Eric Bjorkstedt,eric.bjorkstedt@noaa.gov,,Encountered,6118050103,1
Trindidad Headline,CLAUSOCALANUS PERGENS,Eric Bjorkstedt,eric.bjorkstedt@noaa.gov,,Encountered,6118050104,1
Trindidad Headline,CLAUSOCALANUS PARAPERGENS,Eric Bjorkstedt,eric.bjorkstedt@noaa.gov,,Encountered,6118050105,1
Trindidad Headline,CLAUSOCALANUS LIVIDUS,Eric Bjorkstedt,eric.bjorkstedt@noaa.gov,,Encountered,6118050106,1
Trindidad Headline,CLAUSOCALANUS JOBEI,Eric Bjorkstedt,eric.bjorkstedt@noaa.gov,,Encountered,6118050107,1
Trindidad Headline,CLAUSOCALANUS MASTIGOPHORUS,Eric Bjorkstedt,eric.bjorkstedt@noaa.gov,,Encountered,6118050108,1
Trindidad Headline,CLAUSOCALANUS PAULULUS,Eric Bjorkstedt,eric.bjorkstedt@noaa.gov,,Encountered,6118050109,1
Trindidad Headline,CLAUSOCALANUS FARRANI,Eric Bjorkstedt,eric.bjorkstedt@noaa.gov,,Encountered,6118050199,1
Trindidad Headline,CTENOCALANUS VANUS,Eric Bjorkstedt,eric.bjorkstedt@noaa.gov,,Encountered,6118050201,1
Trindidad Headline,MICROCALANUS PUSILLUS,Eric Bjorkstedt,eric.bjorkstedt@noaa.gov,,Encountered,6118050401,1
Trindidad Headline,AETIDEUS ARMATUS,Eric Bjorkstedt,eric.bjorkstedt@noaa.gov,,Encountered,6118070201,1
Trindidad Headline,AETIDEUS PACIFICUS,Eric Bjorkstedt,eric.bjorkstedt@noaa.gov,,Encountered,6118070202,1
Trindidad Headline,AETIDEUS DIVERGENS,Eric Bjorkstedt,eric.bjorkstedt@noaa.gov,,Encountered,6118070203,1
Trindidad Headline,EUCHIRELLA ROSTRATA,Eric Bjorkstedt,eric.bjorkstedt@noaa.gov,,Encountered,6118070908,1
Trindidad Headline,EUCHAETA MEDIA,Eric Bjorkstedt,eric.bjorkstedt@noaa.gov,,Encountered,61180801xx,1
Trindidad Headline,SCOLECITHRICELLA MINOR,Eric Bjorkstedt,eric.bjorkstedt@noaa.gov,,Encountered,6118100504,1
Trindidad Headline,SCOLECITHRICELLA OVATA,Eric Bjorkstedt,eric.bjorkstedt@noaa.gov,,Encountered,6118100506,1
Trindidad Headline,PLEUROMAMMA BOREALIS,Eric Bjorkstedt,eric.bjorkstedt@noaa.gov,,Encountered,61181603xx,1
Trindidad Headline,CENTROPAGES ABDOMINALIS,Eric Bjorkstedt,eric.bjorkstedt@noaa.gov,,Encountered,6118170101,1
Trindidad Headline,CENTROPAGES BRADYI,Eric Bjorkstedt,eric.bjorkstedt@noaa.gov,,Encountered,6118170102,1
Trindidad Headline,HETERORHABDUS PAPILLIGER,Eric Bjorkstedt,eric.bjorkstedt@noaa.gov,,Encountered,6118220206,1
Trindidad Headline,HETEROSTYLITES LONGICORNIS,Eric Bjorkstedt,eric.bjorkstedt@noaa.gov,,Encountered,6118220301,1
Trindidad Headline,CANDACIA BIPINNATA,Eric Bjorkstedt,eric.bjorkstedt@noaa.gov,,Encountered,6118260101,1
Trindidad Headline,ACARTIA DANAE,Eric Bjorkstedt,eric.bjorkstedt@noaa.gov,,Encountered,6118290102,1
Trindidad Headline,ACARTIA LONGIREMIS,Eric Bjorkstedt,eric.bjorkstedt@noaa.gov,,Encountered,6118290103,1
Trindidad Headline,ACARTIA TONSA,Eric Bjorkstedt,eric.bjorkstedt@noaa.gov,,Encountered,6118290104,1
Trindidad Headline,ACARTIA HUDSONICA,Eric Bjorkstedt,eric.bjorkstedt@noaa.gov,,Encountered,6118290113,1
Trindidad Headline,ACARTIA NEGLIGENS,Eric Bjorkstedt,eric.bjorkstedt@noaa.gov,,Encountered,61182901XX,1
Trindidad Headline,TORTANUS DISCAUDATUS,Eric Bjorkstedt,eric.bjorkstedt@noaa.gov,,Encountered,6118300101,1
Trindidad Headline,SUBEUCALANUS SUBCRASSUS,Eric Bjorkstedt,eric.bjorkstedt@noaa.gov,,Encountered,6118999997,1
Trindidad Headline,TEMORA DISCAUDATA,Eric Bjorkstedt,eric.bjorkstedt@noaa.gov,,Encountered,6118999998,1
Trindidad Headline,CHIRUNDINA STREETSII,Eric Bjorkstedt,eric.bjorkstedt@noaa.gov,,Encountered,6118999999,1
Trindidad Headline,CLYTEMNESTRA ROSTRATA,Eric Bjorkstedt,eric.bjorkstedt@noaa.gov,,Encountered,6119120101,1
Trindidad Headline,BIG ONCAEA,Eric Bjorkstedt,eric.bjorkstedt@noaa.gov,,Encountered,6120010399,1
Trindidad Headline,CORYCAEUS ANGLICUS,Eric Bjorkstedt,eric.bjorkstedt@noaa.gov,,Encountered,6120040101,1
Trindidad Headline,OITHONA SIMILIS,Eric Bjorkstedt,eric.bjorkstedt@noaa.gov,,Encountered,6120090103,1
Trindidad Headline,OITHONA SPINIROSTRIS,Eric Bjorkstedt,eric.bjorkstedt@noaa.gov,,Encountered,6120090104,1
Trindidad Headline,EUPHAUSIA PACIFICA,Eric Bjorkstedt,eric.bjorkstedt@noaa.gov,,Encountered,6174020101,1
Trindidad Headline,EUPHAUSIA GIBBOIDES,Eric Bjorkstedt,eric.bjorkstedt@noaa.gov,,Encountered,6174020126,1
Trindidad Headline,NEMATOBRACHION FLEXIPES,Eric Bjorkstedt,eric.bjorkstedt@noaa.gov,,Encountered,6174020301,1
Trindidad Headline,NEMATOSCELIS DIFFICILIS,Eric Bjorkstedt,eric.bjorkstedt@noaa.gov,,Encountered,6174020401,1
Trindidad Headline,NYCTIPHANES SIMPLEX,Eric Bjorkstedt,eric.bjorkstedt@noaa.gov,,Encountered,6174020504,1
Trindidad Headline,TESSARABRACHION OCULATUM,Eric Bjorkstedt,eric.bjorkstedt@noaa.gov,,Encountered,6174020801,1
Trindidad Headline,THYSANOESSA GREGARIA,Eric Bjorkstedt,eric.bjorkstedt@noaa.gov,,Encountered,6174020901,1
Trindidad Headline,THYSANOESSA INSPINATA,Eric Bjorkstedt,eric.bjorkstedt@noaa.gov,,Encountered,6174020903,1
Trindidad Headline,THYSANOESSA LONGIPES,Eric Bjorkstedt,eric.bjorkstedt@noaa.gov,,Encountered,6174020905,1
Trindidad Headline,THYSANOESSA SPINIFERA,Eric Bjorkstedt,eric.bjorkstedt@noaa.gov,,Encountered,6174020907,1
Trindidad Headline,EUPHAUSIA RECURVA,Eric Bjorkstedt,eric.bjorkstedt@noaa.gov,,Encountered,6174020991,1
Trindidad Headline,SERGESTES SIMILIS,Eric Bjorkstedt,eric.bjorkstedt@noaa.gov,,Encountered,6177020301,1
Trindidad Headline,CRANGON FRANCISCORUM,Eric Bjorkstedt,eric.bjorkstedt@noaa.gov,,Encountered,6179220107,1
Trindidad Headline,NEOTRYPAEA CALIFORNIENSIS,Eric Bjorkstedt,eric.bjorkstedt@noaa.gov,,Encountered,6183040204,1
Trindidad Headline,EMERITA ANALOGA,Eric Bjorkstedt,eric.bjorkstedt@noaa.gov,,Encountered,6183140102,1
Trindidad Headline,CARCINUS MAENUS,Eric Bjorkstedt,eric.bjorkstedt@noaa.gov,,Encountered,61849988xx,1
Trindidad Headline,PACHEGRAPSUS CRASSIPES,Eric Bjorkstedt,eric.bjorkstedt@noaa.gov,,Encountered,6184999XXX,1
Trindidad Headline,OREGONIA GRACILIS,Eric Bjorkstedt,eric.bjorkstedt@noaa.gov,,Encountered,6187010101,1
Trindidad Headline,PUGETTIA PRODUCTA,Eric Bjorkstedt,eric.bjorkstedt@noaa.gov,,Encountered,6187010501,1
Trindidad Headline,PUGETTIA RICHII,Eric Bjorkstedt,eric.bjorkstedt@noaa.gov,,Encountered,6187990002,1
Trindidad Headline,CANCER PRODUCTUS,Eric Bjorkstedt,eric.bjorkstedt@noaa.gov,,Encountered,6188030101,1
Trindidad Headline,CANCER ANTENNARIUS,Eric Bjorkstedt,eric.bjorkstedt@noaa.gov,,Encountered,6188030102,1
Trindidad Headline,CANCER MAGISTER,Eric Bjorkstedt,eric.bjorkstedt@noaa.gov,,Encountered,6188030104,1
Trindidad Headline,CANCER GRACILIS,Eric Bjorkstedt,eric.bjorkstedt@noaa.gov,,Encountered,6188030105,1
Trindidad Headline,CANCER OREGONENSIS,Eric Bjorkstedt,eric.bjorkstedt@noaa.gov,,Encountered,6188030106,1
Trindidad Headline,CANCER ANTENNARIUS,Eric Bjorkstedt,eric.bjorkstedt@noaa.gov,,Encountered,6188030188,1
Trindidad Headline,CANCER GRACILIS,Eric Bjorkstedt,eric.bjorkstedt@noaa.gov,,Encountered,6188030188,1
Trindidad Headline,CANCER PRODUCTUS,Eric Bjorkstedt,eric.bjorkstedt@noaa.gov,,Encountered,6188030199,1
Trindidad Headline,CANCER OREGONENSIS,Eric Bjorkstedt,eric.bjorkstedt@noaa.gov,,Encountered,6188030199,1
Trindidad Headline,MECYNOCERA CLAUSI,Eric Bjorkstedt,eric.bjorkstedt@noaa.gov,,Encountered,618809999X,1
Trindidad Headline,HEMIGRAPSUS NUDUS,Eric Bjorkstedt,eric.bjorkstedt@noaa.gov,,Encountered,6189070101,1
Trindidad Headline,HEMIGRAPSUS OREGONENSIS,Eric Bjorkstedt,eric.bjorkstedt@noaa.gov,,Encountered,6189070102,1
Trindidad Headline,CHIROTEUTHIS SPP.,Eric Bjorkstedt,eric.bjorkstedt@noaa.gov,,Encountered,6424000XXL,1
Trindidad Headline,SQUID,Eric Bjorkstedt,eric.bjorkstedt@noaa.gov,,Encountered,6424111XXL,1
Trindidad Headline,ABRELIOPSIS FELIS,Eric Bjorkstedt,eric.bjorkstedt@noaa.gov,,Encountered,6424333XXL,1
Trindidad Headline,ONYCHOTEUTHIS BOREALIJAPONICA,Eric Bjorkstedt,eric.bjorkstedt@noaa.gov,,Encountered,6424444XXL,1
Trindidad Headline,DORYTEUTHIS OPALESCENCE,Eric Bjorkstedt,eric.bjorkstedt@noaa.gov,,Encountered,6424777XXL,1
Trindidad Headline,JAPETELLA DIAPHANA,Eric Bjorkstedt,eric.bjorkstedt@noaa.gov,,Encountered,6424899XXL,1
Trindidad Headline,LEACHIA DISLOCATA,Eric Bjorkstedt,eric.bjorkstedt@noaa.gov,,Encountered,6424998XXL,1
Trindidad Headline,ENTEROCTOPUS DOFLIENI,Eric Bjorkstedt,eric.bjorkstedt@noaa.gov,,Encountered,6424999XXL,1
Trindidad Headline,DOLIOLUM GEGENBAURI,Eric Bjorkstedt,eric.bjorkstedt@noaa.gov,,Encountered,8410010104,1
Trindidad Headline,TRACHURUS SYMMETRICUS,Eric Bjorkstedt,eric.bjorkstedt@noaa.gov,,Encountered,8554433221,1
Trindidad Headline,CLUPEA PALLASII,Eric Bjorkstedt,eric.bjorkstedt@noaa.gov,,Encountered,8747010201,1
Trindidad Headline,SARDINOPS SAGAX,Eric Bjorkstedt,eric.bjorkstedt@noaa.gov,,Encountered,8747010301,1
Trindidad Headline,ENGRAULIS MORDAX,Eric Bjorkstedt,eric.bjorkstedt@noaa.gov,,Encountered,8747020101,1
Trindidad Headline,HYPOMESUS PRETIOSUS,Eric Bjorkstedt,eric.bjorkstedt@noaa.gov,,Encountered,8755030101,1
Trindidad Headline,ARGENTINA SIALIS,Eric Bjorkstedt,eric.bjorkstedt@noaa.gov,,Encountered,8755039998,1
Trindidad Headline,MALLOTUS VILLOSUS,Eric Bjorkstedt,eric.bjorkstedt@noaa.gov,,Encountered,8755039999,1
Trindidad Headline,BATHYLAGUS WESETHI,Eric Bjorkstedt,eric.bjorkstedt@noaa.gov,,Encountered,875503999x,1
Trindidad Headline,BATHYLAGUS PACIFICUS,Eric Bjorkstedt,eric.bjorkstedt@noaa.gov,,Encountered,8756020105,1
Trindidad Headline,LEUROGLOSSUS STILBIUS,Eric Bjorkstedt,eric.bjorkstedt@noaa.gov,,Encountered,8756020301,1
Trindidad Headline,LEUROGLOSSUS SCHMIDTI,Eric Bjorkstedt,eric.bjorkstedt@noaa.gov,,Encountered,8756029997,1
Trindidad Headline,BATHYLAGUS MILLERI,Eric Bjorkstedt,eric.bjorkstedt@noaa.gov,,Encountered,8756029998,1
Trindidad Headline,BATHYLAGUS OCHOTENSIS,Eric Bjorkstedt,eric.bjorkstedt@noaa.gov,,Encountered,8756029999,1
Trindidad Headline,BATHYLAGUS BERICOIDES,Eric Bjorkstedt,eric.bjorkstedt@noaa.gov,,Encountered,8756029999,1
Trindidad Headline,BATHYLAGUS ALASCANUS,Eric Bjorkstedt,eric.bjorkstedt@noaa.gov,,Encountered,87560299XX,1
Trindidad Headline,BATHYAGONUS INFRASPINATUS,Eric Bjorkstedt,eric.bjorkstedt@noaa.gov,,Encountered,875602XX99,1
Trindidad Headline,DIAPHUS THETA,Eric Bjorkstedt,eric.bjorkstedt@noaa.gov,,Encountered,8762140201,1
Trindidad Headline,NANNOBRACHIUM REGALIS,Eric Bjorkstedt,eric.bjorkstedt@noaa.gov,,Encountered,8762140302,1
Trindidad Headline,NOTOSCOPELUS RESPLENDENS,Eric Bjorkstedt,eric.bjorkstedt@noaa.gov,,Encountered,8762140401,1
Trindidad Headline,STENOBRACHIUS LEUCOPSARUS,Eric Bjorkstedt,eric.bjorkstedt@noaa.gov,,Encountered,8762140501,1
Trindidad Headline,TARLETONBEANIA CRENULARIS,Eric Bjorkstedt,eric.bjorkstedt@noaa.gov,,Encountered,8762140701,1
Trindidad Headline,PROTOMYCTOPHUM CROCKERI,Eric Bjorkstedt,eric.bjorkstedt@noaa.gov,,Encountered,8762141001,1
Trindidad Headline,PROTOMYCTOPHUM THOMPSONI,Eric Bjorkstedt,eric.bjorkstedt@noaa.gov,,Encountered,8762141002,1
Trindidad Headline,LAMPADENA UROPHAOS,Eric Bjorkstedt,eric.bjorkstedt@noaa.gov,,Encountered,8762141299,1
Trindidad Headline,SYMBOLOPHORUS CALIFORNIENSIS,Eric Bjorkstedt,eric.bjorkstedt@noaa.gov,,Encountered,876214997X,1
Trindidad Headline,NANNOBRACHIUM NIGRUM,Eric Bjorkstedt,eric.bjorkstedt@noaa.gov,,Encountered,876214998x,1
Trindidad Headline,ELECTRONA RISSO,Eric Bjorkstedt,eric.bjorkstedt@noaa.gov,,Encountered,8762149994,1
Trindidad Headline,CERATOSCOPELUS TOWNSENDI,Eric Bjorkstedt,eric.bjorkstedt@noaa.gov,,Encountered,8762149998,1
Trindidad Headline,PARVILUX INGENS,Eric Bjorkstedt,eric.bjorkstedt@noaa.gov,,Encountered,8762149999,1
Trindidad Headline,DIOGENICHTHYS ATLANTICUS,Eric Bjorkstedt,eric.bjorkstedt@noaa.gov,,Encountered,8762149999,1
Trindidad Headline,HYGOPHUM PROXIMUM,Eric Bjorkstedt,eric.bjorkstedt@noaa.gov,,Encountered,876214999x,1
Trindidad Headline,MICROGADUS PROXIMUS,Eric Bjorkstedt,eric.bjorkstedt@noaa.gov,,Encountered,8791030601,1
Trindidad Headline,GADUS CHALCOGRAMMUS,Eric Bjorkstedt,eric.bjorkstedt@noaa.gov,,Encountered,879103999x,1
Trindidad Headline,GADUS MACROCEPHALUS,Eric Bjorkstedt,eric.bjorkstedt@noaa.gov,,Encountered,879103XX99,1
Trindidad Headline,MERLUCCIUS PRODUCTUS,Eric Bjorkstedt,eric.bjorkstedt@noaa.gov,,Encountered,8791040102,1
Trindidad Headline,BROSMOPHYCIS MARGINATA,Eric Bjorkstedt,eric.bjorkstedt@noaa.gov,,Encountered,8792010101,1
Trindidad Headline,ALBATROSSIA PECTORALIS,Eric Bjorkstedt,eric.bjorkstedt@noaa.gov,,Encountered,8794011801,1
Trindidad Headline,COLOLABIS SAIRA,Eric Bjorkstedt,eric.bjorkstedt@noaa.gov,,Encountered,8803030101,1
Trindidad Headline,TRACHIPTERUS ALTIVELIS,Eric Bjorkstedt,eric.bjorkstedt@noaa.gov,,Encountered,8815020101,1
Trindidad Headline,SYNGNATHUS LEPTORHYNCHUS,Eric Bjorkstedt,eric.bjorkstedt@noaa.gov,,Encountered,8820020118,1
Trindidad Headline,SYNGNATHUS CALIFORNIENSIS,Eric Bjorkstedt,eric.bjorkstedt@noaa.gov,,Encountered,8820020999,1
Trindidad Headline,SEBASTES AURORA,Eric Bjorkstedt,eric.bjorkstedt@noaa.gov,,Encountered,8826010104,1
Trindidad Headline,SEBASTES ELONGATUS,Eric Bjorkstedt,eric.bjorkstedt@noaa.gov,,Encountered,8826010112,1
Trindidad Headline,SEBASTES GOODEI,Eric Bjorkstedt,eric.bjorkstedt@noaa.gov,,Encountered,8826010117,1
Trindidad Headline,SEBASTES PAUCISPINIS,Eric Bjorkstedt,eric.bjorkstedt@noaa.gov,,Encountered,8826010127,1
Trindidad Headline,SEBASTES PINNIGER,Eric Bjorkstedt,eric.bjorkstedt@noaa.gov,,Encountered,8826010128,1
Trindidad Headline,SEBASTES DALLI,Eric Bjorkstedt,eric.bjorkstedt@noaa.gov,,Encountered,8826010145,1
Trindidad Headline,SEBASTES MELANOPS,Eric Bjorkstedt,eric.bjorkstedt@noaa.gov,,Encountered,8826010197,1
Trindidad Headline,SEBASTES SAXICOLA,Eric Bjorkstedt,eric.bjorkstedt@noaa.gov,,Encountered,8826010199,1
Trindidad Headline,SEBASTES JORDANI,Eric Bjorkstedt,eric.bjorkstedt@noaa.gov,,Encountered,8826010199,1
Trindidad Headline,SEBASTES ATROVIRENS,Eric Bjorkstedt,eric.bjorkstedt@noaa.gov,,Encountered,8826010199,1
Trindidad Headline,SEBASTES SERRANOIDES,Eric Bjorkstedt,eric.bjorkstedt@noaa.gov,,Encountered,8826010199,1
Trindidad Headline,SEBASTES MYSTINUS,Eric Bjorkstedt,eric.bjorkstedt@noaa.gov,,Encountered,8826010199,1
Trindidad Headline,SEBASTOLOBUS ALASCANUS,Eric Bjorkstedt,eric.bjorkstedt@noaa.gov,,Encountered,8826010299,1
Trindidad Headline,SEBASTOLOBUS ALTIVELIS,Eric Bjorkstedt,eric.bjorkstedt@noaa.gov,,Encountered,8826010299,1
Trindidad Headline,HEXAGRAMMOS DECAGRAMMUS,Eric Bjorkstedt,eric.bjorkstedt@noaa.gov,,Encountered,8827010101,1
Trindidad Headline,HEXAGRAMMOS LAGOCEPHALUS,Eric Bjorkstedt,eric.bjorkstedt@noaa.gov,,Encountered,8827010102,1
Trindidad Headline,OPHIODON ELONGATUS,Eric Bjorkstedt,eric.bjorkstedt@noaa.gov,,Encountered,8827010201,1
Trindidad Headline,OXYLEBIUS PICTUS,Eric Bjorkstedt,eric.bjorkstedt@noaa.gov,,Encountered,8827010301,1
Trindidad Headline,ZANIOLEPIS FRENATA,Eric Bjorkstedt,eric.bjorkstedt@noaa.gov,,Encountered,8827019999,1
Trindidad Headline,HEXAGRAMMOS STELLERI,Eric Bjorkstedt,eric.bjorkstedt@noaa.gov,,Encountered,882701999X,1
Trindidad Headline,ANOPLOPOMA FIMBRIA,Eric Bjorkstedt,eric.bjorkstedt@noaa.gov,,Encountered,8827020101,1
Trindidad Headline,ARTEDIUS FENESTRALIS,Eric Bjorkstedt,eric.bjorkstedt@noaa.gov,,Encountered,8831020401,1
Trindidad Headline,ARTEDIUS HARRINGTONI,Eric Bjorkstedt,eric.bjorkstedt@noaa.gov,,Encountered,8831020402,1
Trindidad Headline,ARTEDIUS LATERALIS,Eric Bjorkstedt,eric.bjorkstedt@noaa.gov,,Encountered,8831020403,1
Trindidad Headline,ARTEDIUS MEANYI,Eric Bjorkstedt,eric.bjorkstedt@noaa.gov,,Encountered,8831020499,1
Trindidad Headline,CLINOCOTTUS GLOBICEPS,Eric Bjorkstedt,eric.bjorkstedt@noaa.gov,,Encountered,8831020703,1
Trindidad Headline,ENOPHRYS BISON,Eric Bjorkstedt,eric.bjorkstedt@noaa.gov,,Encountered,8831021001,1
Trindidad Headline,HEMILEPIDOTUS HEMILEPIDOTUS,Eric Bjorkstedt,eric.bjorkstedt@noaa.gov,,Encountered,8831021402,1
Trindidad Headline,LEPTOCOTTUS ARMATUS,Eric Bjorkstedt,eric.bjorkstedt@noaa.gov,,Encountered,8831021801,1
Trindidad Headline,MYOXOCEPHALUS POLYACANTHOCEPHALUS,Eric Bjorkstedt,eric.bjorkstedt@noaa.gov,,Encountered,8831022204,1
Trindidad Headline,RADULINUS ASPRELLUS,Eric Bjorkstedt,eric.bjorkstedt@noaa.gov,,Encountered,8831022901,1
Trindidad Headline,SCORPAENICHTHYS MARMORATUS,Eric Bjorkstedt,eric.bjorkstedt@noaa.gov,,Encountered,8831023101,1
Trindidad Headline,COTTIDAE LEPTOCOTTUS,Eric Bjorkstedt,eric.bjorkstedt@noaa.gov,,Encountered,883102998x,1
Trindidad Headline,HEMILEPIDOTUS SPINOSUS,Eric Bjorkstedt,eric.bjorkstedt@noaa.gov,,Encountered,8831029999,1
Trindidad Headline,COTTIDAE ARTEDIUS,Eric Bjorkstedt,eric.bjorkstedt@noaa.gov,,Encountered,883102999X,1
Trindidad Headline,CHITONOTUS PUGENTENSIS,Eric Bjorkstedt,eric.bjorkstedt@noaa.gov,,Encountered,883102999X,1
Trindidad Headline,RHAMPHCOTTUS RICHARDSONII,Eric Bjorkstedt,eric.bjorkstedt@noaa.gov,,Encountered,883102999x,1
Trindidad Headline,HEMILEPIDOTUS JORDANI,Eric Bjorkstedt,eric.bjorkstedt@noaa.gov,,Encountered,883102XX99,1
Trindidad Headline,ARTEDIUS CREASERI,Eric Bjorkstedt,eric.bjorkstedt@noaa.gov,,Encountered,883102xxx4,1
Trindidad Headline,RUSCARIUS MEANYI,Eric Bjorkstedt,eric.bjorkstedt@noaa.gov,,Encountered,8831070502,1
Trindidad Headline,ODONTOPYXIS TRISPINOSA,Eric Bjorkstedt,eric.bjorkstedt@noaa.gov,,Encountered,8831081001,1
Trindidad Headline,STELLERINA XYOSTERNA,Eric Bjorkstedt,eric.bjorkstedt@noaa.gov,,Encountered,8831081501,1
Trindidad Headline,PALLASINA BARBATA,Eric Bjorkstedt,eric.bjorkstedt@noaa.gov,,Encountered,8831089998,1
Trindidad Headline,LEPTAGONUS LEPTORHYNCHUS,Eric Bjorkstedt,eric.bjorkstedt@noaa.gov,,Encountered,8831089999,1
Trindidad Headline,BATHYAGONUS NIGRIPINNIS,Eric Bjorkstedt,eric.bjorkstedt@noaa.gov,,Encountered,883108XX99,1
Trindidad Headline,BATHYAGONUS PENTACANTHUS,Eric Bjorkstedt,eric.bjorkstedt@noaa.gov,,Encountered,883108XXX9,1
Trindidad Headline,LIPARIS FUCENSIS,Eric Bjorkstedt,eric.bjorkstedt@noaa.gov,,Encountered,8831090811,1
Trindidad Headline,LIPARIS GIBBUS,Eric Bjorkstedt,eric.bjorkstedt@noaa.gov,,Encountered,8831090812,1
Trindidad Headline,LIPARIS MUCOSUS,Eric Bjorkstedt,eric.bjorkstedt@noaa.gov,,Encountered,8831090820,1
Trindidad Headline,LIPARIS PULCHELLUS,Eric Bjorkstedt,eric.bjorkstedt@noaa.gov,,Encountered,8831090822,1
Trindidad Headline,GENYONEMUS LINEATUS,Eric Bjorkstedt,eric.bjorkstedt@noaa.gov,,Encountered,8835440201,1
Trindidad Headline,RONQUILUS JORDANI,Eric Bjorkstedt,eric.bjorkstedt@noaa.gov,,Encountered,8840030201,1
Trindidad Headline,ANOPLARCHUS PURPURESCENS,Eric Bjorkstedt,eric.bjorkstedt@noaa.gov,,Encountered,8842120402,1
Trindidad Headline,ANOPLARCHUS INSIGNIS,Eric Bjorkstedt,eric.bjorkstedt@noaa.gov,,Encountered,8842129999,1
Trindidad Headline,BRYOZOICHTHYS LYSIMUS,Eric Bjorkstedt,eric.bjorkstedt@noaa.gov,,Encountered,884212xx88,1
Trindidad Headline,CHIROLOPHIS NUGATOR,Eric Bjorkstedt,eric.bjorkstedt@noaa.gov,,Encountered,884212xx99,1
Trindidad Headline,POROCLINUS ROTHROCKI,Eric Bjorkstedt,eric.bjorkstedt@noaa.gov,,Encountered,884212xxx9,1
Trindidad Headline,AMMODYTES HEXAPTERUS,Eric Bjorkstedt,eric.bjorkstedt@noaa.gov,,Encountered,8845010101,1
Trindidad Headline,AMMODYTES PERSONATUS,Eric Bjorkstedt,eric.bjorkstedt@noaa.gov,,Encountered,8845019999,1
Trindidad Headline,RHINOGOBIOPS NICHOLSI,Eric Bjorkstedt,eric.bjorkstedt@noaa.gov,,Encountered,8847010201,1
Trindidad Headline,LEPIDOGOBIUS LEPIDUS,Eric Bjorkstedt,eric.bjorkstedt@noaa.gov,,Encountered,8847010301,1
Trindidad Headline,ICICHTHYS LOCKINGTONI,Eric Bjorkstedt,eric.bjorkstedt@noaa.gov,,Encountered,8851010101,1
Trindidad Headline,HIPPOGLOSSINA STOMATA,Eric Bjorkstedt,eric.bjorkstedt@noaa.gov,,Encountered,885599997F,1
Trindidad Headline,ATHERESTHES STOMIAS,Eric Bjorkstedt,eric.bjorkstedt@noaa.gov,,Encountered,8855999999,1
Trindidad Headline,CITHARICHTHYS SORDIDUS,Eric Bjorkstedt,eric.bjorkstedt@noaa.gov,,Encountered,8857030101,1
Trindidad Headline,CITHARICHTHYS STIGMAEUS,Eric Bjorkstedt,eric.bjorkstedt@noaa.gov,,Encountered,8857030102,1
Trindidad Headline,CITHARICHTHYS XANTHOSTIGMA,Eric Bjorkstedt,eric.bjorkstedt@noaa.gov,,Encountered,8857030188,1
Trindidad Headline,LYOPSETTA EXILIS,Eric Bjorkstedt,eric.bjorkstedt@noaa.gov,,Encountered,8857040403,1
Trindidad Headline,HIPPOGLOSSOIDES ELASSODON,Eric Bjorkstedt,eric.bjorkstedt@noaa.gov,,Encountered,8857040601,1
Trindidad Headline,MICROSTOMUS PACIFICUS,Eric Bjorkstedt,eric.bjorkstedt@noaa.gov,,Encountered,8857041201,1
Trindidad Headline,PLATICHTHYS STELLATUS,Eric Bjorkstedt,eric.bjorkstedt@noaa.gov,,Encountered,8857041401,1
Trindidad Headline,LEPIDOPSETTA BILINEATA,Eric Bjorkstedt,eric.bjorkstedt@noaa.gov,,Encountered,8857041510,1
Trindidad Headline,ISOPSETTA ISOLEPIS,Eric Bjorkstedt,eric.bjorkstedt@noaa.gov,,Encountered,8857041511,1
Trindidad Headline,PAROPHRYS VETULUS,Eric Bjorkstedt,eric.bjorkstedt@noaa.gov,,Encountered,8857041512,1
Trindidad Headline,PLEURONICHTHYS DECURRENS,Eric Bjorkstedt,eric.bjorkstedt@noaa.gov,,Encountered,8857041602,1
Trindidad Headline,PSETTICHTHYS MELANOSTICTUS,Eric Bjorkstedt,eric.bjorkstedt@noaa.gov,,Encountered,8857041701,1
Trindidad Headline,GLYPTOCEPHALUS ZACHIRUS,Eric Bjorkstedt,eric.bjorkstedt@noaa.gov,,Encountered,8857043501,1
Trindidad Headline,LEPIDOPSETTA POLYXYSTRA,Eric Bjorkstedt,eric.bjorkstedt@noaa.gov,,Encountered,8857049998,1
Trindidad Headline,LIMANDA ASPERA,Eric Bjorkstedt,eric.bjorkstedt@noaa.gov,,Encountered,8857049999,1
Trindidad Headline,PLEURONECTES QUADRITUBERCULATUS,Eric Bjorkstedt,eric.bjorkstedt@noaa.gov,,Encountered,8857049999,1
Trindidad Headline,TACTOSTOMA MACROPUS,Eric Bjorkstedt,eric.bjorkstedt@noaa.gov,,Encountered,8877766655,1
Trindidad Headline,CYCLOTHONE ACCLINIDENS,Eric Bjorkstedt,eric.bjorkstedt@noaa.gov,,Encountered,899888777X,1
Trindidad Headline,CYCLOTHONE PSEUDOPALLIDA,Eric Bjorkstedt,eric.bjorkstedt@noaa.gov,,Encountered,89988877XX,1
Trindidad Headline,SPECTRUNCULUS GRANDIS,Eric Bjorkstedt,eric.bjorkstedt@noaa.gov,,Encountered,8999665554,1
Trindidad Headline,POROMITRA CRASSICEPS,Eric Bjorkstedt,eric.bjorkstedt@noaa.gov,,Encountered,899988888X,1
Trindidad Headline,NANSENIA CANDIDA,Eric Bjorkstedt,eric.bjorkstedt@noaa.gov,,Encountered,8999988667,1
Trindidad Headline,CLEVLANDIA IOS,Eric Bjorkstedt,eric.bjorkstedt@noaa.gov,,Encountered,899998888X,1
Trindidad Headline,SCOMBRIDAE SP.,Eric Bjorkstedt,eric.bjorkstedt@noaa.gov,,Encountered,89999966XX,1
Trindidad Headline,DANOPHOS OCULATUS,Eric Bjorkstedt,eric.bjorkstedt@noaa.gov,,Encountered,8999997766,1
Trindidad Headline,MELAMPHAES PARVUS,Eric Bjorkstedt,eric.bjorkstedt@noaa.gov,,Encountered,8999998886,1
Trindidad Headline,MELAMPHAES LUGUBRIS,Eric Bjorkstedt,eric.bjorkstedt@noaa.gov,,Encountered,8999998887,1
Trindidad Headline,EOPSETTA JORDANI,Eric Bjorkstedt,eric.bjorkstedt@noaa.gov,,Encountered,8999999234,1
Trindidad Headline,CHAULIODUS MACOUNI,Eric Bjorkstedt,eric.bjorkstedt@noaa.gov,,Encountered,8999999643,1
Trindidad Headline,LESTIDIOPS RINGENS,Eric Bjorkstedt,eric.bjorkstedt@noaa.gov,,Encountered,8999999905,1
Trindidad Headline,BATHOPHILUS FLEMINGI,Eric Bjorkstedt,eric.bjorkstedt@noaa.gov,,Encountered,8999999925,1
Trindidad Headline,LOWEINA RARA,Eric Bjorkstedt,eric.bjorkstedt@noaa.gov,,Encountered,8999999975,1
Trindidad Headline,TETRAGONURUS CUVIERI,Eric Bjorkstedt,eric.bjorkstedt@noaa.gov,,Encountered,8999999985,1
Trindidad Headline,NANNOBRACHIUM RITTERI,Eric Bjorkstedt,eric.bjorkstedt@noaa.gov,,Encountered,8999999990,1
Trindidad Headline,UNIDENTIFIED FISH,Eric Bjorkstedt,eric.bjorkstedt@noaa.gov,,Encountered,8999999998,1
Trindidad Headline,EMBASSICHTHYS BATHYBIUS,Eric Bjorkstedt,eric.bjorkstedt@noaa.gov,,Encountered,8999999998,1
Trindidad Headline,MELAMPHAES SPP,Eric Bjorkstedt,eric.bjorkstedt@noaa.gov,,Encountered,8999999998,1
Trindidad Headline,CRYPTACANTHODES ALEUTENSIS,Eric Bjorkstedt,eric.bjorkstedt@noaa.gov,,Encountered,89999999XX,1
Trindidad Headline,HYPSAGONUS MOZINOI,Eric Bjorkstedt,eric.bjorkstedt@noaa.gov,,Encountered,8999999XXX,1
Trindidad Headline,SCOPELOBERYX ROBUSTUS,Eric Bjorkstedt,eric.bjorkstedt@noaa.gov,,Encountered,8999999x9x,1
Trindidad Headline,SCOMBER JAPONICUS,Eric Bjorkstedt,eric.bjorkstedt@noaa.gov,,Encountered,899999XXXX,1
Trindidad Headline,OPISTHOCENTRUS OCELLATUS,Eric Bjorkstedt,eric.bjorkstedt@noaa.gov,,Encountered,89999XXX98,1
Trindidad Headline,XENERETMUS LEIOPS,Eric Bjorkstedt,eric.bjorkstedt@noaa.gov,,Encountered,89999XXX99,1
Trindidad Headline,THALEICTHYS PACIFICUS,Eric Bjorkstedt,eric.bjorkstedt@noaa.gov,,Encountered,89999XXX99,1
Trindidad Headline,SYMPHURUS ATRICAUDUS,Eric Bjorkstedt,eric.bjorkstedt@noaa.gov,,Encountered,89999xxx99,1
Trindidad Headline,IDIACANTHUS FASCIOLA,Eric Bjorkstedt,eric.bjorkstedt@noaa.gov,,Encountered,89999xxx99,1
Trindidad Headline,SCYRA ACUTIFRONS,Eric Bjorkstedt,eric.bjorkstedt@noaa.gov,,Encountered,9990001Z1,1
Trindidad Headline,CHIONOECETES BAIRDI,Eric Bjorkstedt,eric.bjorkstedt@noaa.gov,,Encountered,9990003Z1,1
Trindidad Headline,MIMULUS FOLIATUS,Eric Bjorkstedt,eric.bjorkstedt@noaa.gov,,Encountered,9990005Z1,1
Trindidad Headline,RADIOLARIA,Eric Bjorkstedt,eric.bjorkstedt@noaa.gov,,Encountered,3465C,0
Trindidad Headline,PHIALIDIUM,Eric Bjorkstedt,eric.bjorkstedt@noaa.gov,,Encountered,370401048,0
Trindidad Headline,MUGGIAEA,Eric Bjorkstedt,eric.bjorkstedt@noaa.gov,,Encountered,371601048,0
Trindidad Headline,PLEUROBRACHIA,Eric Bjorkstedt,eric.bjorkstedt@noaa.gov,,Encountered,38020101C,0
Trindidad Headline,TOMOPTERIS,Eric Bjorkstedt,eric.bjorkstedt@noaa.gov,,Encountered,500120018,0
Trindidad Headline,POLYCHAETA,Eric Bjorkstedt,eric.bjorkstedt@noaa.gov,,Encountered,5001LV,0
Trindidad Headline,LIMACINA,Eric Bjorkstedt,eric.bjorkstedt@noaa.gov,,Encountered,51130101C,0
Trindidad Headline,PTEROPODA,Eric Bjorkstedt,eric.bjorkstedt@noaa.gov,,Encountered,5113C,0
Trindidad Headline,GASTROPODA,Eric Bjorkstedt,eric.bjorkstedt@noaa.gov,,Encountered,51VL,0
Trindidad Headline,BIVALVIA,Eric Bjorkstedt,eric.bjorkstedt@noaa.gov,,Encountered,55VL,0
Trindidad Headline,OCTOPUS,Eric Bjorkstedt,eric.bjorkstedt@noaa.gov,,Encountered,57080102C,0
Trindidad Headline,CLADOCERA,Eric Bjorkstedt,eric.bjorkstedt@noaa.gov,,Encountered,6108C,0
Trindidad Headline,EVADNE,Eric Bjorkstedt,eric.bjorkstedt@noaa.gov,,Encountered,610905018,0
Trindidad Headline,PODON,Eric Bjorkstedt,eric.bjorkstedt@noaa.gov,,Encountered,61090502C,0
Trindidad Headline,OSTRACODA,Eric Bjorkstedt,eric.bjorkstedt@noaa.gov,,Encountered,6110C,0
Trindidad Headline,COPEPODA,Eric Bjorkstedt,eric.bjorkstedt@noaa.gov,,Encountered,6117C,0
Trindidad Headline,TRICONIA,Eric Bjorkstedt,eric.bjorkstedt@noaa.gov,,Encountered,6117XXX99X,0
Trindidad Headline,CALANOIDA,Eric Bjorkstedt,eric.bjorkstedt@noaa.gov,,Encountered,6118!,0
Trindidad Headline,CALANUS,Eric Bjorkstedt,eric.bjorkstedt@noaa.gov,,Encountered,61180102E,0
Trindidad Headline,EUCALANUS,Eric Bjorkstedt,eric.bjorkstedt@noaa.gov,,Encountered,61180301#,0
Trindidad Headline,EUCALANUS NEW SPECIES,Eric Bjorkstedt,eric.bjorkstedt@noaa.gov,,Encountered,6118030199,0
Trindidad Headline,PARACALANUS NEW SPECIES,Eric Bjorkstedt,eric.bjorkstedt@noaa.gov,,Encountered,6118040199,0
Trindidad Headline,PARACALANUS,Eric Bjorkstedt,eric.bjorkstedt@noaa.gov,,Encountered,61180401XX,0
Trindidad Headline,CALOCALANUS,Eric Bjorkstedt,eric.bjorkstedt@noaa.gov,,Encountered,61180402O,0
Trindidad Headline,CLAUSOCALANUS,Eric Bjorkstedt,eric.bjorkstedt@noaa.gov,,Encountered,61180501N,0
Trindidad Headline,PSEUDOCALANUS,Eric Bjorkstedt,eric.bjorkstedt@noaa.gov,,Encountered,61180505@,0
Trindidad Headline,GAIDIUS,Eric Bjorkstedt,eric.bjorkstedt@noaa.gov,,Encountered,61180711%,0
Trindidad Headline,EUCHAETA,Eric Bjorkstedt,eric.bjorkstedt@noaa.gov,,Encountered,61180801@,0
Trindidad Headline,RACOVITZANUS,Eric Bjorkstedt,eric.bjorkstedt@noaa.gov,,Encountered,61181003%,0
Trindidad Headline,SCOLECITHRICELLA NEW SPECIES,Eric Bjorkstedt,eric.bjorkstedt@noaa.gov,,Encountered,6118100599,0
Trindidad Headline,METRIDIA,Eric Bjorkstedt,eric.bjorkstedt@noaa.gov,,Encountered,61181602!,0
Trindidad Headline,LUCICUTIA,Eric Bjorkstedt,eric.bjorkstedt@noaa.gov,,Encountered,61182101%,0
Trindidad Headline,HETERORHABDUS,Eric Bjorkstedt,eric.bjorkstedt@noaa.gov,,Encountered,61182202%,0
Trindidad Headline,ACARTIA,Eric Bjorkstedt,eric.bjorkstedt@noaa.gov,,Encountered,61182901%,0
Trindidad Headline,SCAPHOCALANUS,Eric Bjorkstedt,eric.bjorkstedt@noaa.gov,,Encountered,6118999996,0
Trindidad Headline,ACROCALANUS,Eric Bjorkstedt,eric.bjorkstedt@noaa.gov,,Encountered,611899999x,0
Trindidad Headline,MICROSETELLA,Eric Bjorkstedt,eric.bjorkstedt@noaa.gov,,Encountered,61190901C,0
Trindidad Headline,HARPACTICOIDA,Eric Bjorkstedt,eric.bjorkstedt@noaa.gov,,Encountered,6119CO,0
Trindidad Headline,ONCAEA,Eric Bjorkstedt,eric.bjorkstedt@noaa.gov,,Encountered,61200103C,0
Trindidad Headline,CORYCAEUS NEW SPECIES,Eric Bjorkstedt,eric.bjorkstedt@noaa.gov,,Encountered,6120049999,0
Trindidad Headline,SAPPHIRINA,Eric Bjorkstedt,eric.bjorkstedt@noaa.gov,,Encountered,61201001C,0
Trindidad Headline,CIRRIPEDIA,Eric Bjorkstedt,eric.bjorkstedt@noaa.gov,,Encountered,61302,0
Trindidad Headline,MYSIDACEA,Eric Bjorkstedt,eric.bjorkstedt@noaa.gov,,Encountered,6151C,0
Trindidad Headline,CUMACEA,Eric Bjorkstedt,eric.bjorkstedt@noaa.gov,,Encountered,6154C,0
Trindidad Headline,ISOPODA,Eric Bjorkstedt,eric.bjorkstedt@noaa.gov,,Encountered,61588,0
Trindidad Headline,AMPHIPODA,Eric Bjorkstedt,eric.bjorkstedt@noaa.gov,,Encountered,61688,0
Trindidad Headline,HYPERIIDAE,Eric Bjorkstedt,eric.bjorkstedt@noaa.gov,,Encountered,617001C,0
Trindidad Headline,PARAPHRONIMA,Eric Bjorkstedt,eric.bjorkstedt@noaa.gov,,Encountered,61702101C,0
Trindidad Headline,EUPHAUSIIDAE,Eric Bjorkstedt,eric.bjorkstedt@noaa.gov,,Encountered,617402CAL,0
Trindidad Headline,STYLOCHEIRON,Eric Bjorkstedt,eric.bjorkstedt@noaa.gov,,Encountered,61740xxxxx,0
Trindidad Headline,UPOGEBIA,Eric Bjorkstedt,eric.bjorkstedt@noaa.gov,,Encountered,617500999X,0
Trindidad Headline,DECAPODA,Eric Bjorkstedt,eric.bjorkstedt@noaa.gov,,Encountered,617500Z,0
Trindidad Headline,SHRIMP,Eric Bjorkstedt,eric.bjorkstedt@noaa.gov,,Encountered,6175C,0
Trindidad Headline,HIPPOLYTIDAE,Eric Bjorkstedt,eric.bjorkstedt@noaa.gov,,Encountered,617916C,0
Trindidad Headline,PANDALIDAE,Eric Bjorkstedt,eric.bjorkstedt@noaa.gov,,Encountered,617918C,0
Trindidad Headline,CRANGONIDAE,Eric Bjorkstedt,eric.bjorkstedt@noaa.gov,,Encountered,617922Z,0
Trindidad Headline,CRABS,Eric Bjorkstedt,eric.bjorkstedt@noaa.gov,,Encountered,6180Z,0
Trindidad Headline,PAGURIDAE,Eric Bjorkstedt,eric.bjorkstedt@noaa.gov,,Encountered,618306Z1,0
Trindidad Headline,LITHODIDAE,Eric Bjorkstedt,eric.bjorkstedt@noaa.gov,,Encountered,618308J,0
Trindidad Headline,GALATHEIDAE,Eric Bjorkstedt,eric.bjorkstedt@noaa.gov,,Encountered,618310C,0
Trindidad Headline,PACHYCHELES,Eric Bjorkstedt,eric.bjorkstedt@noaa.gov,,Encountered,61831202Z1,0
Trindidad Headline,PORCELLANIDAE,Eric Bjorkstedt,eric.bjorkstedt@noaa.gov,,Encountered,618312Z1,0
Trindidad Headline,BRACHYURA,Eric Bjorkstedt,eric.bjorkstedt@noaa.gov,,Encountered,6184C,0
Trindidad Headline,MAJIDAE,Eric Bjorkstedt,eric.bjorkstedt@noaa.gov,,Encountered,618701PLVL,0
Trindidad Headline,CANCER,Eric Bjorkstedt,eric.bjorkstedt@noaa.gov,,Encountered,61880301Z1,0
Trindidad Headline,LOPHOPANOPEUS,Eric Bjorkstedt,eric.bjorkstedt@noaa.gov,,Encountered,61890201Z1,0
Trindidad Headline,FABIA,Eric Bjorkstedt,eric.bjorkstedt@noaa.gov,,Encountered,61890603Z,0
Trindidad Headline,PINNOTHERIDAE,Eric Bjorkstedt,eric.bjorkstedt@noaa.gov,,Encountered,618906Z1,0
Trindidad Headline,GRAPSIDAE,Eric Bjorkstedt,eric.bjorkstedt@noaa.gov,,Encountered,618907PLVL,0
Trindidad Headline,OCTOPOTEUTHIDAE,Eric Bjorkstedt,eric.bjorkstedt@noaa.gov,,Encountered,642411999X,0
Trindidad Headline,SQUID,Eric Bjorkstedt,eric.bjorkstedt@noaa.gov,,Encountered,6424123XXL,0
Trindidad Headline,GONATIDAE,Eric Bjorkstedt,eric.bjorkstedt@noaa.gov,,Encountered,6424222XXL,0
Trindidad Headline,BRYOZOA,Eric Bjorkstedt,eric.bjorkstedt@noaa.gov,,Encountered,78LV,0
Trindidad Headline,SAGITTA,Eric Bjorkstedt,eric.bjorkstedt@noaa.gov,,Encountered,83080107C,0
Trindidad Headline,CHAETOGNATHA,Eric Bjorkstedt,eric.bjorkstedt@noaa.gov,,Encountered,83C,0
Trindidad Headline,DOLIOLIDA,Eric Bjorkstedt,eric.bjorkstedt@noaa.gov,,Encountered,8410C,0
Trindidad Headline,SALPIDAE,Eric Bjorkstedt,eric.bjorkstedt@noaa.gov,,Encountered,84118,0
Trindidad Headline,OIKOPLEURA,Eric Bjorkstedt,eric.bjorkstedt@noaa.gov,,Encountered,84130101C,0
Trindidad Headline,FRITILLARIA,Eric Bjorkstedt,eric.bjorkstedt@noaa.gov,,Encountered,84130201C,0
Trindidad Headline,22 DIVISION FISH EGG,Eric Bjorkstedt,eric.bjorkstedt@noaa.gov,,Encountered,870022E,0
Trindidad Headline,CLUPEIDAE,Eric Bjorkstedt,eric.bjorkstedt@noaa.gov,,Encountered,874701PFLX,0
Trindidad Headline,CLUPEIFORMES,Eric Bjorkstedt,eric.bjorkstedt@noaa.gov,,Encountered,8747999999,0
Trindidad Headline,OSMERIDAE,Eric Bjorkstedt,eric.bjorkstedt@noaa.gov,,Encountered,875503PFLX,0
Trindidad Headline,BATHYLAGIDAE,Eric Bjorkstedt,eric.bjorkstedt@noaa.gov,,Encountered,875602FLX,0
Trindidad Headline,LAMPADENA,Eric Bjorkstedt,eric.bjorkstedt@noaa.gov,,Encountered,87621412YL,0
Trindidad Headline,NANNOBRACHIUM,Eric Bjorkstedt,eric.bjorkstedt@noaa.gov,,Encountered,8762149999,0
Trindidad Headline,MYCTOPHIDAE,Eric Bjorkstedt,eric.bjorkstedt@noaa.gov,,Encountered,876214C,0
Trindidad Headline,GILLELUS,Eric Bjorkstedt,eric.bjorkstedt@noaa.gov,,Encountered,8777666555,0
Trindidad Headline,SEBASTES,Eric Bjorkstedt,eric.bjorkstedt@noaa.gov,,Encountered,88260101PF,0
Trindidad Headline,SEBASTOLOBUS,Eric Bjorkstedt,eric.bjorkstedt@noaa.gov,,Encountered,88260102PF,0
Trindidad Headline,ARTEDIUS,Eric Bjorkstedt,eric.bjorkstedt@noaa.gov,,Encountered,88310204FL,0
Trindidad Headline,COTTIDAE,Eric Bjorkstedt,eric.bjorkstedt@noaa.gov,,Encountered,883102PFLX,0
Trindidad Headline,AGONIDAE,Eric Bjorkstedt,eric.bjorkstedt@noaa.gov,,Encountered,883108PFLX,0
Trindidad Headline,LIPARIS,Eric Bjorkstedt,eric.bjorkstedt@noaa.gov,,Encountered,88310908PS,0
Trindidad Headline,BATHYMASTER,Eric Bjorkstedt,eric.bjorkstedt@noaa.gov,,Encountered,88400301FL,0
Trindidad Headline,STICHAEIDAE,Eric Bjorkstedt,eric.bjorkstedt@noaa.gov,,Encountered,884212PFLX,0
Trindidad Headline,PHOLIDAE,Eric Bjorkstedt,eric.bjorkstedt@noaa.gov,,Encountered,884213PFLX,0
Trindidad Headline,PARALICHTHYIDAE,Eric Bjorkstedt,eric.bjorkstedt@noaa.gov,,Encountered,88559999XP,0
Trindidad Headline,PLEURONECTIFORMES,Eric Bjorkstedt,eric.bjorkstedt@noaa.gov,,Encountered,8855YLK,0
Trindidad Headline,CITHARICHTHYS,Eric Bjorkstedt,eric.bjorkstedt@noaa.gov,,Encountered,88570301PF,0
Trindidad Headline,PLEURONECTIDAE,Eric Bjorkstedt,eric.bjorkstedt@noaa.gov,,Encountered,885704PFLX,0
Trindidad Headline,PETROLISTHES,Eric Bjorkstedt,eric.bjorkstedt@noaa.gov,,Encountered,8990004Z1,0
Trindidad Headline,STERNOPTYCHIDAE,Eric Bjorkstedt,eric.bjorkstedt@noaa.gov,,Encountered,8999888666,0
Trindidad Headline,STOMIIDAE,Eric Bjorkstedt,eric.bjorkstedt@noaa.gov,,Encountered,8999888777,0
Trindidad Headline,ZOARCIDAE,Eric Bjorkstedt,eric.bjorkstedt@noaa.gov,,Encountered,89999xxxxx,0
Trindidad Headline,SPINY HERMIT CRAB,Eric Bjorkstedt,eric.bjorkstedt@noaa.gov,,Encountered,9990006Z1,0
Trindidad Headline,PYROSOMA,Eric Bjorkstedt,eric.bjorkstedt@noaa.gov,,Encountered,999888666X,0
Trindidad Headline,BRACHIOPODA,Eric Bjorkstedt,eric.bjorkstedt@noaa.gov,,Encountered,9999XXXXXX,0